:1000000000900020B16C02007B7A02007B7A020033
:100010007B7A02007B7A02007B7A02007B7A020004
:100020007B7A02007B7A02007B7A0200737D0200F9
:100030007B7A02007B7A020001FA01004947020044
:100040007B7A02007B7A02007B7A02007B7A0200D4
:100050007B7A02007B7A02007B7A02007B7A0200C4
:100060007B7A02007B7A02007B7A02007B7A0200B4
:100070007B7A02007B7A02007B7A02007B7A0200A4
:0C0080007B7A02007B7A02007B7A02008F
:10009000F0B591B00791044606463036011D0125A2
:1000A000069250040D9408910995019607D408888A
:1000B00089780904401800260496039669E124F023
:1000C000A9F8039027F0CAF93078304C48216054E1
:1000D0002A4625464835014611408207D20F51185D
:1000E0004007C00F0F1820341421204627F048F88D
:1000F000277500266675A675E6750D9C244825496A
:100100000160254825490860254FB88D1F49C881E1
:1001100023F0A1F9B8862148868010200F901B4952
:100120000F464871EE70AE80608823F06BFC0328A8
:100130003DD122F063FE388100267E61A06B103035
:1001400024F0E6F824F0EEFC7881A16B088B134FC5
:10015000F883488B3884888B78842420085C800757
:10016000C00F388388680327002867D0827B121865
:10017000D37B0F221A40072A14D8C0467A4412793A
:10018000520097442B190F0F0F0F323900610020D6
:1001900040140840D6BE898E005555553C20094074
:1001A0000620094049200026F34A165422E0014661
:1001B0000496089D0746DDE008462430CA8BEF4BC5
:1001C0001A860A8C5A86498C9986007809990840C3
:1001D00098834920E84A115405260BE049200999E3
:1001E000E54A11540326374604E049200999E24ABA
:1001F00011540226089D23E000266E700999E970CB
:10020000817B0918497C890617D000210E460EF023
:10021000EDFA3520D84A105C0028089D10D060887F
:10022000032738401146213189780904490D884255
:1002300006D04C200999115402E08427089DCE4A2B
:100240000E964B26905D00280BD0104600233832C6
:100250008363C363137253819381A06B08300121C0
:1002600004E0A06B08300221002213460EF0ACF827
:10027000002100282DD00C96109102220E9E3146AE
:100280000B9211404A424A41431E581E8341134378
:100290000493012B21D1D64806800022B74E7281EB
:1002A000A36B2525585D03240440F482585D400863
:1002B00004263040CF4C2085585DC006C00F6085B5
:1002C00000290A960CD10020C94988810D9CAA4EAC
:1002D0001BE0832704910E464CE08327A64E33E0B3
:1002E000586825331B78D90707D1C3495A073340CB
:1002F000D41721405A00204001E0C049491C0D9C00
:100300009D4EBB4B27F0D0FAB9490E98C00703D1D8
:1003100000200882089D17E0A26B1068525D9307C9
:100320000AD4B54D0A9B13405207D1170D405A000D
:100330002B460840AE4902E0B04A531C0022089DFB
:100340000B82A23121F0EDFA0C98305C002810D01D
:10035000A06B083023F0A6FF002801D18421717121
:100360000B990172B16B884201D10020B0630F9EDE
:1003700000E0109E2888A978090440183902FF225D
:1003800012029043401828800F2F01D902210E43FA
:10039000099DFF210902014003200E9000028142C5
:1003A00061D1A8040590964B29020846B030079AFF
:1003B000024202915BD0104608400B90069D2846F1
:1003C00018400A906C4F8F48C06A04285BD310967F
:1003D00000200C9022F05CF880B2441D21460E985B
:1003E000814378690F911FF081F80646786986424B
:1003F00004D008201099014310917E61002E3AD05C
:10040000A108F0893518103528461CF0E7F90B983B
:100410000028594F16D04B20385C002812D068684D
:100420000F21090401400E98000481420AD1284698
:1004300022F07EFDC00602D535200C9939544D209E
:1004400009993954F0893118FA79CA740F9940180A
:10045000F0810420109E06430D9CA06B103023F009
:1004600057FF0A9DAFE7B00700D5D1E2D6E210965C
:10047000069E354611E085203F4F78716248099904
:1004800001600D9C109E1096B879002804D0E06B96
:100490005E49C9681FF07CFD069E05980640680607
:1004A0002946C50F0F4608460299084003D0324935
:1004B0004A2201238B54B30C10990D430799C907A5
:1004C00012D0059939400FD14A490988042920D111
:1004D0002A48406D28498A69801A60634020487123
:1004E000032000BF00BF4FE00798000401D4049927
:1004F00057E021484079102803D13E48008821F078
:100500002BFA26F061FC424A26F0EAFA002319464B
:1005100047E0BA0529D41093CB1F5A425A41164CD2
:100520004A23E35C5E1EB341002829D11A4327D138
:10053000022903D13520205C002825D10120049018
:100540004820205C002800D198E12E480521016058
:10055000A07900280D9C04D0E06B2C49C9681FF0DD
:1005600017FD22F035FC0023C1E7032017F01AFE27
:100570000149487108E0C046006100203C20094064
:10058000022017F00FFE60712248407926F01CFC13
:100590001F4A26F0A5FA032000BF00BF002319461A
:1005A0000D9CF803109307D5A06B10300E4623F076
:1005B000AFFE3146124807402646313600295CD04E
:1005C0000F95144A48200C901056002828D47578AE
:1005D000052D00D9002507210840801E052829D8AF
:1005E0007844007940008744191723211D27C0460D
:1005F00096200940062009400A8000000A80FFFF7B
:10060000FFFFFEFFA0110840301008409465002055
:10061000FF00FF0000610020E8070BD026250DE059
:1006200005460BE001200540263507E0E80701D02C
:10063000272503E0252501E06D0825352020105CE5
:10064000918920F0B5FE0A90E8B20B901AF022F8DA
:10065000002803D027F034F9002827D0089A26F084
:1006600093FEF04908404121490201431180000CEA
:10067000907002200F9D05430D9C1098002800D11A
:10068000BCE1FD482127C15D3F20084010901AF0D1
:1006900001F8002803D027F013F900281CD0089A8D
:1006A00026F072FEF34925F0B0FDA7E1099880031A
:1006B000079001212046069106F0BCFB21F0A0FE28
:1006C000079807422DD1B078002800D19CE0EB4874
:1006D00025F0D2FB04464BE02046099906F0AAFB20
:1006E00021F08EFE0D98806B81680020002953D088
:1006F0000B910C900F954C26DF4CA55D2020205CC3
:10070000A18920F055FE0146002D57D002984118CE
:10071000E0310A91DA48008D23F074F90020A055E9
:100720004DE00D9803991CF0ADF804460F2838D819
:100730004B20D14A105C00280AD03520105C0028DC
:1007400006D00C9826F0CCFC002801D17D20C443B3
:100750000D98C06BCA4FF9681CF0E0FDC64A907155
:100760004A2000211154387F800701D025F04AFF2C
:10077000089FE0B21028069B14D2C249002088834B
:100780006CB20B99402901D240202843BA4ABE4F8F
:10079000002C57D4054657E00A900D9CB64A0646F1
:1007A00003E1089F3888B978090440182102B14A4A
:1007B000104001433980000CB8705AE70A910F9D30
:1007C0000B98817B0A18D17B0F263140072913D162
:1007D000547C002529460EF009F8A009022800D112
:1007E000C6E02B46012800D1ACE000280F9DA24EA8
:1007F00000D0D3E04920D4E0089A26F0C5FD9D49F9
:1008000025F003FD9C4ACFE04B209B49085C002863
:10081000089F67D03520085C002863D00A9826F02E
:10082000F2FD601A80009721C9004018703025F051
:1008300023FB04460C98904A26F052FC002898D1DD
:100840008224AFE77F200540E8B27886107900283F
:1008500004D028068D4941408D4801604920105C34
:1008600000283AD0154623F095F9AA79B88D894920
:10087000002A0F9D3AD0803108463AE03520205CAE
:10088000002800D180E62120205C264621367178A0
:1008900009020818B178090440187F4901408029ED
:1008A00000D071E67D480721016022F091FA4C20CA
:1008B000215C0020002900D10AE2B1780904490D29
:1008C0000D9C6288042313400B436D490B85012165
:1008D000C9030D430146109B63E6D803401C0F9DDE
:1008E0001F4607E026F0BFFA044642E78007800E65
:1008F0004840069F26F06CF9FC48C78326F0B0F804
:10090000022000BF00BFFC4805210160002C14D468
:100910000B9825388740F24A0C99505CB8435054E4
:10092000B17800290D9C00D1A7E6002800D0A4E6EC
:10093000019800780C9950549FE60020E8490C9AE1
:10094000885499E63520E64E305C00280F9D00D192
:100950004BE149203354089A26F016FDE849084037
:10096000B90201431180000C90700220054319E088
:100970003520DB4B185C002800D14BE149200021D9
:100980001954089A26F000FDDD490840B90226F006
:10099000A1FB0F9D05430D9C1A4605E049203354E9
:1009A000352033540D9C32460C9EA06B08303832F3
:1009B000012133460DF008FD074633463246002F2D
:1009C0000CD0781E414241410E4207D10992411E8E
:1009D0008841012219465140014325D12846089BF0
:1009E00019889A7812048918C54A11408322120284
:1009F0000A431A80090C997002250543A80701D4FF
:100A00002E460BE0E06BBD49C9681FF0C1FA2E46C7
:100A100022F0DEF925F060FD24F05AFE304611B0D8
:100A2000F0BDC046FF00FF0007930B920C960F9598
:100A30009720C5000A984019703026F0E4FC601A2F
:100A400084004D20A64E305C002829D04836F0792D
:100A5000A3498989069120F0ABFC0A900C200699E5
:100A600020F0A6FC61190A9A89180C1800207071F0
:100A70009B4E16E0FF00FF0000610020881300007D
:100A8000946500209620094006200940D6BE898E34
:100A9000401408403181000080FF1F00A011084071
:100AA0000834204625F0E8F90A903520305C00280B
:100AB00012D02020305CB18920F07AFC4821715C92
:100AC0003246483212790FF0AFFA00280D9904D15E
:100AD0007D20C0430A9000E00D99099A8348028066
:100AE0007D4804254581896B25240A5D0E9B1A40AB
:100AF0007A4BC282085D400828401885085DC00610
:100B0000C00F58855020305C002802D0588D2843F3
:100B100058850C980028079B0CD0486825310A7826
:100B2000D1070CD1724953072A40DB1719401840EE
:100B3000520007E000206D4988810B9A07E06D495B
:100B4000491C0022694B26F0AFFE0B9A079B002B35
:100B50000DD00D98816B08680A5D91070ED4644929
:100B600015405207D217114010406A0009E00020DA
:100B70005E4908820D9C0F9D10990CE05D49491C4F
:100B800000220F9D594B19821946A23120F0C9FE4F
:100B90000D9C10990B9A0A9BD8B2102808D3089A7A
:100BA00026F0F2FB1902564B184026F093FA24E780
:100BB00000254E48858340314848418630790028D9
:100BC00004D0080648494140464801604920305C4D
:100BD000002857D022F0DEFFB2794048808D494985
:100BE000002A52D08031084652E049200121315478
:100BF0000B980068002868D00D9CA06B08300F4649
:100C00003246383202211E460DF0DEFB3A460746D8
:100C1000099BD4E64920012119540B980468002C43
:100C20000F9D52D0A07B0019C17B314007290CD108
:100C3000407C3F2809D80B99887B0818007C0B3032
:100C4000FC21014020460DF0D1FD0D98806B08304D
:100C5000234A3832022726460024394623460DF01F
:100C6000B3FB3A4623460746B07B3018007C1C494C
:100C7000483188710B9CA07B20180D9C007CC871AA
:100C8000099E9CE6D003401C02E08007800E48408D
:100C900025F09EFF25F0E4FE14480B99C183164809
:100CA00005210160A06B083023F0FCFA002801D177
:100CB0008421717102210172B16B884200D1B56348
:100CC0007F1EEFD110200F9D97E628460D9C86E6EB
:100CD000049B014664E4C0463C20094006200940CC
:100CE0000061002040140840D6BE898E962009403D
:100CF0000A8000000A80FFFF301008409465002041
:100D0000FF00FF0031810000F0B597B00F460646A6
:100D10004C1C0D782846214624F058FD002806D0AA
:100D200028463146224626F022FF17B0F0BD129425
:100D30000F972320C000301810902A2D34461395A9
:100D400000D95AE2DD20400020180D906720800075
:100D500020180C905720800020181190FF22104678
:100D6000063020180E902346F03320468C300B902E
:100D700020468A300A90264677362546763527461D
:100D8000673713984000C046784480884000874405
:100D90004B0185011901EB0134023402F8011C01F9
:100DA0009D01B2012502FB01CB00340234023F0158
:100DB00034020501C400E70139003900FE013402A4
:100DC000A00034023402340230003402340234020F
:100DD0003402340234022A002A002A003402340287
:100DE00034023402300020461299139A26F06DFF27
:100DF0009BE7139A82480079800700D5C9E01098D4
:100E0000427205E309941398142803D178790028D5
:100E100000D16AE10F9B5878997809020918D878AF
:100E20001A791202161858799A7912021218D8797A
:100E30001B7A1B021818139B152B00D0E1E189B215
:100E40001B2312931B290F4600D8129F2923DD0074
:100E50001B292B4600D33346FB24FB2F00D3274608
:100E6000684EFB29314600D8194689B2CB08292B98
:100E7000129B00D33B46A9420E4600D82E46614F36
:100E8000B942214600D819465E4B9E4200D35D4EC2
:100E900097B21B2F3A4600D8129A1B2F2B4600D32D
:100EA0000346FB2A00D32246FB2F564C204600D88F
:100EB000184683B2D80829280D9F00D31292AB425E
:100EC000184600D82846A34200D811E2FB2220464B
:100ED0000FE20C9B32460D9D0F984178807881423D
:100EE000264609D107200840129C207000D124E337
:100EF000491E014200D16EE318211E2430462246CD
:100F00001DF0D4FFB17900222046134617F03CFFB4
:100F1000A87840210143A97007E70E980078C00621
:100F200000D58BE1122071E23D4609940E9F387C7A
:100F3000012817D00F98811C4078109A10708D20CE
:100F400040003E46099F38180224224624F075FDD1
:100F500001464720800038183746224624F06DFDB0
:100F6000012030746879002800D1BEE0B87C0028E8
:100F700000D0DAE63C46787C002800D0D5E60C218B
:100F8000099806F0F7F9002800D148E20120A07482
:100F9000CBE6204612991DF09CFAC6E6119F0F98E9
:100FA00041788278204626F0A7FB2878012800D0D7
:100FB00046E1307801460F39022900D338E201209A
:100FC0007873B2E61298007890E0119F1E460C9D4F
:100FD0000E9B0D9A129800780E38082800D9A4E6C6
:100FE0004000C04678448088400087440E00CA0212
:100FF0000D000D00C6020D00D2020D00D802C04641
:101000009E670020904200008FE6032030758CE63A
:1010100012950E9D1396A07926F067FD002800D149
:1010200012E10F213A225FE113960F98811C40785C
:101030000B9D2870A81CFD4E02270F903A46B04722
:101040000146281D12903A46B0470146A81D0E9051
:101050003A46B0470146284608300D903A46B04718
:1010600001462878002827462C460A9D14D0129A5B
:101070001288531E9BB2082B00D3082383420BD344
:101080000F9B1B88934207D8062A05D32E46254678
:10109000EC4CA24200D240E3302027E0119D2046D4
:1010A00062300522129924F0C8FC01460B9F384695
:1010B0000C30022224F0C1FCB8892189401A80B288
:1010C000E149884200D8C5E028200FE02046129967
:1010D0001DF080FE7879002807D0092120461DF0F8
:1010E00081F8012800D020E699E13D20109908728E
:1010F0000120C87119E61546119A0994187D012836
:1011000000D012E61E46099F3846129914461DF07B
:1011100061FE02203075B9790E357A1900201AF077
:10112000A1FE22460E984078000702D4C748D08618
:101130005086C7484078800600D4F6E5908E1B287C
:101140000BD1108E1B2808D12920C000D18E8142DE
:1011500003D1518E814200D1E7E51421099849E07D
:10116000002011990872E0E50E980078C00778D148
:101170001A205873187B0D2101283AD1F4222046F9
:10118000ADE001209873D0E50120D873CDE50C9D2A
:101190000D9A0E9840780921084200D135E10F9B45
:1011A0005878997801400720084058701746D17840
:1011B0000140517000D1B3E1481E084200D1F4E172
:1011C000032900D905E22B460220020600D13DE2A8
:1011D000084200D03DE2C0B24008F6E70B98807BA1
:1011E00001287FD100203870787118800120187391
:1011F0000B21204619F0E4FA97E5109813994172F3
:1012000006E18BB21B2B0D9F14D3FB2B12D8B3B26C
:10121000DC08292C0ED38F4CA3420BD893B21B2B86
:1012200008D3FB2B06D82923DD0083B2AB4201D3C0
:10123000A3425ED914211E22099856E01321E8E04A
:10124000002024F037FA70E52878800700D503E104
:101250000F20DBE00121B9720020E08329702046D5
:10126000B3E1002038707871254620469C301390F9
:101270000120089318742046B430714C0826129946
:101280003246A04701462846BC300222A04701460C
:101290002C46A4342F46AC3738463246684B984724
:1012A00012903846314623F00DFC2E46A036042716
:1012B000304612993A46624B98473046394623F0F9
:1012C00001FC204626F030F8139826F028F80898FC
:1012D000007B0421012800D0DBE1F422284615F030
:1012E0006FFF22E514211E2220461DF0DFFD1CE5C4
:1012F000129A119B5987DE871A87988780B25A8E77
:10130000824200D302463878A9231B019A42144630
:1013100000D81C46042800D014460C9FFD88FC8091
:1013200004280DD109981BF0D3FB0246B888131A84
:10133000581E8341BA80119E718F0D9800780CE081
:10134000119AD28EB3B29A4200D31A460C9FBB8830
:10135000D31A5E1EB341BA80119E651B6C1EA54157
:10136000B78E89B28F4200D30F461D430C9C218853
:101370007E1A711E8E4127800D99097901231293DF
:101380001EF0A2F9874201D2208805E00D99087865
:101390000979A28826F021FC11993543E0820B8E51
:1013A000088F834200D303466088191A4A1E914170
:1013B0000C9A0D4353808342099E03D9107D8021EE
:1013C00001431175002D11D011980386D5884586EB
:1013D0001188818614469288C2861398142800D0FA
:1013E000A0E0B07900951DF025FA03E013981428C9
:1013F00000D09CE01521304605F0BCFF002800D04D
:1014000093E4E948007812990CE01620109948728C
:101410000721204605F0AEFF002800D085E4E24811
:1014200000780121890311F05FFB7EE43B5A020042
:10143000162800D079E40D9DA87801216AE5C04600
:101440003B5A0200810C0000FE7F000048080000AB
:101450009E670020904200002F4609940F9B587809
:1014600006909E78D8781979090208180D90587955
:101470009979090208180C90D879197A0902081884
:101480000890587A0790987A0590DC7A187B597BF7
:101490000902091814A80180997BDA7B12025118FD
:1014A0004180197C5A7C120251188180997CDA7C27
:1014B00012025118C180197D5A7D12025118018102
:1014C000997DDA7D120251184181052025F00EFF29
:1014D000002800D19CE030020699461820020599A8
:1014E0004218099C208914A9069292B2089B9FB2C7
:1014F0000097019007980290039204910596B1B26B
:101500000D9882B20C9886B220460F92334613F0A3
:1015100086FF002800D1C1E00D991E262F4679E0F4
:10152000387897E0217D08200843224600E0107DAE
:10153000202101431175FFF7F8FB107816282F467C
:101540001A4607D1B17914463A780020134617F0AD
:101550001BFC2246022090763878107601247C719C
:101560001188139139791546928823461EF0ACF8FC
:10157000139981421BD228881EE000203872FFF7A1
:10158000D4FB012038731878FD2101401970FFF752
:10159000CCFB287D122101432975FFF7C6FB90780B
:1015A000122101439170FFF7C0FB084653E0287EEB
:1015B0003979AA8826F011FB119AE882B87840217F
:1015C0000143B97014701821304626F098FBFFF7DC
:1015D000ACFB04203EE068700F9AD17812791202B9
:1015E000511899833289891A89B2704A914200D977
:1015F0006AE51C460121997604281A462F46ACD18B
:10160000304614461BF064FA2246A0807878A4E79E
:101610000D991A2638784007099D05D40F20109996
:10162000487207212846F5E60C460F212846324627
:101630001DF03CFCA979089880B20090A2B20C98E9
:1016400083B230461DF0D2F8FFF76FFB08461D4607
:1016500001E01D4678702E46C1B2042904D120460F
:101660001BF036FAB08078782546C0B223F070FDC2
:10167000307634883979B28826F0AFFA844201D2C4
:10168000308804E0307E3979B28826F0A6FAF082FC
:101690001721284614F096F9FFF747FB10960E978E
:1016A000119D059828820D9B6B820C9EAE82089836
:1016B000E8820799297606996983149F1599169AE5
:1016C000EF6129626A620B998B80CE8008810220CB
:1016D000087000204880A08EC11D0A9A1180618E7A
:1016E00049080F9A8A4226460AD11099814207D1A9
:1016F000F08E00090E99814202D110213046C9E7CF
:10170000129800780128139932D108780F282FD128
:10171000F121304619F054F834E02C4635464000AB
:101720002070580060805000A08020890001208136
:101730000222304624F081F930883989401A80B27B
:101740001A49884200D9BFE40D9800880E9909888B
:10175000491C129A12884A435100884221D901201B
:10176000139948740021F983119A107038462CE7B8
:10177000887A002802D008781A280DD1F121304645
:1017800014F020F9B079298A6A8AAB8AEC8A00942D
:1017900018F0B2FBFFF7C9FA0F20C873F3213046E7
:1017A00028E53B20A2E4C046DA690020FE7F000065
:1017B000F0B591B0002902D4002400F0FFFC0C46E3
:1017C000294F387816F056FE002801D100F0F3FCBE
:1017D00005460078A2280D955FD0B02801D000F012
:1017E000E7FC0EA800210180204E7068002808D177
:1017F00025F018FC26F0D0F87060002801D100F028
:10180000D2FC06943E461436002418223046214667
:101810000B9225F027F8287901210C91811E1629B9
:1018200001D900F0B9FC401C059007964900C0465C
:101830007944898849008F441B00AF04AF04AF048A
:10184000D400AF047100AF040C02AF044302AF0434
:101850007700AF044C01AF04D901AF04AF04AF046B
:10186000AE02AF047902C046F4730020F872002083
:1018700025F0D8FBB8826888314623F063F8002849
:1018800000D1F3E22889B98A884200D30846B88299
:1018900001200C90032000F06DFC687965282ED1A2
:1018A0000C370C97384626F003FA002819D0064664
:1018B0000089B17A37460C373A460FF037FC0546B7
:1018C000142801D0002D0CD10C98314624F094FB43
:1018D000142D03D1B17A384625F082F8304626F02F
:1018E00063F80C9826F054F800280D9D07D0F148B5
:1018F0000078F1490870F14900220A7001E0ED48D2
:101900000078FF2801D100F053FC294622F0B0FEF8
:10191000002801D000F04CFC00F04DFC00210EAA84
:1019200028460AF0E5FA1EE3688823F01BF80490C5
:10193000401E0B90B88A00242246A9898A4200D30F
:10194000B1E280B20B99814200DCACE2089225F052
:1019500042FA80B210A91DF0B9FC012700280C97AB
:1019600000D1A9E201460A946888099010AA128859
:10197000EB48436828790B9CA7B20026E94CA51CCC
:101980000095019602970390099806F02FFB002816
:1019900000D08DE2A06900280D9D079E09D16888BE
:1019A0000F210023E04A14F005FDA061002800D1BA
:1019B000E5E2A18A62885318049FBB4203D30B9AC5
:1019C000521A628092B24018D549496824F020FB2F
:1019D0006088A18A0818A082089A521C0A9CA41C3C
:1019E000ABE7688822F0BEFF25F013FA10AC009434
:1019F00017F05AF90546781F0A90F81FC94F0024BE
:101A000080B20990B81C0890A1B2002D00D11CE250
:101A10000A98884200DC18E20B910C940D9F78889C
:101A200010A90A88BE494B6839790024089E00969F
:101A30000194099E02960391294606F0D7FA0028E0
:101A40001CD13A8AB7484088824217D17869B44994
:101A5000496823F0D7F90028B24F10D0B8690028A0
:101A60000AD10D98408807210023AF4A14F0A2FC48
:101A7000B861002800D12BE36C8900E0A94F0D98D4
:101A8000418910A802880FAB284614F021FA0546B8
:101A9000002C13D0B8690C9A511C0B9BC454200A1B
:101AA0001446BA69A31C89B25054002D99B207D0CC
:101AB0000F98BA6950540FA8407804E00C9CA3E733
:101AC000BA69FF205054E11CBA69241D89B25054F0
:101AD0009AE7688822F046FF25F09BF910AC009445
:101AE00017F0E2F80146B81F0A9000258D48801CC7
:101AF000099008950C950D46002D00D1EFE10D9C45
:101B0000608810A90A88294616F0B4FF002800D082
:101B1000E7E10C9F60880B9010A90A8880494B6808
:101B200020790A9CA4B200262946099D00953546D5
:101B30000196029403900B980E4606F057FA00287F
:101B400000D0D0E1BCB2002C0FD07648C18A4088CA
:101B5000021D8A4200D0F3E100190A9988422F46FB
:101B600000DDEEE16F4FB86910E00D984088112755
:101B7000002339466C4A14F01DFC6A4A9061002823
:101B800000D178E25188091DD1821746B17A0C9BA9
:101B90005A1C0155F07AB9699C1C92B288540D9870
:101BA000418910A802880FAB304614F091F9054620
:101BB0000028A1B205D00F98BA6950540FA84078F8
:101BC00002E0BA69FF2050540C9BD91CBA6989B253
:101BD00050541C1DB869A1B24018514949687A880F
:101BE00024F016FA788800190C9085E70124287CE7
:101BF0000027022804D1687C012801D10327002492
:101C0000288910A91DF062FB002C00D128E10646AE
:101C1000002800D124E1307A80060CD510A8008875
:101C200024F0FCFD002800D122E20346688812223D
:101C3000314698470746002F079E00D038E2688853
:101C40002989EA686B896C7C002C00D11AE2522544
:101C500019E2288910A91DF039FB002800D10EE1F6
:101C6000064668880B21304A0FAB14F0A3FBB8611D
:101C7000002800D12CE1034668880C9010A90A883E
:101C80000FA908882C7900270799009101970290E5
:101C900003940C98314606F0A9F9002800D139E1E7
:101CA00006462048806912F099FC162E00D138E1D2
:101CB0003746E5E06679002065790020307A00201B
:101CC000288910A91DF002FB002800D1DCE006469F
:101CD00068880D21144A0FAB14F06CFBB861002822
:101CE00000D1F6E10346688810A90A8869890FAC1B
:101CF00024882D79079F009701AF32C7314606F03F
:101D000075F9002800D10FE107460648806912F0F6
:101D100065FC162F0D9D079E00D10DE12BE1C046FD
:101D2000F8720020F4730020FFFF0000688808901C
:101D300021F008FF0A90002800D1A8E0287A0128A5
:101D400000D0E9E1FC48857809942046C6B2AE424D
:101D500000D321E10A9A52680C237343D75A002F0B
:101D600000D11AE1002C0ED0BC4200D046E1D218BE
:101D700053888EB29E4200D040E19288099BD318CE
:101D80000993511805E0D1188A8849880992891861
:101D90003C46401CDAE768880124214622F0C6FB55
:101DA000002876D00C942E460836308810A91DF0F5
:101DB0008DFA002800D190E00746007A800600D511
:101DC00097E06F88384621F0BDFE002806D1DB4839
:101DD00021F0B8FE002800D1B0E00780D6498A780B
:101DE0000C2151430C3100231A460C32914200D190
:101DF000A4E04468E35A002B1346F6D1A0180C382F
:101E00000C2731463A4624F003F9079C2046314618
:101E10003A4624F0FDF86888AA89172100273B4636
:101E200014F0C8FAF549C861002800D188E1296991
:101E3000AA8924F0EDF86888214620F0E5FD002805
:101E4000264600D0CDE10746CCE1200425D0880805
:101E5000B8820D9D6888079E314620F039F980E0F0
:101E6000002C079E00D121E1012721E16888298902
:101E7000BA8A914200D311461BF0FEFD8CE1012786
:101E800028890EA908804CE00127079E73E0089876
:101E900047E1142068700E2720E10D9D28890EA9C6
:101EA00008800A2719E16888314620F0D9FD3AE117
:101EB00007460D9D079E0A9C24F08DFF0EA9088001
:101EC000CE488069002800D140E112F087FB3DE157
:101ED00028890EA90880112723E00C9F32E1089F72
:101EE0002FE0074601E00746354668890EA90880BD
:101EF00027E010A8008824F091FC002800D1BFE062
:101F000003466888122239469847002800D158E7CE
:101F1000074617E16888079920F0B8FD002800D02F
:101F2000162701200C9010E10D9D6888079E314610
:101F300020F080FD002818D10027CFE0092701E11B
:101F40002F460C980004079E11D0AC4DE98A0C98DE
:101F500080B21EF07DF8A8820D9D6888314620F081
:101F6000CFF8002801D10746B8E01627B6E0002FC9
:101F700000D10A270D9D28890EA90880AEE0A86827
:101F80000A9A8118805C4978090208180EA908800D
:101F900001200C901127DDE02846C0B201280998E5
:101FA00060D900042AD0099880B21AF039FE0028BE
:101FB00024D00B90B54200D335460C276F43002444
:101FC00025460A984668A74200D18AE03619B168CA
:101FD00000290AD0A8B20B9A1018B28824F018F879
:101FE000B0884519B06812F0F9FA002C04D000212D
:101FF0000C22304624F036FC0C34E2E700220123A8
:102000001746591E7E48807881420D9D079E00D359
:10201000DDE00A994C68A15A002900D1D7E083423B
:102020000B9806D0A0188089002801D0162000E067
:1020300018206F880C92A618B2680993B388758827
:1020400000950190384613F0FDFE099B07460028D5
:1020500004D0162F00D0B4E00020B0600C9A0C32EF
:102060005B1CCEE70A984668B268B3880D9D3FE0D6
:102070000E27079E1CE070890EA908800D9D2CE09C
:102080000E275FE02D7900240094019513F0DAFE0D
:10209000162819D0074600280D9D07D1687C002816
:1020A00000D1A1E001200C90274606E0002F09D0C6
:1020B00028890EA9088001200C90687C002845D052
:1020C000002743E00027F6E70C9427460D9DF4E730
:1020D0000D9D28890EA908801127079E01200C90CC
:1020E00034E00B9AB260099BB3800D9D688808901C
:1020F000318870881824009001949BB2089813F0DE
:10210000A1FE002808D00746162811D10020B06093
:102110000A981BF05DFF3FE00A981BF059FF079EED
:10212000688824F01DFC01210C91002826D133E0A1
:1021300030880EA9088049E0F8720020FFFF0000F7
:102140000C97112730880EA90880079E002F13D006
:10215000162F11D0687814280ED0287927490875D1
:102160000E98C8820F766888314623F01DFD00283E
:1021700002D00120059001E0162F0DD16888059945
:10218000CDB22946324613F0FDFA002803D030467E
:10219000294624F025FC0D9D28461DF0B9FD0C981C
:1021A0000028069C04D028460830297924F018FC21
:1021B000284622F047FE0120C0078443204611B084
:1021C000F0BD0C98205A0EA908800D9D079E0A9814
:1021D0001BF0FEFE01200C90162FDDD0002F9FD0AB
:1021E000B4E7162700207AE7688824F0C1FB0121B4
:1021F0000C91002800D157E71627A7E7F4730020B9
:10220000F8720020F0B591B00446807800251028BF
:1022100000D99CE34000C046784480884000874451
:102220001000960396039603960356003A00960311
:10223000960320015000E500FC0096036E01370173
:1022400070036078002800D081E324F0B5FE079089
:1022500024F0A8FF089021F011FC0BAC207002269E
:10226000102730463946079AB04B98470320394625
:10227000089AAE4FB847042001212246B84720787B
:102280003043032800D062E3012016F0D5FC02465B
:1022900006200146F9E0A0881DF03AFF25F038F944
:1022A000002800D053E3A24CA07B012800D05FE1BE
:1022B00022F0BEF80021A173606A627D24F0D2FA98
:1022C0005DE16078002800D140E10025FDE2607802
:1022D000FC2802D0002800D039E30126E178201D37
:1022E00062890892277B00250095314009AA2B4678
:1022F00024F07FFD00286DD109A8007822F07BFA38
:1023000004463E46083E701E86418948C07D8000D6
:1023100025F042FB0790002800D177E109A806903C
:1023200001788348C078801E42424241009208985A
:10233000059422463B4618F06FFB0BAC0027142295
:102340002046394624F08EFA069800780621069138
:10235000484324301021224623F08CFA002818D15B
:102360000BA8FF21102222F002FF002811D109A89A
:1023700001780698484325300BAC224610320421E0
:1023800023F078FA012105980140089822461AF0B6
:10239000D5FE09A800785321890040186449C97DF9
:1023A0008900079A23F066FA002800D16DE16048A1
:1023B000007E002807D10598800704D55D48017884
:1023C00008981CF05FF909A8007818F097FD0798A5
:1023D00025F0EAFA002E00D1B9E25548C07802286B
:1023E00000D0B4E2089825F043F9B0E2012524F0CA
:1023F000EFFA002800D1AAE24D48C06A002800D1B7
:10240000A1E00668002E00D19DE0E01C6189227BDE
:10241000637B24690094B04799E2A588277B28460E
:102420001DF0CAF8002800D190E2044624F0D0FA4A
:10243000002800D08AE2A01D6179002300930126C4
:1024400031400BAA24F0D5FC002800D1E2E0384846
:10245000C078002800D074E20521284622F0E1FD72
:1024600074E2201DE17800230093012529400BAA86
:1024700024F0BFFC002800D069E20BA801780620F8
:10248000484325300C340421224623F0F1FD5EE25E
:10249000274FF86A002806D04368002B03D0A08895
:1024A00000210A469847F978A088002953D01DF0EA
:1024B00083F8002800D14AE20646A07AC00715D06A
:1024C000B01D727900230093012111401A46089330
:1024D00024F08FFC002809D07079022806D3A08947
:1024E00053218900B431084200D1F0E0F87B022882
:1024F00036D1A07A000733D4A08803212DE060787C
:10250000062800D0B2E0A0881DF056F8002800D1BF
:10251000ACE00749897C491E032900D9A6E0C046E2
:102520007944097949008F440799949E71600200AB
:10253000D87100209F680020A388417900221846A6
:1025400011F010FE92E06089012106E0A079C00739
:102550001BD10025BEE10125052122F062FDF6E137
:102560000125A08808347179224611F0FBFDEEE1C7
:10257000E07C002839D011F009F90020E0745020E7
:1025800021F058FB1AF042FFE1E109A800250826D6
:102590002946324624F066F9A0881DF00DF800287F
:1025A0004CD007466069002815D006970790113077
:1025B00000210622089022F0DAFD002800D1A4E0D4
:1025C000002706220798394622F0D1FD002800D1C5
:1025D00083E06761069F78790121014009A8817134
:1025E000B91D062223F014FDB4E0607D002686426A
:1025F000C5D2616A895D012906D1F0B20AF01CFFDB
:10260000606A00218155607D761CF0E7042023F08C
:1026100051F89CE10BA8007822F0EDF8FF2800D1DA
:102620008FE10246780745D4002A43D10BA80178F0
:10263000A37C0096284618F0EFF987E122F012FB00
:10264000002800D196E0CE480078042110F04CFA22
:1026500090E0CD4800210A4602F052FEA0880521F4
:102660001BF072F902E0A0881EF03EFA0125C54871
:10267000C06A002800D16AE14368002B00D166E1FE
:10268000A08862780221984761E1079C204622F0E9
:10269000F9FABC48C07D874200D388E6218800292A
:1026A00005D0A278089822F0CBFCB648C07D7F1CEC
:1026B000241DF0E70C2007400C2F00D13CE1082F2F
:1026C00000D135E1042FB1D1D007AFD139E1A088D5
:1026D000032122F0A6FC089D39E105960798007CAD
:1026E0000121014007913E46761C0898067000972C
:1026F00007993A463B4624F07CFB002801D130067E
:10270000F2D13006059E00D163E76269002A069F78
:1027100020D00596107C0121014009A88171089202
:10272000164611360622314623F072FC78790128CC
:1027300005D138460C30B91D062223F069FCB81DBE
:102740000622314623F064FC0898007C02210143F4
:102750007971059EA1793879FD220240480802234B
:102760000340D018090702D4DF21084001E02021EE
:1027700008433871A0794107C90F09AAD3790640E7
:102780001E430E43D6716169002921D00BAE10277C
:1027900030463A4623F03CFC3046394622F092F966
:1027A0007A4800780D277A4E854211D23168C919CE
:1027B0000A460D3A1278FF2A07D00BA8102222F001
:1027C00021FB012805D0714800786D1C1E37EBE70E
:1027D000FF2509A881790026009610AA334624F027
:1027E00008FBFF2D1DD034281BD16648007D012831
:1027F00062D0002815D1664801681E226A438818F5
:10280000401C895C0025009510AA2B4624F0F1FAA3
:10281000002806D110A800780AF00EFE002800D18A
:1028200098E009A88179009610AA334624F0E1FACD
:10283000002804D01DF02CFC10A908701DE061696F
:1028400010A80078002918D0062343432333102111
:102850000BAA184623F00EF800280CD10BA8FF2174
:10286000102222F084FC002805D109A98A790120D0
:10287000104022F0B9FD10A800784249497D8842F5
:1028800018D2A26825460C352ACD0F690095019112
:102890000297039609A909F0D9FD0546A08814F00E
:1028A00083FF002D38D010A800780AF0C5FD1AF07B
:1028B000ADFD06E0152504E0A08805211BF044F8D5
:1028C0000125A0881DF024FC60780B2802D1A08887
:1028D0001EF00AF92B4EF06A002812D04368002B34
:1028E0000FD0A0886278012198476078002808D12D
:1028F000A079C00705D0F06A4368A08803212A4662
:102900009847012522F0AEF9002820D01C48007815
:10291000042110F0E9F81AE01A48817DA088002906
:1029200002D01DF0F5FB01E01CF034F93546CBE791
:102930000920024205D079E6D00702D0100700D561
:1029400074E661790022284611F00CFC0125284626
:1029500011B0F0BD1AF05AFD1DF09AFB10A90870D5
:10296000A1680891E1682369626900292F4600D0B7
:102970000F69009201910297039509A9089A8AE7C5
:102980009F680020D871002009040000056A00201B
:10299000B4690020F0B595B00F46097806260029E5
:1029A00002D17C78012C02D1304615B0F0BD0692E0
:1029B000BD781D2D01D01B2D1CD132490978FF296E
:1029C000F2D000261D2D079070D121F07FF800284D
:1029D0006CD00546827A002A67D050B200260028C3
:1029E000E2D41D21079822F06DF9A87A80210143D5
:1029F000A972D9E7079021F069F80024002800D1D6
:102A0000BCE2012D06D10546B868B98809AA22F0B2
:102A1000F9FA0BE0817804268D42C5D14368002B7A
:102A2000C2D00546B868B98809AA98470646002862
:102A3000BAD12E46A878401FC1B2C2014908511828
:102A4000C9B2092900D9A3E001252A468A405723A3
:102A50001A4200D196E0BF78E8410928059500D9CF
:102A60005EE2059D4000C04678448088400087446F
:102A70000B001A0198005702390157025101570201
:102A80005702E1001C790020052F00D026E124F038
:102A900069FC09A98A780A980988012A00D0EAE124
:102AA00089004018011FC01EEBE12E460596BA684A
:102AB000BB8809A8009000252846214620F0C2FDC9
:102AC00006460028079A00D06EE70FA8FF21017084
:102AD00008A80570F54E706800280AD00368002B1E
:102AE00007D008A914460FAA204698472246002876
:102AF0001CD03078BB7809A90091002411462246E9
:102B000019F014FF0646002800D04DE70A98002867
:102B100001D0069804700599002900D12EE2B878FA
:102B20001D2800D02AE21D20887227E20FA8017814
:102B300008A80278204617F0E3FA22460028D8D0E9
:102B40000A98002802D001200699087005990029EA
:102B500008D0B8781D2805D11D20887210461FF0B6
:102B6000E5FE2246706800280AD04468002C07D091
:102B70001046164623F01CFA012801D13046A04722
:102B80002E4611E7092903D13169002900D062E7F7
:102B90003546707AC6490978884200D0DEE00026C2
:102BA000F1E0092F00D000E109A801884A1E408801
:102BB00042432423F55C6D1CF5540A9B92B29D1888
:102BC0009A5C6B781B029A180292327B012A00D021
:102BD0004FE10197414309AA0027178089B2039169
:102BE0000496354613353946CEB203998E4200D34A
:102BF0003DE10499897C0A9A9219521D401F83B2C3
:102C000028461AF0BBFD002810D0B8B2864206D084
:102C10000A990818891909AA528823F0F9F909A90B
:102C20004888C719099A521C0A8001E009A84088FF
:102C30003118D9E7307B012800D0C2E0172F00D02F
:102C4000E7E03069717D0C256943425A09AB1B8866
:102C50009A4200D0DDE04018418809AA528891428A
:102C600000D0D6E0828809A989888A4200D0D0E0C5
:102C700080680B9922F0C6F8002800D1C9E00197BE
:102C8000707D411CC8B271753746317D884200D3D2
:102C90007EE1396945434E193888495B7288B388AB
:102CA000B5680095AAE0072F18D124F05BFB0A98BD
:102CB00009A9098889004018011F0978C01E0078F9
:102CC00000024018F189884200D31AE131460C31E4
:102CD000401CB081308819F0DAFBE0E009A80079E7
:102CE0000A28A4E00D2F00D09EE024F03BFB09A8A9
:102CF0000588308821F036FE401EA84200DD00E144
:102D000031460C310998F2891018F081308822F090
:102D100093FFC4E0112F00D092E00998401E09A94A
:102D2000498841432420325C521C32540A9889B2AB
:102D300040188178C07800024018002599498842DF
:102D400000D1F3E0411CB181F189814200D8EDE06E
:102D500031460C31308821F007F9A0E0BB7809A991
:102D6000009100240799224619F0E0FD064600284C
:102D700009D1B97809A81CF0DBFB0028264602D04F
:102D80000026069806702946A8780328079808D1D7
:102D9000898909AA1288914200D311461AF06CFE63
:102DA0002946084614F0EFFEFEE509A8007906283A
:102DB00001D00A287ED12420305C00283ED1012099
:102DC0007BE0172F25D1308821F0CCFD401FB18B3F
:102DD0000A18B283718A511A8BB2B18A8B4200D31E
:102DE00091E00197CD1A854200DB05463088318A93
:102DF0003746B669F3180093ABB292B21AF009F8ED
:102E0000002800D1BCE00FA8002101703E46019FC0
:102E100002E00FA80021017030880FA922F0D0FE37
:102E2000012F17D101201EE009A800790728059D70
:102E300076D12420305C0028059D71D0002556E015
:102E400009A800790A28059D6AD12420305C4542F2
:102E500045414CE0307A514918F03AFD1920B070E4
:102E60004F48706016200125012859D084E0049E47
:102E7000019F029925E012224A4380180146123927
:102E800011380978007800024018F189884238D258
:102E900031460C31401CB081308822F09DFE307AE2
:102EA0003E4918F015FD162540E0C0461C7900206B
:102EB000EB6900202420305C401C2421705409A8B8
:102EC0004188481E00250A46374988420FD8308A73
:102ED00082420CD2521CF281317B012916D10FA9FA
:102EE0000A804880314888802820887110E0012FAE
:102EF00016D1002D14D109A800790A2801D1012585
:102F00002DE0002512E00FA8012184E731460E31A3
:102F1000308821F03BF8307A204918F0D9FC16258A
:102F200009A8092F02D10088002813D0707A09A9B6
:102F30000091002207993B4619F0F8FC002802D0C6
:102F40000120059006E009A839461CF0F1FA41423B
:102F500041410591162D0ED0002D059D07D1707AA7
:102F6000B378002100911A22079919F0DFFC30464E
:102F700014F009FE00E0059D06980570264613E54D
:102F80003E46387A054918F0A3FC1620019F6AE7EF
:102F90003E46B87D0FA9087039E7C046307500007D
:102FA000E9740200FFFF0000FDFF000002030000C3
:102FB000F0B593B0002800D12BE204461B2000019D
:102FC00020180D905B20800020180E90FF200146F5
:102FD000663163182321C90061180A910146063140
:102FE00061180B912146F0310F91214684311091E7
:102FF00026467736214676311191214667310C916C
:103000000E3020180490581C03902046E0300790A2
:103010002046A43006902046D03005902046B4309B
:1030200009902046BC3008901F4F1293B07A0025BB
:10303000002800D155E2317808462D380D2800D8F7
:10304000ECE1881E282846D84000C0467844808895
:1030500040008744F00149002B00E000B300FC0071
:1030600049008000490003012F017B009B001001F3
:10307000720041015B014900620049004E008E0070
:103080004900490049004900EC0149004900490054
:10309000490049004900E801E801E8014900490008
:1030A00049004900EC01C0461067002024F0C0FB35
:1030B00000D0ECE1F87A002800D1C4E100200C999E
:1030C0004871F12124F092FCA0790999089A1BF02B
:1030D000D5FB129BAAE7F22900D11DE1F12900D10D
:1030E000FFE1F32900D1E4E1002022F0E3FA129B92
:1030F0009CE724F09DFB00D0ADE10D9A107B4106CA
:1031000040D4C10700D079E1810700D400E2BC219E
:1031100008401073A1791A2076E124F089FB00D0D1
:103120009BE10D9A1078810600D523E1810700D438
:1031300089E1DD21084010702EE124F079FB00D0F8
:10314000A9E11879012800D19DE038E124F070FB55
:1031500000D1C5E085E124F06BFB00D099E1F87A5D
:10316000002800D16FE1608CE08302200F99087580
:1031700029E124F05DFB00D08FE10D9A107B410620
:1031800000D460E1BF21084010731CE124F050FB23
:1031900000D06AE1F87A002800D014E10F9F387D52
:1031A000032800D0AAE1A1791A20049A18F05AFE47
:1031B00000203875204617F031FF45E024F038FB39
:1031C00000D062E1F87A002800D13CE1608CE08315
:1031D000204617F023FF01250C9F3D70204619F073
:1031E0006AFE7D710F9D297B0B980278102010409C
:1031F000012900D0ECE0002808D0002012990870C6
:1032000048780A99896C490818F062FBA079002176
:103210001EF08EFCEBE024F00BFB00D083E0F87A8C
:1032200000280F9F09D0012110988175A0790A46C6
:1032300024F053FC00207860B860B87B012800D0EF
:1032400001E1062124F0D2FB129BC14FEEE60721DB
:1032500024F008FD012800D1B5E042E124F0E8FAAD
:1032600074D10F98C07B012800D0ECE0F12124F04C
:10327000BDFB129BDAE624F0DBFA00D003E11879FB
:10328000012800D08CE00E98007E0F2803D000208B
:1032900022F010FA129B002018710E98407EA1793E
:1032A000109DAA895208EB892D8A2D0900951BF0E3
:1032B00079FA88E024F0BCFA00D0DFE00B99087CB2
:1032C000012800D0EBE0487C01287CD123F0AFFD41
:1032D00000201CF01AFC76E024F0AAFA00D0BEE030
:1032E000F87A002810D0002210988275A079012762
:1032F000394624F0F2FB02960C9E3770204619F0F6
:10330000DAFD7771924F029EB87A5AE024F090FA73
:1033100000D0A8E0F87A54E01098817824F066FB99
:10332000012011990FE00F990878012800D1DBE006
:103330004878002800D1D4E007980699059A19F03A
:10334000C5FF01200F990870129B6FE60B2124F036
:1033500089FC012800D0C4E000220F98C2731098A5
:103360008275A0790125294624F0B7FB11980570D4
:10337000129B5BE6DF210140117001070CD5D721BC
:1033800008400D990870A0790E9D298EAA8E6B8E2B
:10339000ED8E00951BF04EFA00200E99887712E012
:1033A000D87801280BD10020D870A179109DA88968
:1033B0004208EB89288A000900901A2077E71098C4
:1033C000007900283FD0204617F028FE129B2DE6FA
:1033D000002807D00A98806C42085E482146039B6B
:1033E00023F028FFA079002101221EF087FB584F0F
:1033F000002028732874E881129B17E6BE2108403C
:1034000010730E98407EA1790022134615F0BCFC83
:10341000D9E7002022F04EF9012562E0204624F091
:10342000A8FB05465DE0204624F077FBF9E720463F
:1034300024F067FBF5E724F0FBF94DD1B87A0028BA
:1034400001D0162103E023F031FE4AD1222120468B
:1034500020F0B4FBE0E716213FE014213DE011210C
:103460003BE00D2139E0122137E00E2124F0FAFB78
:103470001199087001200F99087532E001200B990D
:1034800088740C2129E00F2127E0062125E0042182
:1034900023E0092121E010211FE017211DE023F086
:1034A00005FE1ED123F0C3FC222528461CF02DFB6F
:1034B00038E01098817808460C38082842D8C04671
:1034C0007844007940008744043D04303D3D3D3D53
:1034D000040024F08BFA0FE0022124F0C3FB1199C1
:1034E0000870284613B0F0BD052124F0BBFB01286D
:1034F000F7D100250F9885730120F0E723F0D6FD62
:10350000EFD1A17922252846049A18F0ABFC09E0F6
:1035100023F0CCFDE5D1A1792225002228461346CF
:1035200015F032FC2046294692E7F12124F05EFA9C
:10353000A0790E9C21886288A388E488009416F004
:10354000DBFCCEE70025284622F0B4F8C9E7C046E8
:1035500010670020E5660100F0B5A5B00446FB4801
:103560004068002802D0804700284BD00321F84B48
:10357000F8480078421E1394002C0E9200D00122CD
:103580000904159159780F9199781691DA731F46AD
:10359000183700241494844222D21698A0421AD0DC
:1035A000E5B2002117AA04262846334622F004FC7F
:1035B00017981599084202D01499491C1491304368
:1035C000C0B27C2806D10621F8262846324622F0D1
:1035D000FFFB3E70DE4B641CDE4800780C37DAE7F8
:1035E0001499C9B2401E884204D15879002801D1EB
:1035F00000201FE201200490C2021399002903D089
:10360000084602E00B2015E21020511A0591129293
:10361000101A089000200C9007900F9D0E9C0C999A
:10362000200400D1D4E11491D87B002801D10120DD
:10363000D873EEB2002717AA04233046394622F089
:10364000BBFB17981399002913D01599084213D082
:10365000701CFC4909781CF0FBFC0D46F84B1298D5
:1036600018825973D87B401ED873641E1499491C64
:10367000D6E70B970F9D02E00E9414990B910F95CE
:10368000C0B2702804D00F98C0B270211EF09EFA0C
:103690001698C4B2002517AE0423204629463246A8
:1036A00022F08AFB3078FE2803D0FE2120461EF04F
:1036B0008DFA0621FE262046324622F089FB0C2296
:1036C000104660431194DE4F394616310C18A01C89
:1036D0000A90A67016983873129838820F987873EB
:1036E000C3B216931492104658430818C6887E82B7
:1036F000FF20B873BD827D208100D448069123F05D
:103700003FFDCE480570F87BCF49169A511808182E
:10371000CC49097800B2169118F08EFE0F9B3A46FC
:10372000119F1091A01D0990E0880D902946DCB2F0
:10373000BC4200D1BCE0E80700D0CEE0B7B2162F03
:1037400000D89CE0BD480078002800D050E71691D2
:103750000F93F01F039081B218AD20462A4616F051
:103760000DF8E98908461030B8420DD8A87A962895
:103770000AD10398451A18A8427AA8B203912346A1
:1037800017F092FF002828D0751EAD4A0F9B119F9D
:10379000A8B2172800D219E1362802D82E46163EC4
:1037A00000E02026AD1BB3B2A9B21DAA204622F02C
:1037B00003FBA34A0F9B3004EAD0B0B21DA9401806
:1037C000401E0078962801D0761EF4E77619002571
:1037D00016999C4800781690A9E7019518A8C07A18
:1037E0000025C107964A119F04D180070F9B04D47E
:1037F000019EEDE7019E0F9BEAE70398C11D0D981E
:1038000080B2039189B2091812980091814201D9BE
:10381000049DDDE789480078019F039E310420D094
:1038200000281ED10396B6B20698864200D3069EA3
:10383000B9B220460297854A334622F0BDFA0D9F61
:10384000B9B21198814A33461DF096FD7B49087044
:10385000BF190D97029FBF1903998E1B784A0F9BC2
:10386000DCE71699491C1298009C844203D1019E02
:103870000D90049D01E0019E0D94119FA9E7002980
:1038800003D014986043101886831098C0B2844205
:10389000119F29D0601C169989B21CF0D9FB684A87
:1038A0000B460846149948431018868B00253DE7BF
:1038B00062480078002800D09AE6169A11B2624851
:1038C0001018001900B218F0B7FD5D4A0B46C8B2D7
:1038D000149948431018868B0CE0002905D01498E1
:1038E00044431019868300E0109B54480078002858
:1038F00000D07DE60D99118296829373099801801C
:10390000517B1220125E01243846234620F03EF8F7
:103910004B48817B14204A4A125E0223384620F02D
:1039200035F84748008A1399002907D00599814244
:1039300007990B9E04DB2146079401E000210B9EB2
:1039400011910899814207DB7C2106E0A4730020D5
:10395000C4610020DB690020782138461EF036F96A
:103960000CF01EF805463846354FF97B491BF973B4
:103970000621FC24224622F02BFA0A980470B8781B
:10398000B1B2691808182F490E7831461CF060FB57
:10399000B9701691481CC0B231461CF059FB7970C1
:1039A000B97B149848433818808B102805D1481CDF
:1039B00031461CF04DFB224B00E03B460F910E9828
:1039C000401B0E901198C00702D126E610268CE706
:1039D0007C201EF075FD0446FF281AD17E201EF0C3
:1039E0006FFD0446FF2814D115494C780C20604324
:1039F0000818807DFF2808D0887812490978401877
:103A0000401E18F019FD0C4603E07E2120461EF0F2
:103A1000DDF80B4DEC70E0B20C2141436818808B4F
:103A2000E880A878FE211EF0D1F800206871288A6D
:103A30001299081A00B225B0F0BDC046A473002048
:103A4000C4610020DB690020FFFF00005455002006
:103A5000F0B59DB00446FB4E3078FB4D287003282E
:103A600000D024E100203070287011A823F0F4FB6E
:103A7000002800D019E101200F9011902846243031
:103A800011A91BF0EDFE002800D00EE10F98C00236
:103A90000D90EE4F5E21384623F072FB0C370A2161
:103AA000FF2238460C9223F0EDF91FF0D3F90020E5
:103AB000109021461AF0BAFFA86029460C3123F075
:103AC00047FC2C696D69204629461CF0C1FAC1B239
:103AD000062900D30621DD480170DD4F39700D98AD
:103AE000854200D0E1E0C802844200D2DDE0D64841
:103AF0008068002800D1D8E0D44A109E56710C9BF3
:103B0000D3700F98C002D080069609960796059646
:103B1000049608960A96019302930393CCB2A642A8
:103B200000D3C6E0F4B200251CAA0423204629468F
:103B300022F042F91BAA20460E952946F14DA847CE
:103B400001271AAA20463946A847022119AA204669
:103B5000A8471C99C8B20246703A0E2A04D83B46C0
:103B60009340E94A134203D10246FE3A022A03D2A5
:103B70008A0CE64B9A421FD020460FF0E3F9DD494C
:103B80000870002800D0CAE0354600261CAA04238D
:103B90002046314622F010F91BAA204631462E4617
:103BA000D84DA84701211AAA2046A847022119AAE0
:103BB0002046A8471C99C8B20C2210967243CE4BDF
:103BC0009E183346163318700A0AF2758903890F56
:103BD00071761BA989783176FD2801D9102126E05C
:103BE0001BA90988CA4A914221D10B930E981490BF
:103BF0000D9DA8B2051FA9B214AA0423204622F0E5
:103C0000DBF81498411C03D12946C24A1140F0D177
:103C100039460B9BFAB2042A06D8C2B2FF2A00D05A
:103C20003946000A7F1CF5E7C8B229181878B18315
:103C30001AA98978B1761A99F18319A98978F17648
:103C400019993184702828D07828AC4F109E20D044
:103C50007C280AD07E2812D0FE280BD0FF2814D151
:103C60000698401C069003961CE00598401C0590A1
:103C7000029617E00998401C09900C9612E0B0B229
:103C800001900798401C07900CE00A98401C0A908D
:103C900008E00498401C049004E00898401C089038
:103CA000964F109E761C397838E7012030701DB091
:103CB000F0BD0A9800060BD10998C0B2012807D8B8
:103CC0000898C0B2012803D80798C0B2012810D9BB
:103CD0008B48042202700024CAB2E0B290420FD294
:103CE0000FF030F9834A117801431170641C397860
:103CF000F2E70698C0B2A04214D1814800220270B7
:103D000000207D4C6070491EA170E070A18BE180A5
:103D10007E211DF05BFFA078FE211DF057FF754846
:103D20000078C4E70898000624D00998000605D159
:103D30000698000603980C9000D18BE07048022191
:103D400001706D4E0C9FB770781C80B221461CF03C
:103D50007FF97170FCB220460FF0F4F865490870E5
:103D6000FE2120461DF032FF0F9870710020FFF7F2
:103D7000F3FBD4E7099800061ED00C980390604826
:103D80000F9A02705C4C0398A070401C80B2C9B2BC
:103D90001CF05EF96170029880B2FF2822D1019870
:103DA000FF2800D098E0544AD17088B20C214143DA
:103DB0005018808BD080B2E70598049A1043000613
:103DC0004E4F85D01FF0CEFDA04247D30698000687
:103DD00000D18AE048488078FE211DF0F7FE474870
:103DE0000178CCE7444A0299D1700C214143501824
:103DF000808BD080182892D3C11F0298C0B289B29C
:103E000014AC224615F0BAFCE07A4007AED53A4928
:103E1000C878C98814ACE289891AC91F00220092A7
:103E200089B20323224607F0D7FC002800D076E7AA
:103E3000A189002900D172E714A8007C1CF028F8A1
:103E40006DE7C046F3760020A4730020C461002013
:103E5000DB6900201FF086FDA04246D228480321DE
:103E600001701FF07FFD0446234E30730C25284659
:103E700060433018817E7173C07EB0730BF090FD8B
:103E800000191E490C7821461CF0E2F8B170481C5C
:103E9000C0B221461CF0DCF871707C201EF010FBD3
:103EA000FF2810D17E201EF00BFBFF280BD1FF2036
:103EB0001EF006FBFF2806D178201EF001FBFF282C
:103EC00001D10D4840780C49C870C0B2454348192B
:103ED000808BC88088781FE70749019ACA700C2038
:103EE00050430818808BC88019E7054806210170E7
:103EF000FEE7C046A4730020C4610020DB690020F7
:103F0000E6690020916A020001510000832500004B
:103F1000FFFF0000FCFF0000F0B587B01646054625
:103F2000041D50040595029440D40191C805C00EAB
:103F300000D189E0052080033146814303910020B0
:103F40000690824C82480068042800D288E00496DB
:103F500000201EF09DFA80B2451D2F467D48074087
:103F6000606939461BF0C2FA06466069864204D091
:103F700008200699014306916661002E69D0A908C0
:103F8000F08935461035281818F028FCF0892918D2
:103F9000E279CA70C019F0810420069901430691A4
:103FA000059D686B23F06EFE039ECBE704962E46BC
:103FB0003036F94C20F02EF9039023F04FFA6F6B56
:103FC0007969B869009121600002F5490860F548F7
:103FD000808DF64CE0811FF03EFAF2498886002081
:103FE0000190EE4908830697788AED498880102071
:103FF000607168881FF006FD0446307816F04AFBB1
:1040000029468227002822D005460846313000780C
:1040100029461DF095F9002800D0AFE0032C00D010
:10402000ABE00698007C41424141284602F002FF85
:104030001EF0E6F9D948019AC286B056C1B24029AD
:1040400000D2CDE01146CDE00020069011E00D46F3
:1040500095E085206071D84801210160059D049E8E
:10406000A079002804D0A86BD149C96816F044FB98
:10407000029C0198800431D50496CC4E7089CF49BA
:104080004968411A4220375A0391B94225D2442047
:10409000345A686B20F006F9002810D00221017212
:1040A0008189B26B904202D10020B063F063481D59
:1040B000C34908403F1A641E0398B842E9D30398E5
:1040C00087420DD1002C0BD4383603987081B4810F
:1040D000102006990143029C09E0049E06990AE01B
:1040E00084207071B44801210160029C0699B44893
:1040F000001D049E06437006C70F0F430120C50331
:10410000681C019901422FD0032000BF00BFA448C2
:1041100080880599496B48820224A4484079102878
:104120001CD1019828409F48008815D1411E0629BE
:1041300000D997E01320C0467944097949008F449B
:104140000D03939191959700142007E000610020E2
:10415000CC110840FCFF01001DF0FEFB2743029C30
:104160002178000208182080B807059D14D5A86B97
:104170008F49C96816F0C0FA0EE02746059D049ED7
:10418000F8B20F2801D8002000E00120029C21781D
:104190003A02891821804700607800020321090251
:1041A000884212D1F00305D5686B23F06BFD012026
:1041B000000486438248001D064206D0686B7B4A95
:1041C00038320023D9430AF0FFF8B80705D51EF0AE
:1041D000FFFD22F081F921F07BFA384607B0F0BDEF
:1041E000402211437F240028059D049E01D40846E7
:1041F00000E020406B4948866C490979002904D0C9
:1042000000060099484068490860FF206449888298
:104210002846039918F036FB07460F28B0D8A86B3C
:104220000025002829465D4B45D06149C9681962BF
:104230001C820021417084700278D2071CD1584A38
:10424000D186118751879187D187198059809980AC
:10425000D980198159819981D98101758160C160A5
:10426000016124E0102079E7152077E7412075E708
:10427000022013F097FF71E7017A494AD186417A0B
:104280001187817A5187C17A9187017BD187417BE0
:104290001980817B5980C17B9980017CD980417CC8
:1042A0001981817C5981C17C9981017DD9810078F6
:1042B0000221014049083D48817102980078012897
:1042C000284604D13A48C0680599096A081A01903D
:1042D0001FF060FC1EF092FD344F38817D6105981F
:1042E000406B23F0CFFC012620F01CFC788106985F
:1042F000017C00292B4604D0428A182111404B42F0
:104300004B413704294C22463832A563E5631672C7
:1043100055819581022103920AF056F8A27921482D
:10432000808D2449002A02D08031084602E04007EF
:10433000400E4840059D0499B943049122F048FC81
:104340000698007C002806D0698E01984018002845
:1043500004DC132703E0042410490DE00327049E26
:10436000002902D0012800DA0AE7002900D1084616
:104370000A494882032400260E8722F071FB02209E
:1043800000BF00BF0C4804600023D9430698039A7D
:104390000AF01AF80327F2E6401408407C2009408E
:1043A0003C200940062009404014084000610020DC
:1043B0009465002071A1000030100840CC11084025
:1043C000FCFF0100F0B595B022F038FEFF2800D1C7
:1043D000F0E10446F848456822F030FE7B22910067
:1043E0004143681871218900405CC00700D0E1E1B9
:1043F0000B92E0B223F084F906460746FF202030F6
:10440000315C012903D1301841783846D0E10F20C2
:10441000400130180F90DB204000301812909F248C
:104420003546763523F082FCA87C022814D10F98FB
:10443000808800070ED5B979788E4208BB8EF88E39
:104440000009009000201AF0ADF90F9A9088182109
:10445000884390800020A87403954B21912260002E
:10446000334696330D93129B1B78022B02D1002307
:10447000129C237089005500341830462E30059068
:104480000D98007802280BD1002014910D99087026
:10449000B87931466231059A127B1BF0B9FC149948
:1044A000139777180A9670190C90218B002902D067
:1044B000A07D0EF019FB0720049023F038FC139A1E
:1044C00050891081BD4E717C707B11904318F07B38
:1044D00014901818B37BC018357C089540191090BB
:1044E000B748056892793C200790029250432818FB
:1044F0003025405D0690B88809914018B880F07C5E
:10450000FD882818F880307D3D8928183881788901
:10451000119A80187881B8890E93C018089BB881C9
:10452000F88914994018F881388AC0183882B07C0C
:10453000258828182080707A658828186080F07A8D
:10454000A5882818A080B07AE5882818E080307BFC
:10455000658928186081307AA5892818A0810C9A6D
:104560009088401C908010881099401810805088C6
:10457000119C001950803D68002D10D021460698EE
:1045800040002A182B5A109C1B192B524A20135AF0
:1045900059181152B07B0E90F07B1490337C09981F
:1045A00000280A9D27D10E98002824D114980028AD
:1045B00021D1002B1FD10020139CE0830F9E306877
:1045C000B188049A11400127FA070240501803D01D
:1045D0000021029819F0E0FD784B587B00281BD091
:1045E000207C002801D0E089A081207F012830D1E3
:1045F000608CE0832DE00027129807840F9E3068BE
:10460000C10F139C47D0B1884A07920F3AD00021BE
:10461000029819F0C1FD3EE00C99C888401CC88082
:10462000207C0227002814D0606940000599097891
:10463000644A4A4380180B99090140181490604954
:104640000968A2793846079F7A4307468918149863
:1046500048862089A189884204D0401A25D95A4920
:10466000884222DCB088800606D40C980088002896
:1046700000D19BE008219AE0A0793E2123F089FA3D
:10468000FD2194E0CAB2521C03231340049A9143C3
:1046900059183060B1802089E1890818A081207FF5
:1046A0000128464B01D1608CE0832B20C0002918E3
:1046B000587A00280FD0012020770398007800282E
:1046C00009D10398807C002805D10D980078002836
:1046D00001D1608CE083087900280BD0022804D136
:1046E000987B002801D1002003E0187D002801D02C
:1046F00002200871587800280FD058682168C860D7
:104700002F480168A079079A4243891800224A86F7
:10471000B188012212020A4311E029480268A079F7
:10472000079B4343D218538E0B60244B116A2268B7
:10473000D1600021E1832177B188244A0A40B28008
:10474000743599787F2900D181212970812901D080
:1047500023F0EBF9204623F00FF801282AD000259A
:104760002046294622F08DFB2046294620F095FC64
:1047700023F00AF923F0F9F9204623F0C9FA22F0D0
:10478000FFFF1348103015F073F938461099224690
:104790000CF058FF022F00D0257400F01BFA23F014
:1047A000FAF9002806D006F019FA03E03E21204667
:1047B0001FF004FA15B0F0BDEC680020106700206F
:1047C000B8790020C4090000AA100000FFFE000014
:1047D000B8750020F0B591B00646002710970F97E6
:1047E0001E20002E00D1DAE10C90356E0FA910AA20
:1047F00030460BF0EFFD072801D10720CFE132460C
:104800002932706E132140567F2805D100211046B1
:1048100014461FF0EDFC0AE010700021144621F050
:10482000B3FAC0B222F08AFD002800D1E2E00D9474
:1048300030465D3008902846C0300A9028468030C7
:104840000990284665300B902C463034291DD548F8
:10485000286006918F700F80EF71D348A8602846BA
:104860000C30242122F08CFC07202070601C0F21CA
:1048700022F086FC0D98C057394621F085FA607009
:10488000706E407A2070069B188801221043FE212A
:104890000491884318800592EA7123F075F87D2110
:1048A0004901401828620794A7703046294622F033
:1048B00097FF2846403029466831A863E9632A21DA
:1048C000009022F05DFC7F200B994871EF662F6706
:1048D0006F67286A3061B548007808990870B44855
:1048E000007800280D9A16D0507E049908400228BE
:1048F00011D1B04800680D30144621F05AFC224610
:10490000002808D130463030AA490968C91D06225E
:1049100021F07EFB2246507E411E8841079B1946AE
:10492000343103910E9634240294195DFD220A401D
:1049300040001018185528465830303606969E4BC1
:104940000624314622469847099E37709B48F080DE
:104950000895059D358108988C3006992246964B1E
:104960009847F4723C20019737540A9E9348708010
:10497000B58008990298079A105C4001402207927E
:104980001040001DB0710D460846C83006992246F9
:10499000894B9847F4710E98807B012801D0042838
:1049A0002AD1039E30784001079908400D99897EED
:1049B000C9014018401C099FB8720C20F8722C469F
:1049C000284692300E9D3C3506220792294621F05A
:1049D0001FFB0D98807E3178059A1040049A114093
:1049E0000818307020465E302946079A21F010FBE7
:1049F0000A9B41E01220D2E027460E9B986E0028C9
:104A00002C4612D0C11C0A78497809028A180CD0A9
:104A1000411D204692301E4621F0ECFB3346B06E1D
:104A2000C078099AD17A0818D072D86E0028019EF1
:104A300011D0C11C0A78497809028A180BD0411D8F
:104A40002046CE3021F0D6FB0E9BD86EC0780A9A55
:104A5000D1790818D071987B0228394600D03146A8
:104A6000032800D102210A9B099F03980078400186
:104A7000079A10404018B872214678312546B4355F
:104A8000F87A801DB880D879801D18804C488078CD
:104A9000400606D5B87A20221043B87298791043A0
:104AA000987127464837384621F0F2F938462946AA
:104AB00021F0EEF9254650351FF0B6FD0146284697
:104AC00021F0B6F90E98006FC17800790002411804
:104AD00002D03C48484300E03B48E0623B480026A7
:104AE000022726616761A0610E9B586E807C0B9D3A
:104AF000297803220240FC20084080182870586E54
:104B0000807C002803D12A480078012817D122F0A0
:104B100037FD054622F038FD014628461DF05EFAB5
:104B200000280C983BD10B9A107818210143117082
:104B30001F48007801281FD10098056028E0022056
:104B40001EF058FD002824D0044617F0BFFA0028B4
:104B50001FD10B9A107804210143117020796179DB
:104B600009020818A1790904E279120651180818F7
:104B7000001F009908600CE00E98406E807C04993C
:104B80000140022901D100990D603843032800D16A
:104B900065640F98002801D00D498180304611B01E
:104BA000F0BDC04601100000910000004E7A0020C8
:104BB000F4680020B46900201160020003020000C4
:104BC0009E670020409C000000204E00A59601003A
:104BD000AC0D0000F0B589B022F030FA0446FF2891
:104BE00002D1002020F066FDE0B222F089FD0446EB
:104BF0001B200001231820560028079306D57F218B
:104C000008401870204612F01BFB079B2246883292
:104C100021462E31A06E00680068002802D00020D6
:104C2000E08311E04820085C00280DD110780028AE
:104C30000AD1907B002807D19879002804D1207FE1
:104C4000012801D1608CEBE708920091DD272B2031
:104C500006902189E08B04914E1C35186581204611
:104C60001FF088FC002803D1C1480078012803D137
:104C70000020E083668135467E000698C0000590DE
:104C8000089F387801280BD17A88A9B204981DF0C2
:104C90001FFD002804D022F0D1F82DD07A8821E021
:104CA000B87B01280BD1208961893A8A1DF010FD5B
:104CB000002804D022F0C2F81ED03A8A12E0079BE6
:104CC0009879012818D1208961891A891DF000FD81
:104CD000079B002810D062892189481C80B282423B
:104CE0000AD01A89824207D0501E608180B222F019
:104CF000B2FE401EE083079BA519059826189879F7
:104D000000210291012814D118892189491C89B2F6
:104D100088420ED820461F4622F0D6FF6A782A70B5
:104D20000220B871089FA17900200292134614F066
:104D30002BF83079002804D00020E0832089401C23
:104D40006081039638780128069510D178882189EA
:104D50004A1C92B290420AD1608122F07CFE618EA0
:104D60004143F8880E18204610F010FB00E0668ED4
:104D70000F21254620357F48E28B0592571C77434B
:104D800002467A432668F068019210180790F06096
:104D900079483822825C002A06D0784A5278002A64
:104DA00004D0774800220280608A0EE00491744AA1
:104DB00013885A1C72490A80002B01D0608A03E0D4
:104DC000408F039AD28810180499784349010491BE
:104DD000192109011BF03CF9401C6061A76105998C
:104DE0002970684B1968A2793C256A4389180A6AB8
:104DF0003261079A101A0862B06008798880A08A28
:104E00001A68A67929467143079252181146323121
:104E1000538E400018185086089A1278022A05D13D
:104E2000009A1278534B5A4310180880049AA3181A
:104E30002027524A5278002A089305D0998839428F
:104E400010D13146079A1DE0029A042A03D1E122CB
:104E50001201801808809888384201D0002008800C
:104E6000069F2BE0002130461E4622F092FEB088BD
:104E7000B843B08043480268A179284648431018D7
:104E8000408E0E466943079251180A6A3E4BD2186B
:104E90000A6223689A60019FD21B1A617B22120169
:104EA00082184A86069F3B78042B04D13231572260
:104EB000920182180A8090B203990860618E33488B
:104EC000027C437C1B029A18837C1B04C07C000676
:104ED000C01880180068484364211BF0B9F82549C0
:104EE00041432948401890306E4307998919C86298
:104EF000FF20063020180421062220F050FD002853
:104F00000CD022F0B3F841B21E4E3268A3796B4345
:104F1000D318491001220240184609E0194E3068A2
:104F2000A1796943401808998968092289560022A5
:104F30001CF0CEF93978002903D1002020F0BAFB0B
:104F40003978A0793A7914F04FFC204622F010FF0E
:104F50003068A1794D434019216848600C48072109
:104F60000170204615F034F9002009B0F0BDC046AC
:104F7000086A0020C4090000407400201067002067
:104F8000187A0020B8790020C0FAFFFF34B202007E
:104F9000F9690020F0B58BB00446016CC26A1CF0C0
:104FA000EFF8E16F4A1C904201D9352591E10028C4
:104FB00013D0206C8A0087180837891C384621F0E6
:104FC00059FFA168384621F0DEF8002807D0E66FC7
:104FD000711C884205D9C6257BE1532579E16C25F2
:104FE00077E123786625022B00D272E1052B00D9E8
:104FF0006FE10890216C0A68981E434243410125E5
:105000002A405A4080200A9022500898E0672046A3
:105010003A460B4612F0D4F920784000001F29468A
:1050200081400A982150216C20460A461CF08AFFD4
:10503000E667E16C20460A952A4621F0F1F8626E97
:10504000A06EE16CA36FE56F0095A34DA847A26E1B
:10505000E06E22F0CEF9A06EE26E22F0CAF9216F66
:10506000226B20461CF08CF8E56FA84201D93C2544
:105070002FE100280ED0606CE26E216F22F0CEFC92
:10508000216F626B20461CF07BF8E56FA84203D9C4
:1050900065251EE1C3251CE1074600280ED0A06C43
:1050A000216FA26E22F0BAFCE16EE26820461CF08D
:1050B00067F8E56FAF4203D95C250AE1562508E1A0
:1050C00026468036A26EE16E206F22F0A7FCE26CCD
:1050D000206D216FA36FE56F009500F0FBFDE06F81
:1050E000421C09963260656D0026277822F051F93E
:1050F00009DA616C284621F01FFE099802689000C9
:105100002D18761CF1E7A56D002622F042F906DA8B
:10511000A16C284621F010FE21F09EFEF5E7E56D1A
:10512000002622F036F906DAE16C284621F004FE6A
:1051300021F092FEF5E7216C08688007C20F0898FD
:1051400040010290401C0190002507952B460A9EC5
:1051500002988642E8B26AD80490069308920198B1
:10516000801BB84200D33846099A10602046324668
:105170001BF080FA4119C8B27B1E01252A469A40CD
:105180009042059500DA00252B46BB4090420A96D6
:1051900000DB48421818089A5049895C9600504A2A
:1051A0009219079F7B00D218525D92005118000699
:1051B000800D001F042290430818099908602046BA
:1051C00000F0F0FB6800474989190918049A895CC6
:1051D0000391454989190818C75D079720780490FD
:1051E000811E42488019405C0A9E36181420089A95
:1051F00050433F4A1218052041435118069D4D5D0A
:10520000216C720992008A581F233340DA40059BB3
:105210001A40039F7A4042430A20089B5843354B6B
:1052200018188018425D2B463D46049F90E70128E0
:1052300010D107988000C01C099E30602E4D20467A
:10524000A847012030602046A84702203060204651
:10525000A84727789925032F3BD30020C043089007
:10526000B91E01200A908840FE30099EC7B20A98F4
:105270003060002F11D07A1C2046394604F030FEF1
:105280000A9830602078801E08998140C9432046E2
:105290003A4604F025FE781EE8E72078801E089F35
:1052A00039468140CA43002107912046134B984755
:1052B0000A9830602078801E8740FA432046079F76
:1052C00039460E4B98470A9A3260204639460B4BB6
:1052D000984728460BB0F0BDD55C000048B70200E7
:1052E000A0B3020070B30200B8B3020088B302009A
:1052F00078A8020040AD0200A5590000E19E000020
:105300007FB51546D14A82181D2A00D934E15200D2
:105310007A449288520097441D002F01C500500026
:10532000BA0060009A00DE002F01E4002F012F0177
:10533000230115012F014500A50078003E00EF0074
:105340000001440139012F0128002F018E004D0179
:1053500033006A001824012900D069E12878022866
:1053600000D965E1BA49C87061E11824012900D06B
:105370005EE1002D00D15BE12878B549087056E167
:105380001824012900D053E12878012800D94FE1E1
:10539000AF4908754BE1012900D0DFE0287820F003
:1053A00083FD44E11824012900D041E12878042834
:1053B00000D93DE1A649887439E11824012900D0BB
:1053C00036E12878042800D932E1A1490871032880
:1053D00000D02CE100244C7178E0102900D0BDE011
:1053E0009B4854301022294620F012FE1FE1182459
:1053F000012900D01CE1002D00D119E128780128F5
:1054000000D915E19249887011E11824012900D0D2
:105410000EE12878022800D90AE1002800D107E12E
:105420008B49C873022800D00BE1102008740120BA
:1054300021F0F4FEFBE0002900D08FE022F068F8B4
:10544000002800D1E0E082480121C174EFE0182477
:10545000012900D0ECE02878012800D9E8E07C4957
:105460000872E4E0072979D1691C01AE06223046B2
:1054700020F0E6FD29780024009403AA3046234654
:1054800021F0B7FC002800D1A7E03424D0E0182494
:10549000012900D0CCE02878012800D9C8E06C4967
:1054A000C871C4E01824012900D0C1E0287801287F
:1054B00000D9BDE06649012803D10A79032A00D149
:1054C00084E04871002800D0B1E000248C712046AF
:1054D00021F036FBACE0012940D128785C494873C3
:1054E000A5E000293AD122F013F8002800D192E07B
:1054F0005748012181739AE0554E707A182400288C
:1055000000D095E0602978D1002D76D051486022F6
:10551000294620F07DFD012074E01824012900D0E7
:1055200086E02878012800D982E0494948720024A1
:1055300000287DD00120887246484749602220F02B
:1055400067FD75E0012909D141494A7C28784874F2
:105550000024002A6CD1012863D069E0182467E098
:105560001824012964D13A48C27B2978022A2FD114
:1055700010295DD110212EE002240E2858D80229CE
:1055800056D129881AF0A4FB044651E000240129D1
:105590004ED1287801284BD82D49C87221F0C8FA7D
:1055A00046E01824012943D12878012840D8284909
:1055B00008733CE0182401293AD12878012837D80B
:1055C0002349012830D14A79002A2DD102242FE025
:1055D000CA1F0A2A2CD2017429E01D4D287B0028FD
:1055E00004D121F095FF002802D0287B012822D188
:1055F00003A8007807F020FF0FE0012918D1002D43
:1056000016D02878B07212E00EF0C0F80446502090
:105610001EF010FB0CE01EF00BFF044650201EF0A5
:1056200009FB17F0F3FE03E0887121F089FA0024EA
:10563000204604B070BD686A03A90978012242546B
:10564000F6E70024204621F0E9FDF1E700FCFFFF2A
:10565000D87100203C72002058A90200F0B58BB030
:105660000C4621F0FDFA05462046294622F031FB82
:10567000002D01D00020A860012660003CD5B507B0
:10568000681C22F0CDF802D122F03FFBB44328463B
:10569000403022F0C5F803D122F033FB4020844390
:1056A0002846203022F0BCF803D122F02CFB202029
:1056B0008443281D22F0B4F803D122F02AFB0420F1
:1056C0008443A81C22F0ACF803D122F023FB022073
:1056D00084432846083022F0A3F803D122F016FBB9
:1056E000082084432846103022F09AF803D122F093
:1056F0000BFB10208443AC43E00234D53705B81CC3
:1057000022F08EF803D122F0DBFA02208443781CC9
:1057100022F086F802D122F062FAB443384608300B
:1057200022F07EF803D122F0CCFA08208443381D01
:1057300022F076F816D1032022F0E9F900280FD0E4
:10574000024688301546943501680A91526AC38C26
:10575000018DC06B0091019028460A9922F055F9FD
:1057600004208443BC43204621F0E6FF044621F098
:1057700077FA0546200403D522F00AF8F0038443A3
:10578000600328D5002D10D02888402819D0310278
:1057900088420DD080281CD177480078082801D095
:1057A00022F06CFA22F09FFA13E022F067FA10E080
:1057B000714800780E2801D022F060FA22F09DFA9C
:1057C00007E06D480078072801D022F057FA21F051
:1057D000BFFFB0048443600103D521F0D1FFB006C0
:1057E0008443200703D522F0A5FA08208443E0066D
:1057F00012D562480890FF2000210091019102918A
:105800000391049105910691079002200A460B46E8
:1058100008F07EF910208443A00603D522F08CFA0C
:1058200020208443200303D522F058FAF004844357
:10583000A00303D522F077FA70048443200103D536
:1058400021F0F6FEF0068443E00003D522F044FA8E
:1058500030078443E0030AD521F076FF012802D106
:1058600021F01EFF01E021F057FF30048443A00027
:1058700003D522F032FA70078443600703D522F083
:1058800051FA04208443200603D522F051FA8020E7
:105890008443A00703D522F044FA02208443200267
:1058A0000CD535480078052804D0112804D121F002
:1058B00017FF01E022F022FAF0058443204622F08F
:1058C00034FA0446800416D521F0CAFE2C4821F093
:1058D000F7F82C4908601AF07BFA002804D02A480F
:1058E000026803200146904728481BF0B9FC07F0E6
:1058F000AFFA70038443600203D505F06FF9B00579
:105900008443A00503D520F00FFE70028443204D90
:10591000600402D4681C044005E0812018F0D2F82D
:10592000112080028443E00705D01A48006800284F
:1059300000D080472C40E0041BD5174D28680D305F
:1059400020F037FC002804D12868C11D0D3016F066
:105950001BFF21F005FF1148007811494A68350303
:10596000294619F017FF002802D08E2018F0AAF857
:10597000AC4320460BB0F0BDF9690020FFFF0000EA
:10598000FFF90000B8690020A07900201469002008
:10599000FEFBFFFFC0690020B4690020DA69002027
:1059A000F4680020F0B589B0044680202158C8086A
:1059B0000D460391E26F511C4143E06DC9B28F0067
:1059C000C019616F636C06AE0BC6A807060F05A869
:1059D0008159206EA36F0092BB4D0A46A847606EA6
:1059E00021F0F8FC05A88059A16CA36FE26F00922A
:1059F000B64D0A46A847E06E216FA26C636E069210
:105A00000791089305A98959E26DD2190497236E6D
:105A1000E56C06920793089505AA21F0EFFCAA4DC4
:105A2000A847606EE16EE26C06AB07C305A880591B
:105A3000E26F521C21F080F9E06E216F0690079111
:105A4000089005A88059216E21F0A8FC9F4DA84719
:105A5000206FA16E06900790089105A88059A16D4E
:105A6000C919226E636E06AD0EC505A98959A26CCF
:105A7000E36C656F06930795089205AA21F0BEFCBA
:105A8000914DA847606F216E06900791089005A878
:105A90008059A16E21F082FC8C4DA84723466033CB
:105AA0000ECB06930791089205A88759E56C606FA5
:105AB00006910795089005A98959069207900893C1
:105AC00005A88259A36FE06F009038467E4DA84725
:105AD000226E606E616F06AB07C305A88559E16E43
:105AE000A36FE06F00902846784FB847216E226D73
:105AF000A36FE06F00902846B847E06C616E226E9D
:105B000006AB07C305A88159E06E626FA36E06ADB0
:105B10000DC505A8805921F041FC6B4DA847616E69
:105B2000A06D049FC219E56E06A826C005A9885974
:105B30000290216F226E636F06910792089305A968
:105B40008959E26DD219636C06950792089305AAEC
:105B500021F054FC5C4DA847606EE16DC919E26EFE
:105B600006AB07C305A88059E16F4A1C029921F0D2
:105B7000E3F8206D21F02EFC05A88159206F226EDC
:105B800006900792089005A8805921F007FC4F4D18
:105B9000A847606E616FA26E06AB07C305A8805967
:105BA000216EE36E06920791089305A98A59A36FA7
:105BB000E16F0091464D0146A847226F216E206D8E
:105BC00006920791089005A88059636E06AD0EC530
:105BD00005A98959636CA76E06930797089205AAD1
:105BE00021F0E1FB384DA847616F606D049D4019BD
:105BF000626C06910790089205A88059A26E0692E1
:105C00000791089205A98959E26E236F06920793BE
:105C1000089205AA21F0C7FB2D4FB847606F21F00D
:105C2000D9FB05A88059626C636D5B1906920793D6
:105C3000089205AA21F0B7FB254FB847616FA06E07
:105C4000E26E06910790089205A88059636D5B1972
:105C500006930792089105A98959636E276E0692EB
:105C60000793089705AA21F09EFB174FB847616F6D
:105C7000A06D4019A26C06910790089205A8805962
:105C80000490A26E042303980340E76E606E0697AB
:105C900007901B1D05ADED5806910792089505A9C3
:105CA0008959226F256E0690079705A8C05806925D
:105CB0000795089005A88259A36FE06F009004989B
:105CC000034CA04709B0F0BDD55C0000795E000030
:105CD000015F0000F8B444464D4656465F46F0B4B6
:105CE00000B501B40B9B5B005B1C6C469B00E31A88
:105CF0009D4610B46C46241D00266D46009CE36A48
:105D00002D1D9B00EE505B00EE50E36A013B9B00B3
:105D100098465B009946002300240025002702E0F6
:105D2000370040463F1A9A46A346AC46B646F01B9B
:105D30001458C859030C80B2250CA4B21E006E433F
:105D40006343454360431C041B0C00195E412C0453
:105D50002D0C00196E4153465C4665461B18744174
:105D60000020454176460437474501DCB742DADD7D
:105D70006846001D835123462C46002504364645BF
:105D8000CCDD4E45CCDD8351009B9969083102463C
:105D90004E4604361068009B9C6924684443A14623
:105DA00000270023002400259A46A346AC46B646A9
:105DB0004C46C859030C80B2250CA4B21E006E4399
:105DC0006343454360431C041B0C00195E412C04D3
:105DD0002D0C00196E4153465C4665461B187441F4
:105DE00000204541D0591B18002044414541002F57
:105DF00002D0043FD35104370437764623462C465D
:105E000000254745D0DD301D8742EBDD043FD351EF
:105E1000043E464500DDBDE710BC2068E36A9B46B2
:105E2000024691466846012720C840C97F08B5410F
:105E30007F4120C2013BF7D105682F430126F7417E
:105E4000FF17FE43684638404946314008434946FB
:105E500039406D46354029435B4604C904C0013BC7
:105E6000FBD1A54603BC8E46F0BCA046A946B2466F
:105E7000BB46F8BC7047C046F0B444464D46564653
:105E800070B48146079CA246002720C940CA7F08FB
:105E900075417F4120C0013CF7D1B84648460833E0
:105EA00054466A46A400141BA54604B46A46121D53
:105EB0005446012720C840CB7F08B5417F4120C20E
:105EC000013CF7D1424617430126F741FF17FE4335
:105ED00048466946091D0D46384031400843494649
:105EE00031403D402943544604C904C0013CFBD124
:105EF00001BC854670BCA046A946B246F0BC7047BE
:105F0000F0B444464D46564670B48146079CA246BE
:105F1000012720C940CA7F08B5417F4120C0013C0C
:105F2000F7D1B8464846083354466A46A400141BC5
:105F3000A54604B46A46121D5446002720C840CB2B
:105F40007F0875417F4120C2013CF7D147460126B9
:105F5000F741FF17FE4348466946091D0D4630408C
:105F6000394008434946394035402943544604C91D
:105F700004C0013CFBD101BC854670BCA046A946CB
:105F8000B246F0BC7047C046F0B444464D4630B40B
:105F9000884699466C469B00E31A9D4610B46C46B1
:105FA000241D4B460832012720C940CA7F08B5414D
:105FB0007F4120C4013BF7D16A46121D0125EF4104
:105FC000FF17FD43414629403A4011434B4610C953
:105FD00010C0013BFBD101BC854630BCA046A946A0
:105FE000F0BC7047F0B587B00446B34E21F0C4FC56
:105FF0000746B24847822078069004281DD3268D94
:10600000B004850F28012838B8421EDDC01B05905A
:10601000B1068A0F0A2104914A43A94B29469847A1
:106020000090B005820F0498424305982946A44B7E
:10603000984704900322324023E0002704970197F9
:1060400003970597384602975FE0B50B29017D203D
:10605000484087421BDD381A059031068A0F0A2115
:1060600004914A432946964B984700903005820F89
:106070000498424305982946914B9847049030076D
:10608000820F059829468E4B9847019003E0002027
:10609000049001900090E36A19070A1739461939EC
:1060A0004A43854E358DED070DD11D032D171E0278
:1060B00036176943C911891905917F4E18171B01BD
:1060C0001917029109E01D062D171B051B176943BF
:1060D000C911C918059100200290D11103910699A8
:1060E000082911D322462B32222F10DD12781307F4
:1060F0009B0F9209233F15467D436D0010356E09B5
:106100005F4310377F0917E0009F228A42E0102F7B
:1061100021DA1278032313409206920F0F25ED1B0C
:1061200016466E43674F774367497E1876165D4380
:10613000664F6F437D186F1605256B435B086A43F6
:10614000964200DB1646F2179F4200DB1F4696433D
:10615000FA17974301E000263746228A93049B0EE4
:1061600015062D17282159408B19EE1B3F2B00D304
:106170003F230721CD43AE42009F00DC2E46544909
:106180000A403101C9B251181B020B430521CA0252
:106190005A40494E4F4B196F11431967617B7F2558
:1061A0002940402251407B187F2B00D32B46718918
:1061B0001E020127BF037E400E433F494E813E4EE3
:1061C000B1895B187F2B00D32B4631891B027B40A2
:1061D0000B433381E77B2F400499002908D05740B7
:1061E0007F187F2F05463B4B00D37F27574001E0A8
:1061F0000546384BD96E3A020A43DA66E18A490607
:106200000A0F0B2A06D801988018318842180C2AE8
:1062100000D30C2230347088824200D80246186EB7
:10622000D10001431966002020560221C94388424B
:1062300001DB024600E0421D0699042900D0024617
:10624000708C0399081880181860308DC00722D10F
:10625000B08C2946029F394301D102461AE00F242F
:10626000024622400306002F05D0D219D1178A43D7
:106270000F2A00D322461B0F002D05D05B19D9171A
:106280008B430F2B00D30F23FF21884310431A01A8
:106290000243104B1A61F08C059A002A09D0C1B252
:1062A0008918CA179143FF22FF2900D31146904352
:1062B0000843586107B0F0BD20680940F47600201B
:1062C000991B02008EE33800FFFFFF00C7711C001E
:1062D0000FC0000088300840F0B5C5B0AD4909785E
:1062E000002901D000268FE00E902127FD43AA4807
:1062F00000240465012631461CF0A5FA002800D1CF
:1063000080E00B9613A8FF210170A44801680A0ED3
:1063100031A802700A0C42700A0A8270C170A0494A
:1063200009680A0E02710A0C42710A0A8271C1716F
:106330009C4909680A0E02720A0C42720A0A8272A9
:10634000C172994909680A0E02730A0C42730A0A5B
:106350008273C1732E461B360E98002854D010212C
:1063600005911FF0EFFE00284ED19048017890482B
:10637000027808910846079210438E4806680696F0
:1063800045D114AE4C21304620F0FAFE279613A8D2
:10639000289021F095F80FAE304620F099FA812030
:1063A0008000308027A831461AF0B6FD0D900028F5
:1063B00028D0019703952DAE31A93046059D2A4678
:1063C00020F0E2FD29AF384620F0A2FD0E9829907A
:1063D000069880000C9044082B942C9535A82A90A0
:1063E0000D9D2846394632461FF098FA002872D093
:1063F0000E980C9920F0C4FE284620F04AFF039E18
:10640000213601E021352E46304645B0F0BD0197DA
:1064100035A8402120F0B4FE674800680290674824
:1064200000680D90664800680C9003952F46213750
:10643000049409942046B0420E9967D00A908000D7
:106440000D580898002816D06F40002138040846DF
:1064500005D10498401C029A904200D397E03A0C70
:1064600006D1641C02998C4204902F4603D38EE01F
:106470000C4604902F460798002826D0A8B235AEC7
:1064800031461FF07DF8280C3146069E0B9D1FF00B
:1064900077F80998801D0990400A16D00021084617
:1064A0000991202811D035AA125A0D9B93420FDB77
:1064B00035AA125A0C9B934202DA0029294623D1AD
:1064C00035AA00231352801CEBE70A98401CB2E760
:1064D0000398461C98E70E9F3819299035A810306C
:1064E0002A9029A92DAA28461FF018FA06463846F0
:1064F0000C9920F045FE284620F0CBFE002E039C90
:1065000007D0213426467FE7039E7DE7039D019F48
:1065100037E71FF0E7FE2B4800780199C9001E4AB3
:106520005054501811465C311546543551659065EC
:10653000412080000021115414AE304620F0D0F9E3
:10654000059830702048007830752134159428461D
:10655000314608F051FD0028264600D154E735AFFA
:106560000024284639462246234608F0C5FA1EF084
:1065700085FD06462021384622460B461EF0C4FE05
:10658000002E00D040E7012002490870BAE70398C6
:10659000861C39E7B2750020485B0020887900200E
:1065A0008C7900209079002094790020FFB40200BB
:1065B00013B2020074B7020078B7020070B702008D
:1065C0006CB70200F7B20200A4B70200F0B587B0C2
:1065D00005460120059080021AF03AFB0446B44FAC
:1065E000787800280AD0012811D120F027FDC0B208
:1065F00021F086F821F0D1FA002808D0002C5CD0D8
:10660000AC480F21017020460DF0BEFBF4E006A857
:106610000221017021F08CF821F072F80646006822
:10662000049040680390059840021AF011FB029014
:106630000196B079F8702988402904D121F04CF8EE
:10664000012800D1D8E006A9049D284621F0ABFA24
:10665000994F78881F26064000D1B4E001252846CE
:106660001AF0D8FA002804D001201AF0F1FA10F03C
:106670001DFB08201AF0CEFA002804D008201AF0DA
:10668000E7FA10F013FB10201AF0C4FA002804D027
:1066900010201AF0DDFA10F009FBB88802F0B4FF00
:1066A0000746002800945BD03888102849D88540D8
:1066B0008248054245D07D6847E07F4CA08802F0C3
:1066C000A3FF00283AD06088C00600D194E00120E2
:1066D0001AF0A0FA002804D001201AF0B9FA10F03C
:1066E000E5FA08201AF096FA002804D008201AF0DB
:1066F000AFFA10F0DBFA10201AF08CFA002804D060
:1067000010201AF0A5FA10F0D1FAA08802F07CFF50
:1067100004460020012521462A4621F00CFA0528CE
:1067200063D0002C68D02088102800D98FE08540E5
:1067300062490D4200D18AE062688DE05D48002127
:1067400059E0384610F0B2FA0546002D08D0384618
:10675000049C214607F06AFA024606A8027007E088
:1067600006AD049C2046294621F01DFA2A78002512
:106770002046394621F0DFF906A90870411F0A06B4
:1067800033D0C9B2FC2911D8002F009C11D0398810
:106790004A1E072A11D8C0467A44127952009744FB
:1067A000034E0E520E0E0E7E294666E0049D009C9E
:1067B0000BE000201EF07EFF1EE0102964D00020B8
:1067C0001EF078FF049D06A80078042800D117E782
:1067D000022813D1002E17D100210222284621F0D1
:1067E000AAF906A9087005280ED121F0A6F90DF026
:1067F000CBFA30481421017007B0F0BD1AF028FF21
:1068000080280ED007200DE0298801988079802902
:106810000CD0059A120291420CD1039921F091FA01
:106820000BE00820029C23490870ECE6039921F054
:1068300087FA02E0039920F0C7FF2C46E3E63946C9
:106840002A46039B31E039462A46039B22E0204634
:1068500010F02CFA02462088411E072910D8C046A5
:106860007944097949008F44041D03120303031876
:10687000C2E7002AC0D0FF20114620F0A1FFBBE7ED
:106880001028B9D1002AB7D021F05EFAB4E7FF2072
:106890000023214621F056FAAEE7002AACD021F0C1
:1068A00052FAA9E7FF200023214621F04EFAA3E780
:1068B000EC680020F9690020006800200201010056
:1068C000F0B587B00022002800D148E1A74B40C8AE
:1068D000340C5D1C2E42059107D00D8831462646AA
:1068E000AE43B4420E460AD039E1002C03D18C7875
:1068F000002C04D133E10D882C4200D12FE11E4041
:106900000322002E00D12AE1B10A00D027E19849E4
:1069100009680191FF2400252F460495002E00D11F
:106920001AE1002D11D102C80A46924B1A40551C9B
:106930000A04140F0A0C761E0B2C6ED80121A140FC
:106940008D4B194269D08D4957180B2C00D909E19C
:10695000A10001A251588F4691690000A76900006B
:106960008969000089690000F7690000A7690000D3
:106970008969000089690000916900008969000047
:1069800089690000116A0000B90729460FD0E1E0CB
:10699000B90700D0DEE03A46002D00D1CDE000215D
:1069A00002C26D1EF8E7F90700D0D3E069088E42F5
:1069B00000D2D3E00691002900D1AAE0611E0A2985
:1069C00000D9BEE0069BC0467944097949008F444E
:1069D0003F05669F2C05529F610581000296990034
:1069E0007A18002B03D002C802C75B1EF9E7069B8A
:1069F000ED1A17468BE0F90700D0ABE02346394685
:106A0000002D07D08A1C00240C806D1E1146F7E76C
:106A1000F907BAE7049D1C4680E7082C00D28EE0F7
:106A2000092C00D18FE0A9008EE002943446990031
:106A30007A181E46002E06D002C80B0C39807B80C7
:106A4000761E3F1DF6E7069B59006D1A17463EE07D
:106A50000296D90079180391002B07D002C80A0CBE
:106A600089B239607A605B1E0837F5E7069B5900EA
:106A70006D1A039F4BE00294344601210A041E461E
:106A8000002E22D00168114264D1001D0B0CD95395
:106A9000761EF5E73860ED1A9900401838E0029448
:106AA00034460121090403911E46002E0DD002C870
:106AB0000A0C8B039B0F04D0039B19424AD1D1537C
:106AC00001E089B2D151761EEFE7069BED1A26460A
:106AD000029C1DE0029605998E7899007918009124
:106AE0001A460396002A10D002C8002E01D089B29F
:106AF00008E00B0C26463C689C4389B2214334468F
:106B0000039E069B02C7521EECE7ED1A009F029EF1
:106B1000F61A012D00D001E7012504222146114378
:106B2000052900D0FAE6002E19D00188052C01D1E4
:106B3000398000E03960001D761E049DEEE61049A4
:106B400002E7069BE4E704218918019B99420BD8D0
:106B50000C49F9E6062202E0049A00E004221046FD
:106B600007B0F0BD0522FAE70722F8E7FF3F000073
:106B700090B70200FF0F00000F080000000008405F
:106B80000000094080680020F0B587B01227002877
:106B900000D1F8E0019102974179069101790591C0
:106BA000C1780391067AC47981790491054620F071
:106BB00098FF0746002800D0E5E0059A069F039B52
:106BC000300421020818049946186878000715D483
:106BD000380411020818C1181127202900D2D2E068
:106BE0008E48814200D9CEE0202E00D2CBE08642F2
:106BF00000D9C8E0A87A032800D9C3E0A87C0328FC
:106C000000D9BFE0287D411E032902D3832800D08C
:106C1000B8E0687A07273840687200D1B2E006957C
:106C2000287801210C4620F0F3FC002805D0054609
:106C3000007A01280BD10C27A5E0002020F0E0FC11
:106C40007B490978884200D09DE00D279BE0A86E23
:106C5000C178007900024018069A05D1E86EC17823
:106C60000079000240180FD05078C0060CD4917DF6
:106C70000698027D284620F084FF069A68497143F1
:106C8000884201D945277EE02E4674362F462937A3
:106C9000002169726A662975507A0A46032A0ED065
:106CA0000346D340DB0708D04B1C2B750906194659
:106CB00003D11146253169752146521CEEE706992C
:106CC0004878C2060AD4059704962E4628460D46F3
:106CD00020F075FF0746002855D12EE00A7D012AD5
:106CE00050D105970246103A052A17D804962E4629
:106CF000002093000D4602A2D158029F8F46C04645
:106D0000196D0000876D00002B6D0000316D0000D3
:106D1000876D00002F6D0000032009E01D2831D190
:106D200004962E4601200D4602E0022000E00420D9
:106D3000B07320F0CDFC012824D0132028567F28E2
:106D400006D10021059F38461DF052FA35460AE06B
:106D5000059F387000211FF017F8C0B220F0EEFA3E
:106D6000002835460ED00199002901D038780870E6
:106D70000698817A012909D8797604980170284605
:106D800030303BE0029F384607B0F0BD254C20680C
:106D90000D301FF00EFA002806D00698807A3E4685
:106DA000C10710D021490FE0284630302168C91DA5
:106DB00020F034FF032078760698807A04990870D2
:106DC0000121014017E018491FF07CFB0028029FB9
:106DD0000699D8D028463030897AC90701D013499E
:106DE00000E0114920F01AFF0698807A0121014045
:106DF00071760498017020680170401C002901D050
:106E00000A4900E0084920F009FF0698294620F0C9
:106E1000E7FB012068720027B5E7C04600B80B0009
:106E200071020000B46900200C6900201469002080
:106E3000E8770020F0B58DB09A4A126800290692D2
:106E400001D0916801E006CA8918471A1FF0C8FEF0
:106E5000064620F0FDFD864238460FD0380CB9B208
:106E6000320CB3B204465C430D4655436419594392
:106E7000090C6118890942439002081804908A4B52
:106E80008A4C8B4A8B483818401C000C0121029117
:106E9000C907216060601880506801058D0EC0022E
:106EA0003C46C70D204629461DF0C6F90646BD42A0
:106EB00003D0204639461DF0BFF97F4D7F4F0004B7
:106EC00030437B49486408680190059420461BF0D4
:106ED000C7FA0646286840016968C904C90E0B183C
:106EE0006968AD697C1C1F222A406806800F0394E4
:106EF000254202D12D06ED0F4019029C5A43704BDA
:106F00009A4200D80024CDB21746E7409A4201D8F1
:106F1000042100E003214018009009246743304613
:106F20003F3080096843000C19F0C0FD0A28029424
:106F300005D30A3875430099091885400CE00A21E9
:106F4000091A201A012282409619CE4075438E40BC
:106F50000098411A00D5A1E08F405A48076045606B
:106F600005980499814203D008461BF079FA064639
:106F7000019B9800C0B270434D4AD0639809FC2130
:106F80000140714311645048069D029F0168C90782
:106F9000FCD146488468686821461BF049FA424E95
:106FA0007080A86821461BF043FAB0802868C1179A
:106FB00002464A40511A20318909614308310909C2
:106FC0004F433D4EB169039A114201D0002101E0C7
:106FD0000906C90F1622521A15234B4001210591AB
:106FE00099407918D140002800DD494237480840CF
:106FF000F060F0652E69002E4ED02001E9680A0B82
:1070000042432E4B0B404343180B801837683049DE
:107010003940C20B4A435208264B03404B43180CDD
:1070200084181034200C19F041FD7B0C1821C91A6A
:107030000022914204D007AF0025BD54521CF8E74E
:107040000821081A6109C2179043059A92048240E8
:10705000044613345B42351D002B09D02E784E4375
:10706000B618E64007AFFF183E765B1C6D1CF3E7D1
:1070700000210F4C182905D007AA525863185A62EC
:10708000091DF7E7032800D3032012490A683023BB
:107090009A430001104308600DB0F0BD4842C7405C
:1070A0005BE7C046806800201A6809401835084030
:1070B00080340840FF7F0000D4200840FF0F00000C
:1070C0001CC7711CA82408402C320840FF03000094
:1070D000FFFF010040310840F0B589B00C4600299F
:1070E00005D460073ED4200757D4002431E19A48E4
:1070F000007811F0BFF9002800D127E106460546C7
:107100003078B0286ED0B12853D0D0285BD0C228B8
:1071100000D018E1A87800285BD19049012088723E
:107120004876F11C8F4F2022029238468E4B9847AA
:107130003146233138462030029A8B4B98474336EC
:10714000403738463146029A874B98478348C06A91
:1071500000283ED04368002B3BD06A7800200621EF
:10716000984736E07D48C069002813D01DF07AFDAD
:1071700000280FD00546C07A00280BD10120E87204
:107180002889A97A6A6804F0F1F86868002801D0B3
:1071900020F00AFC76480830DAE070484078012890
:1071A00005D16F480078002801D10CF045FB7048EC
:1071B000CEE02879002800D0C5E06888E9882A89CF
:1071C00014F0FCFABFE02846FBF71CF8002800D0BA
:1071D000B9E066480078FF2800D1B7E029461DF0E5
:1071E00047FAB3E02879012847D009280ED07D2836
:1071F00036D01E2800D0A1E05848007E002800D0DC
:107200009CE06888002120F03FFA97E0534FB87D5A
:10721000002800D092E0697868881A2900D18BE0B4
:1072200002901EF001FA032854D0022800D085E015
:107230002889012201280BD16889032808D1E86830
:107240008078002804D11021012220F0EBFC0246B6
:10725000F86A002872D04368002B6FD005214DE0FA
:107260003E48807D002869D16F8838461EF0DCF9E1
:107270000146384613F072FA60E0384FB87D0028B6
:107280005CD1287A082856D1688802901EF0CCF983
:10729000032836D002284ED11021002220F0C2FC53
:1072A000019003A9029817F0A5F8029818F084F944
:1072B000002836D02A490978002903D003A9897B00
:1072C00004292CD14379811D0122134018461EF058
:1072D000A7F826E028891822012808D16889032800
:1072E00005D1E8688278042120F09CFC0246F86A07
:1072F000002823D04368002B20D00421029898470F
:107300001CE00421002220F08DFC0246F86A0028CF
:1073100011D04368002B0ED0042102980AE001200E
:107320007870F86A002806D04368002B03D0052146
:107330000298019A9847688817F02CFC083629793A
:1073400030461FF04DFB28461DF07CFD08480C30F0
:107350000440204609B0F0BD9F680020D87100208D
:107360003E7A00203C72002011600200A3730020CE
:10737000F3FFFF7FF0B589B00026002800D124E19B
:107380000C460546806E006800689A490F5D0A2C1D
:1073900014D80121A1408322D20011420ED000282E
:1073A00000D012E12A4682320D2C079218D8012013
:1073B000A0409149084204D0002012E00B2CEED0EE
:1073C000F0E711218901084201D0012009E00B2CCE
:1073D00006D18A480078C01F41424141089101E02E
:1073E000107E089038461CF059FA002800D1ECE0D5
:1073F00039460746D9204000281804907E1C38469C
:10740000143806900591089A1DF028FA3C70A11EC8
:10741000282900D990E05B20FF228000063228183E
:10742000AA18C0467944097949008F44A985858501
:1074300085AB629C85859085622E2EAE85855151E7
:107440001414148585857F8585858585852828285C
:10745000858585857F00284677300499497A79703B
:10746000B97000781828069E00D093E0049AD0885E
:10747000002800D1B8E029890818D080B5E0284656
:107480002146324620F023FC83E0417803910178C5
:107490000291C17801918178009143790279C17993
:1074A0008079B071F171327173710098B070019888
:1074B000F07002983070039870700020F872787243
:1074C000B87238460C300C21FF221FF0DBFC60E064
:1074D000016A406A30713170020EF271020CB271B1
:1074E000000A7071080EF070080CB070080A707015
:1074F0004FE044488178039141780291C17801912D
:107500000179827900924379027AC079B071F2717F
:10751000337100987071F1700198B07002983070FA
:1075200003987070F7200840387132E028462146F1
:10753000324620F052FA2CE028463146224620F00E
:10754000B7F828463146224620F0CCFB21E02C48F3
:107550000178797041888088F0707170000A30710C
:10756000080AB07015E01178B81C79702549891C9B
:10757000072220F0F1F93879F7210140397108E04C
:10758000D07E00E0107F307003E0017E7970407E95
:10759000B870069E0898002805D003212846059A51
:1075A0003B4612F049F8A86E31461BF061F8142CE6
:1075B00004D0022C0CD10020E88302E01B200499A7
:1075C00008800799088848800126304609B0F0BD38
:1075D0002846214620F0C0F82846214620F0A9FB85
:1075E000022C0799EED2EFE70020F870D0793871BD
:1075F000D0E7C046B4A3020038200000F96900209B
:10760000226900209E670020F0B591B0914A117860
:1076100091480078814201D1002417E15168091D89
:107620000026B04207D00A78002A09D0761C7B22B7
:1076300092008918F5E7002420461EF03BF805E18A
:10764000F0B220F05DF80446072010908001201869
:107650000E90DD2040000590211806911B200B9014
:107660000001089020180790632080000A902018DD
:107670000990572080000C90201804904B20800027
:107680000D90201803908D2040000090211801914A
:10769000FF200290063025182146F0312046863022
:1076A000234662330122A280A671002767620F92EF
:1076B0005A719A72A7662767A76022743926A75560
:1076C000A7612777E783077487700C9AA7548026F1
:1076D0009E741F750C93DF778623F426E654009A78
:1076E000A752019A578057710775F02027524F60B3
:1076F0008F608F730F730D9827500D910F61EF748A
:10770000AF746F742F74D781978157811781029955
:10771000039881625148049A5060178191720B4618
:107720004F480599605206980771877001464D4889
:107730000078C870079A9771532080002118E833A9
:10774000E754C5235B00E754089BE75427508F712B
:107750008F8045480088099BD8804448008858801D
:10776000434800889880434800880A9960524248FC
:1077700042499960D860196158619861D86118626E
:107780000B9951800F99117120461DF0A0FD7720B3
:10779000812802D02654401CFAE7394801780C9A17
:1077A00011704178517081789170C178D1700079F1
:1077B00010711098C1433348002906D04A1C131891
:1077C0001B7A69180B721146F6E72878FB210140F5
:1077D00029702D480E9D28600D980775A07911F02D
:1077E00003FD2A4800782875EF82287EFC2101409D
:1077F00029762A462032286AAE8C10998E430F993A
:10780000C907014022480B18AE842B62AF812F615B
:10781000AF600220A8732F7115460E4A1078411CE4
:107820001170002804D1A0791FF01AFCAE882B68D3
:10783000132000012018E0218E431C211F461FF059
:107840009FFCAE802F60A07920F040FA204611B056
:10785000F0BDC046EC680020FA69002030750000D9
:1078600001020000E269002012690020D4690020B2
:107870000A690020D2690020480148011B001B0052
:10788000747700209E67002065CE01004F7A0020AB
:10789000400A0100F0B589B00D4604462B20C00017
:1078A000261820684768386A1BF0FAFC002800D0C8
:1078B00022E10F20400120180390284625468834F5
:1078C00029680969049020F0EFF92378002B0797C5
:1078D0000895069605943FD0029061882A89D24384
:1078E00089188CB230363235022B304600D028460B
:1078F000019507886743089D286800698449794392
:10790000091804981BF0CCFC002837D005980078A3
:10791000022800D0019E651C30883C180898006839
:1079200000697B4E6643311804981BF0B9FC0028AF
:1079300050D004950298851B05980789744E7E43A4
:107940002846314618F084FB4643A91B00D0401C52
:1079500047436F4E049D40E06D8E6D4F6F43394637
:10796000044618F075FB4743E11B00D0401C039907
:107970008988890626D4089A118925E06D8E644C81
:1079800027466F43029E3046394618F061FB474355
:10799000F11B264600D0401C089B198982B20818AA
:1079A0005881554319680988402924D1059A1178CE
:1079B000012920D1518880B281421CD1D0882D1854
:1079C000089816E0089A51890918518180B24543F8
:1079D0004F4E10E0002007464D4E2A1808980189A6
:1079E00089184181059AD3883919CD181178012950
:1079F00001D10DF0CBFC089802462E320768386999
:107A0000314669434618079806623888402820D0D6
:107A100001210902884210D08028089C65D1FE60AF
:107A2000618E3D4815461DF087FD2A463849414381
:107A30003A4808180799488657E036483821415C8B
:107A40000029089C049211D0408F0699C988081813
:107A50000DE0089CA5612F483821415C0029049263
:107A600018D0408F0699C988081814E0608A4543E9
:107A7000079E1FF04DFF401C6061316A081A30629A
:107A8000204620F039F90021204620F064F8366ABB
:107A9000276829E0608A45431FF03AFF401C606177
:107AA000361A07990E6203998988890605D40699C2
:107AB0000968400008180799488605980078022848
:107AC00007D10498007812494843079A518E40180C
:107AD0005086089C618E10481DF02EFD0C494143D4
:107AE0000E4808180799C862049ABE60D07A90724E
:107AF000204612F06DFB069EA0896189401A81B272
:107B0000E289914200D90120F08509B0F0BDC0465C
:107B1000C40900004074002034B2020050FBFFFF93
:107B2000F0B597B017460E4604469A4800781FF005
:107B300000FC05461FF082FAFF2806D11FF07EFAEE
:107B4000FF38411E88411DF0B5FD9348407800285C
:107B500000D10FE1002C00D10CE11097FF20129012
:107B60000720A9218001490020181590611820469E
:107B70002C300F9020201690532080002718087872
:107B80001390864800780028149411952FD0FE2079
:107B9000064000200C90022E0D970B910AD1804ECA
:107BA00030680D301EF005FB0D9F002802D13068B3
:107BB000C01D0C90139E304639461EF0EFFA002887
:107BC00019D0159FB88C1699084205D1002D03D005
:107BD0001FF02AFB102837D130460D9E31461EF08B
:107BE000DDFA00282CD06E480168304633E00024CE
:107BF0000E940D9722E0304639461EF063FC0024B7
:107C000000280E9418D06648006831463A460EF0B7
:107C1000C9FFFF2810D0624D29681E2646438819E7
:107C20000D301EF0C6FA0028159F00D1A4E00220F6
:107C300013990143139158E00D970C9C159F55E043
:107C400000200E900D9650E0686E807C54490968C3
:107C500001282FD80D9818F0C1FDFF2802D100206F
:107C60000E9042E01299E8316118139120374C4C84
:107C700021681E2646438819C01D06220D991EF054
:107C8000C7F920688119805D0A9002260E914C1C6C
:107C9000B8881699084205D1002D03D01FF0C4FA08
:107CA00010280DD11FF0D0F9012801D1012009E0E1
:107CB000002007E0084631460D9A0EF073FFCCE72E
:107CC0007420285C13990870159F0D980A9A164322
:107CD00013960E99C91D0E91012111400B9A117036
:107CE000062221461EF094F90D940C9CB88C16992E
:107CF0000840149DA9796A8E52086B8CED8E2D096F
:107D00000F9E3778109E08960D9E009601940E9C4B
:107D1000029403ACACC4129A0792002800D0FC2055
:107D2000119D139B012205F0F3FE002D159E149C5E
:107D30000DD0686E00280AD04078C00607D4A0791C
:107D40003168184A891A4A1E914118F00BFD002D1E
:107D500010D02036B088169908400BD11FF064FA75
:107D6000102807D0284615F019FCA27900212846D2
:107D700012F0BCFD17B0F0BD286880190D301EF060
:107D800018FA0028B1D128688019407F0128ACD1A9
:107D90004DE7C046DF690020EC680020F468002051
:107DA000B469002065CE0100F0B58FB01FF046F930
:107DB000FF2804D100200C900C980FB0F0BD01906A
:107DC000C0B21FF09DFC06460B2040013018039006
:107DD000FF2002902030301805903046FC3004908F
:107DE00030469A30069030466C30079000200D9057
:107DF0000996754D2C4610341835204629460DF04D
:107E000079FC002800D1B5E0074680783E18F0786C
:107E100001210E90800600D50D910C9138461BF083
:107E200087F84007C10F02D00D980006C4D00B9709
:107E300003270E98074000D1A5E0301D05780D9A64
:107E40001406099E01D00029B6D1316809880123A2
:107E50001A02914203D10B981FF04AFFC9E7032F82
:107E600016D0002D14D007990978002900D194E08C
:107E70000499097801290BD154490978082902D0BD
:107E8000072905D189E00499C978012900D184E046
:107E9000032F03D04E49097801297CD0401C0A9059
:107EA000069800780028089426D00C93059800784E
:107EB000012881D02D1FEAB230460E990A9B10F09E
:107EC000BDF800286CD14548006880470446444806
:107ED0004068B1797B2292004A438018029966314A
:107EE00000224254039988790968490813F0F0FC8C
:107EF0003C48016820468847ECB2304621461EF0D7
:107F0000C0FF304621461DF0C8F8032F0BD00B9858
:107F10001AF0F8FF07990872EAB201980A993B46ED
:107F200004F038FB65E70A9800781B2801D0214649
:107F300000E00121089A002A00D12146022C00D03D
:107F40002146294A125C914208D12048007808282D
:107F50000BD130460A991FF0EEFE4AE7059988706A
:107F60000721304612F02CFC43E730460A991FF0F7
:107F7000FFFB3EE72046294618F02AF9204611F07B
:107F800077FD012017E72046294618F021F9204601
:107F900011F06EFD10E70C930EE71EF033FF0BE7B8
:107FA0001EF030FF0B480078012800D004E70A4D8E
:107FB000287801210C910C03214619F0D5FB287873
:107FC00021460AF091FDF7E6B8750020F969002016
:107FD000066A0020F4680020DA690020AC780020EE
:107FE000EC680020B0780020B4A30200F0B589B09E
:107FF000069314460E460546087AC0061DD4109B0B
:108000000F9A0E9F3078022853D17068017840781B
:108010000002401880B27E49411804291DD8C0468C
:108020007944097949008F44027EBB026900002A25
:1080300000D0B7E0F0680088CDE020461EF0EEFBEF
:10804000002808D003460A222846314698470746AA
:108050000028D4D0CEE00E27CCE06E49411802298A
:1080600042D36D49884268D06C49884221D1002AA8
:1080700000D097E001203880F0680078069C2070DE
:108080007089401C80B23D460027394617F01EF922
:10809000002800D1B1E001782A888918891C29803C
:1080A000817A6170C17AA170E31C41680278184638
:1080B00089E003930492059720461DF0DFFA0E270E
:1080C000002800D196E00468002C00D192E01198BD
:1080D0000499009103990191029028463146069A2D
:1080E000059BA047074685E0002A5BD1F06802782F
:1080F0003A80416806981DF08BFF7AE0002A51D142
:10810000F068072139800178069A11704178517022
:1081100081789170C178D170017911718179517133
:10812000C079907165E01D46F06814461EF0C6FEE9
:1081300081B2A14238D207275CE0002A32D1F06830
:1081400004880420388006990C70200A487008A919
:10815000204617F0BBF8002844D00546304CC668CE
:1081600008A8028807AB284621460DF0B1FE00287A
:1081700009D16A682B782B48022115F0FFFA0028F4
:1081800001D107A8048030780228069C2DD1201D3B
:10819000716802221DF03CFF3888801C388024E082
:1081A000002A13D00B2725E03B460027A1423A4680
:1081B00004D02A1991422A4600D8021B1A80F0687E
:1081C000011992B206981DF023FF13E0F0680168D0
:1081D00028461EF0C9FA0221398006990870000A63
:1081E000487006E007A80480069C0798A070000A63
:1081F000E0700027384609B0F0BD2888001D2880AF
:10820000601C0027042239461EF02CFBF2E7C04612
:1082100000D7FFFF00D8FFFF02280000032800005E
:10822000FFFF00009EB70200F0B597B01546089119
:108230000646C089C01D84B220460EF0FFF80746EE
:10824000FF280BD12046FBF787F9A04206DA7E48CB
:108250000078002800D0C3E00520C1E07A4800780B
:10826000002816D1002D03D0022D12D1FF2F10D1DE
:10827000307A11AA1072706812907449C878C9884F
:1082800000230093032303F0A7FA15983074149881
:10829000B081B189002926D0F089002823D0091A9D
:1082A0000791002180B28FB2C21B202A00DB20225E
:1082B000307C079B591889B295B209AC22462B46EF
:1082C0001DF07AFD0898C11920462A461CF07AFD57
:1082D000002808D1E9198AB2F0898242E2D300204D
:1082E000B081594F7BE05948C778C588002116AC4A
:1082F0000423384622461DF05FFD20787E2805D1F4
:108300007C21384619F062FC16A800787C2861D1DF
:108310000797F789FA1D93B259190120C0028142CB
:108320005AD804920591307A8000F1888A05920F1C
:10833000101809AA10705170B088810891708001DE
:108340003905890E4018D070B80010717C190D2BBA
:10835000069547D2029403903B4E18363046089952
:108360003A4608931FF0F8FAF51909AC0522284699
:1083700021461FF0F1FA781D334F81B200223046BA
:108380001EF07EFB8109039A114321718000801C3D
:1083900060719620A0710722284621461FF0DCFA62
:1083A000079C204606993246089B18F0E5FF387076
:1083B000264AD188049BC918D1800C2161435118E9
:1083C000059A8A8300280AD0029881B2204617F0C5
:1083D0005FFD04E0012000E005201B4F3870387875
:1083E00017B0F0BD0022089839461EF049FB09AECF
:1083F000052231461DF00AF981090A9A0A433271B1
:108400008000801C70719620B071079D28460699E7
:10841000089A3B4618F0B0FF0B4F3870A1B2072303
:108420002846324618F0A8FF397801433970D6D172
:108430000649C888049A8018C8800C206843081828
:1084400005998183CBE7C046A4730020C461002056
:10845000F0B589B01F46049104467D300290814BEF
:108460008148D861256F002D039230D1606FE16E95
:1084700088422CD1019702219960E16A029B1A7906
:10848000A56EDB780E26B61A9F007F23DB003B40EB
:10849000083B3343002D01D040263343059300BAF7
:1084A000089000200690079005A8401C1FF054FA81
:1084B00005986E4908600698486007988860089893
:1084C000C86004980028039A019F0FD177E0606C80
:1084D0001866A06C5866E06C9866206DD8660498A3
:1084E00000286CD0002D049E0BD1A56E206A049E3E
:1084F00031462A4614F032FD039A05462067361AA3
:108500005DD0019702998878002824D0002705972C
:10851000089707970697087805AA10704878507052
:10852000206A0499891B4118901C0E2E05D30E2237
:108530001FF012FA10350E3E05E032461FF00CFA1D
:108540007019851C3E46256705A8102116F014FEFB
:1085500002988770039A0F253746AF430CD0206AE4
:108560000499891B4018394616F006FE039A206FBD
:10857000C0192067354000E03546019F002D1ED010
:10858000206F4019A16E88420BD1206A0499491BC3
:10859000401829461AF0F2FF039A206F401920670D
:1085A0000DE0022D57D1206A04994018811E0978E8
:1085B000029B1970401E0078587002209870002AA3
:1085C00042D0022F01D0242000E0282025580F2778
:1085D0001646BE43207E04280BD1002E114628D01B
:1085E0002846314616F0C8FD039A1740394620D177
:1085F00024E0002E11461CD01A4FF869012109060B
:108600008843F861212120461EF08AF92846314628
:1086100018F0BAFC154804214167206E801B2066C3
:10862000606F801B60670820386020461AF0BAFF30
:108630000FE0501A28181AF0A1FF039A206E801A32
:108640002066606F801A6067443420461DF040FE4B
:10865000002009B0F0BD0120024948600020C0435D
:10866000F7E7C04610000C403400000190000C40B9
:10867000F0B585B016460546002450042FD5286B6A
:10868000002803D001229202904206D92879412184
:1086900049024018A8800224CDE003911BF0BAFDE6
:1086A00007461EF0DBFE2846394614F0EBF810288A
:1086B00009D3297900020818A8801DF00DFF1DF0CC
:1086C00007F802240AE05D4801782A7903231B0297
:1086D000D218AA80F8220A40511C017003996879C7
:1086E000000203273A02904200D0A4E0281D029025
:1086F00001200490820570065ED50192504E4F48CD
:108700000078C207039130D04E484F4A4F4911803C
:108710004F49504B8B60504B0B60504B4B600021CE
:108720005180049A82600260426D042AFCD1416546
:108730004B480421016001981EF04AFA286B009012
:1087400010201DF06DF94748476237604648411CCC
:10875000716000990818B060384A1078FC21014017
:10876000881C107004990C430399400723D5F068C6
:10877000C007FCD112F0C6FF686B00280BD0296B34
:108780008A003A4E31461FF0E7F8286B81003046E8
:108790001EF0F6FC01E0354868630399274B187812
:1087A000FB2202401A70029B1878049A1203801868
:1087B000188002200443019A11423CD01F480078DF
:1087C000800738D527481F4900224A6524490F6091
:1087D00001680907FCD526480168049FB943016078
:1087E000244801680C2291430160234820218160C4
:1087F0000160134807611EF0F9FC0646286B03214F
:1088000017F026FC801939461DF02AFB10280BD3DF
:10881000029A11780002081810800220044312F016
:1088200071FF064A107803E0044A117804200843D7
:10883000FD2101401170204605B0F0BDDD6900202A
:1088400000500840003008401A680940609100005C
:10885000BC340840C404860900000E1300003B1617
:10886000641008409C200840FF07000000000940F9
:10887000B03008400C32084000200840F0B587B006
:108880007A490C68002C21D0A0880004000F00D089
:10889000E9E0012042020192049000020590E068A4
:1088A00003908D6800268E601DF0C0FE009014F0CD
:1088B00067F8401E042818D878440079400087449F
:1088C00002120E100B00049880030DE069486A49FB
:1088D000742200BF00BFC6E00498400504E005987C
:1088E00002E0019800E040200543211D0320029092
:1088F0000702384680300542069110D048780002C1
:108900000199884240D11FF033F83D42069E1DD0A8
:108910000198564B28400FD0184610300EE06804DE
:1089200032D5534FBA7879680398806D814216D05A
:108930007860511E8A4113E018461C3000781821D7
:1089400001401879E72202405018187101200FF0F9
:1089500029FC3178000208183080022614E008460D
:10896000618800F081FA002804D01EF01FFA022668
:10897000002001E000260220B870F878002803D11A
:108980001EF067FD0498F87006984078FE210140BB
:10899000881E0D2805D8A368204600992A469847C6
:1089A0000646F00709D00CF07FFB002805D00146F1
:1089B0002E480068012204F075F80F2780220599DF
:1089C000294030041BD501920591294882784068DE
:1089D0002649098D00F048FA002805D01EF0E6F976
:1089E00002200643002000E00220214988701F4831
:1089F00000680499890416F085F80599019A3803EE
:108A00001540002901D1069F06E0069F39880142E2
:108A100002D1049989020E43002D05D03988014204
:108A200002D10499C9020E436169029A92020A4373
:108A3000324003994B6D13434B65398801400B431A
:108A400011D000290DD01CF05DF91EF08DFF1EF035
:108A50009FF8074CE078002803D01EF0F5FC0020BA
:108A6000E0701EF005FD07B0F0BDC0469465002023
:108A7000FC680020B7B40200FFA70200FEB5122573
:108A800000284BD00646734F38780938052801D2A4
:108A9000212746E0B0781EF04CFC002840D0044668
:108AA000B0786D4908703978002901D16B49087098
:108AB000304621461FF08BF80746002831D1607AF6
:108AC00000282BD0A07B012805D1F078317909024C
:108AD0000818802822D870783F282F4621D82046B1
:108AE0001BF0F7F9206E0725002817D026672046CF
:108AF00031461EF079FD0746002812D17078002813
:108B000011D03078012810D100272773A763207A6D
:108B100001282FD17079216F487102E02F4600E0C3
:108B200042273846FEBD1127FBE7207A00270028A0
:108B3000F7D04B48006880470646474D287801210A
:108B40001FF0E9F8204615F0DBFA28784349097848
:108B5000884204D11EF084F8616888426BD02046B8
:108B60001EF095FC3F48016830468847204614F0C7
:108B700015FDD6E7112001901FF0D9F801202072D1
:108B8000E772677308F0F2FC606000282F46C8D0D7
:108B9000264646363248006880473349096800292E
:108BA00002D062684A60F9E72E4909688847606820
:108BB0002E494161606E4078C00603D420461FF004
:108BC00000F802E02046FBF705FE07460028A8D182
:108BD000606E4078C0071AD0F089002817D0A16DC8
:108BE000002914D03178884211D90F201CF0C4FD1F
:108BF00000280CD0606E007802A90870F0894870D7
:108C0000000A88703078C8700F201CF0D1FD124D1A
:108C10002878002739461FF07EF829781448012665
:108C200032461FF079F80B49087800280BD020460F
:108C300019F0D0F875E740681EF02EFC094801686D
:108C4000304688476DE701980870267201F0C6FF2C
:108C500067E7C046F9690020DE690020E06900206E
:108C6000AC780020B0780020EC77002089D6000096
:108C700001100000FEB57A4F38680178002900D055
:108C8000FEBD866EC56E4178891F05291FD8C04676
:108C90007944097949008F4402366C629113982116
:108CA000715ACA0702D0AA89D2072CD18A0702D5E5
:108CB000AA89920753D4490709D5A989490706D536
:108CC000C4881EF06FFA014620461DF009FD012000
:108CD0009821715ACA0504D50202AB89134200D00B
:108CE0009CE08A0504D54202AB89134200D098E08B
:108CF000490500D48FE08102AA8938680A4200D170
:108D00008AE010218FE0846D002C08D11C201EF019
:108D100043FE044638688465002C00D18BE01AF0CD
:108D2000C5FFA0760021102220461DF09BFDA17EEC
:108D3000481EC0B20F2802D820461DF0C9FF1DF002
:108D40009FFF208220461230082529461DF0C0FFD3
:108D50003868C08821461DF0AFFC38686CE0C488D4
:108D60001EF02AF9014620461DF0B0FC38680A259D
:108D700062E0826D002A04D0C088118A12321AF093
:108D8000E7FA9820305A810702D5A98989074FD47C
:108D9000410702D5A989490747D40121C20503D556
:108DA0000A02AB89134239D1820503D54A02AB8945
:108DB000134236D140052ED589029DE71AF05EFE9A
:108DC000029505463868C0880190012420460FF0BE
:108DD00033FF02460094254001982946029C1AF070
:108DE000A1FF9820305A410702D5A18949071CD418
:108DF000C105009B03D51902A2890A420ED1810543
:108E000003D55902A2890A420BD1400503D5980225
:108E1000A189014222D13868122104E038680C216E
:108E200001E038680E214170FEBD38680B2503E073
:108E30003868092500E008254570C08816F0BCFB9D
:108E4000002803D0808A41080A1801E07D208200B2
:108E500004480078022116F09DFCFEBD386850E7FA
:108E6000887800200B6A0020F0B585B01746039182
:108E700005466A4E71680068814208D0684915F05D
:108E80006FFA044628687060002C02D0C3E0002FFF
:108E9000F4D0B1686868814208D0624915F060FA80
:108EA00004466868B060002C02D0B4E0002FF4D013
:108EB000F168A868814208D05B4915F051FA044670
:108EC000A868F060002C02D0A5E0002FF4D0E8687C
:108ED00000280ED0308A039A831A591E8B41012F25
:108EE00000D802230193022F06D3904204D100241C
:108EF00021E00020019034E00024022F01D321461C
:108F000000E00121328204A81EF05EFD0420E74348
:108F10000295E9680A687F1C9742E8D23546061D2B
:108F2000085804A9414AFDF7CBFC04460028304606
:108F30002E46029DEDD03E487F2101603D486821CC
:108F400001803D480F2181823C480078002806D0EE
:108F50003B490A6882433378034013430B60002C7B
:108F600059D138480168002932D0C56801980128D4
:108F700030D002284BD10024002D4CD0324842681A
:108F8000AB8813434360026BEB8813430363021FF8
:108F900013682E891E43166002686B8913430360B1
:108FA000026A6B8A13430362426AAB8A13434362C9
:108FB0006A8E274B1A6000687F22520202401E48C8
:108FC0000280284611F000F82846FDF70BF822E051
:108FD000082420E0002D1DD01B48C26907239A43B6
:108FE000C2610269194B1340036142697F235B022E
:108FF0009A434261002484610268F0239A4302602C
:10900000284610F0E1FF284615F0A4FC03E02846AE
:1090100015F0A0FC0024204605B0F0BDF476002039
:10902000000009400040094000600940FF3F000087
:109030001C3208400820094036680940507A002058
:109040001411084080680020B43008400383FFFFFB
:10905000F0200840F0B587B00D460446C0B21EF0BF
:109060004FFB0646E8B21EF04BFB72794179002AAD
:1090700009D0002905D0DB2149007218937F032B0A
:1090800005D1214608E0002905D1FF2104E041185F
:109090008F7F032F03D12946084607B0F0BD039701
:1090A000049305910692C32149007318411837684B
:1090B0007F683A6A029207687F683A6A01921F885D
:1090C000F3895A080988C3895B08974202D99942F3
:1090D000E1D901E09942D4D80F2149017218411811
:1090E00012680B680121C9071940D20F02D100296B
:1090F000D1D101E00029C4D03146883103468833FC
:109100000A78002A1F4606D07289521C92B24B88F8
:109110009A423B4606D21A78002A09D01DF080FEFA
:10912000B9D205E01A78002AABD01DF079FEA8D399
:109130008A7B012A05D17289521C92B2098A8A421D
:1091400009D2997B01290FD14189491C89B21A8A18
:109150009142A0D208E0997B012992D14189491C12
:1091600089B21A8A91428CD306990978012906D1CD
:109170007189491C89B2069A528891420AD2059A8D
:109180001178012912D14189491C89B25288914232
:1091900081D20BE0059A1178012900D071E741894D
:1091A000491C89B25288914200D26AE709214901DB
:1091B0007218411812780B78002A294600D02146EF
:1091C000002B00D068E70399049A8A4200D958E737
:1091D00000D260E7718E408E814205D9059A128CCB
:1091E0005043884229D24CE7069A168C884205D90A
:1091F0007143814200D24EE725464CE71EF0AFFC9A
:10920000864206D90698008C05990E8CB04202D988
:1092100037E70598068C1EF0A2FC864206D9059811
:10922000008C0699098C884200D934E7029801998C
:109230001AF036F8002800D123E72C4621E77047C2
:10924000F0B589B00D4680214158032901D800228C
:1092500000E001220392052901D302220392C36F89
:10926000072901D30321039102468032032B089082
:1092700007920BD311680B2901D304200390082B0C
:1092800004D31168132901D3052003900398441EC9
:109290000127591C8A00A1408900691804918E1881
:1092A000B1180691022809D30898806F05900093A1
:1092B000069829462A46059BFCF70CFD3846A04037
:1092C000059002952C46089D38B2059981420FDD24
:1092D000AB6FE96F88000019001D00912146069AC6
:1092E000FCF7F8FCE86F80000019041D7F1CEBE719
:1092F000089FB86F8068411E4C424C41801E079900
:1093000008603846069D29461EF01EFB012001B26A
:10931000FA6F8A4211D9BA6F890052189268E3B283
:10932000012B07D10023002A02D0521E1C4601E067
:109330000124DA436A50401CE9E7521C0498029960
:109340001DF0FAFCB96FF86F820089184A68002195
:10935000002A02D05208491CFAE740014218223A7A
:109360000498044610B200284FD4D0082C49084075
:1093700028581F211140C840C007089837D00592CF
:1093800092B20399079B1960294610F0E5FC0490FE
:1093900000252746E8B2079C216881420CD908982D
:1093A000836FC06F0090304639463A46FCF792FC16
:1093B0006D1C34463E46ECE70498401E81B2C90B52
:1093C0004018400880B208998B6FC96F4A1C42430D
:1093D0009000029A1218009130463946FCF77AFC48
:1093E0002088059A121A30463E46069DB9E7836FDB
:1093F000C06F00903046214617462246FCF76AFCB3
:109400003A467A1E30462646ABE70898C06F421CA3
:10941000029D284621461DF08FFC284609B0F0BD6C
:10942000FC1F0000F0B585B00446744D2868C06E7E
:10943000002802D0112005B0F0BD10201EF0ACFABB
:109440002968C866002865D08F6E3E46983610227F
:1094500021461CF0DDFD28680178002900D080E05D
:109460000297C16E3288012713463B408D893D40EB
:109470005B1B5D425D410197FB43EF18174037804E
:109480009307DD0F04918B899B07DB0FE91A4B4291
:109490004B41002D00D05D0002218F432F433780C8
:1094A0005107CD0F049989894907C90F691A4B42A1
:1094B0004B41002D00D09D0004218F432F43378066
:1094C0001107CD0F049989890907C90F691A4B4201
:1094D0004B41002D00D0DD0008218F432F43378002
:1094E000D105CB0F04998989C905C90F00258B4285
:1094F000039500D11D02019B19028F437F1937800C
:109500009105CD0F049989898905C90F8D4203D032
:10951000039D02E013208EE76D0259028F437F19ED
:1095200037805105CD0F049989894905C90F8D42AE
:1095300001D0039D00E0AD0299028F437B19338077
:109540001105CA0F049989890905C90F8A4202D0F9
:10955000029F039A01E0D202029F29490B40991809
:109560003180816E95228A5C120703D5C26E127912
:10957000120705D433310978012914D118205AE78C
:10958000C17808220A43C27031881E4AFF320A405D
:109590003280C16E8A8901231D02AA438A81C16E6D
:1095A0008A899A438A816178002906D079780029CE
:1095B00009D1C178090706D409E0C178090706D5A1
:1095C0007978002903D005210171002033E7217942
:1095D000490706D4394695310978490701D4012154
:1095E000F2E701780029204600D03846002900D053
:1095F00027463978007812F0EDFD1CE788780020C6
:10960000FFF70000FFFDFFFFBCB50146714801AA4E
:10961000118000900024082919D8C046794409799E
:1096200049008F44190424D52ED5D5D538001EF015
:10963000DFFA002802D068461EF0BAF81EF0F0FAF1
:1096400000283FD0009901201EF0B3FABFE0102996
:109650002DD0202900D0BBE05F484088C00600D153
:10966000B6E01EF00DFB002826D00420ADE06846D1
:109670001EF06DFB1EF004FB00282CD00099022088
:1096800012E068461EF064FB1EF0EAFA00282BD0B8
:109690000099042025E01EF047FB05461EF0F0FA75
:1096A000002828D0082029461EF07FFA8FE068465F
:1096B00001A91EF080FA8AE01EF09AFA002821D053
:1096C000012082E01EF0D8FA002821D00099012064
:1096D0001EF073FA7BE01EF0C3FA00281FD0009939
:1096E00002201EF064FA72E01EF082FA00281FD0F9
:1096F0000099042019E01EF07BFA00281FD00820F2
:10970000294612E01EF0B8FA00281FD002205CE0C3
:109710001EF0B6FA00281FD000990120C4E71EF001
:1097200067FA00281FD0009902201EF03DF84EE095
:109730001EF076FA00281DD00099042084E71EF060
:109740006FFA00281DD0082029467DE71EF068FA30
:1097500000281DD0102038E01EF082FA002820D00A
:1097600000990120BDE71EF05BFA00281ED0009989
:10977000022069E71EF080FA00281CD0009904201E
:10978000A6E71EF079FA00281AD0082029469FE79C
:109790001EF066FA002817D1002420461BF08AFF2D
:1097A00016E01EF025FA00288AD111E01EF064FAB6
:1097B0000028ABD10CE01EF063FA002808D054E773
:1097C0001EF04EFA002803D0082017F041FA044694
:1097D0002046BCBDA86100000068002082B0F0B542
:1097E00085B006460A920B930025EC436E4AD06D75
:1097F0000028039126D110690027002802D0506A62
:10980000002813D0029401201CF041FD664A044652
:10981000D065002F02D006F0A3FA634A002C029C08
:1098200003990FD114F088FB0C2140E0506A401CD2
:109830005062D06D002800D196E0174606F090FAED
:1098400003993A460AA8049001235F020F4002D10F
:10985000002E10D128E00498014608310491456893
:10986000002D00D1514D002E1ED0686801281BDB51
:10987000A868002818DD01931069002806D0506AF6
:10988000002803D1D06D214603F06AFE02943046D1
:109890001AF0BCFD0446002F11D0002C0FD0039805
:1098A000000512D511246DE014F046FB162101606D
:1098B0002746384605B0F0BC02BC02B00847002F6E
:1098C00003D1002C01D102245CE0082007F092FFB4
:1098D00007460C200090002F53D0002C15D0E069D3
:1098E000401CE0613049019A0869002807D0486AA5
:1098F000002804D1C86D00211EF06CF8019A900375
:10990000039901403C607960D3E7242007F072FF9F
:10991000002833D004460198E061A8686061686857
:10992000206130461DF0E6FA401C07F063FF20621C
:10993000002820D0711C3278431C0270002A18467F
:109940000E46F7D16868A9680026324612F0F2FC8C
:10995000A06000280AD066601349086E002800D075
:10996000446020600C66BEE701274BE7206A0028B0
:1099700001D015F0FDFF204615F0FAFF384615F02E
:10998000F7FF009C14F0D8FA046007490869002822
:10999000029C8DD0486A002827468AD1C86D0021D4
:1099A0001EF018F884E7C0460471002024B20200BB
:1099B000F0B58DB002460024E043176839790229DA
:1099C00000D0CAE0089204903A464832796C381DBB
:1099D00006918E68079215780F2105910D401CF0B5
:1099E0008FFF012D40D07E6C38463030102501901D
:1099F000294622462B461BF087FC0296B0680028B9
:109A000003940ED00146059A114000D00D46411B2B
:109A1000029800680391411801982A461DF09CFFA6
:109A20002C460798407801281DD1102C08D10298A7
:109A30008068002804D0002009A915F07BFB06E00F
:109A4000012009A915F076FB8020019908553020E6
:109A5000402808D0395809AA1218303A12684A40EA
:109A60003A50001DF4E7039E3D4D3E482860386A99
:109A70006864786AA864B86AE864F86A2865002EA1
:109A80000BD0387E042801D00F2E1DD80698006810
:109A9000314615F071FB089C31E038460BF052FD61
:109AA0007E69079805780024FC76384613F0B4FEEA
:109AB000387E012846D104943C6C08983146069AB9
:109AC0002B46A047049848E0089C60680278264826
:109AD00021461AF037FA28680121090688432860D0
:109AE000212138461CF01CFF06980068314617F00B
:109AF0004BFA1E48042101601C3D082028602468A0
:109B00004820255C207E042803D0616C89680F29D9
:109B10001AD80598054020460BF014FD6669012D02
:109B200001D00020E076204613F076FE207E01284A
:109B300008D120464830256C626C0378089831467D
:109B4000A84709E0304608E0022805D108480499F2
:109B500016F0F8FE606900E000200DB0F0BDC046D0
:109B60002C000C40340000017DAA010004010C40CF
:109B7000D0620020F0B587B00E4605466B490878E4
:109B80001227012800D0B3E04878002800D0AFE0C9
:109B90000227002D00D1ABE0002E00D1A8E0002A62
:109BA00000D1A5E06248B1681827814200D99FE042
:109BB0007168814200D99BE0069200241DF038FABA
:109BC000E7B2874206D238461DF0B3FB002801D029
:109BD000641CF3E71DF02CFA87424BD232201DF0B3
:109BE000DFFE002848D0024604703078507070784C
:109BF00090707068D0707068000A1071F0885071B1
:109C0000B0689071B068000AD07170891072307BB2
:109C10005072484800789072707BD072B07B10739D
:109C2000F07B5073307C9073707CD073B07C107478
:109C3000F07C5074307D9074707DD074B07D107560
:109C400000215175F07D9075307ED0755176374882
:109C50004068FB000393C0184171117605921046CD
:109C60000491FCF791FF421E01469141072805D05F
:109C70004F0004E015273BE0132739E0132705992F
:109C80000E461D360028049A2BD108461A308C76D1
:109C9000FF230293CB760A77727032707271327141
:109CA000F270B2701DF060FC1E27002818D1B01DA4
:109CB0000190B4710298F071049B337205980146CB
:109CC0002631262283544B700146283128228354A2
:109CD000CB708B704B7001981DF04EFC00280AD0A1
:109CE0000599707C0C460FF071FC20461DF05CFE5F
:109CF000384607B0F0BD30460F30049AF2730121A8
:109D000031747474F274B27432751DF031FC07282A
:109D10000AD000280599E4D10448406803994550C9
:109D200006980470049FE3E71327D9E70C79002015
:109D300000B80B00E8690020F0B5B1B00D4608216D
:109D4000CF4306682868826928911F9116910D916A
:109D500004913C460834202A00D08AE0297C01295D
:109D60000FD1026868688168032A33D120297FD126
:109D7000A968896820297BD1E9688968202933D0BE
:109D800076E068688268202A72D1AA689368412BBD
:109D90006ED152681278042A6AD1EA689268412A20
:109DA00066D1002920D1406828A9091D20220392EC
:109DB000474B9847A8684068401C1FA9091D039A93
:109DC000434B9847A8684068213016A9091D039A9B
:109DD0003F4B1EE020294BD1A9688968402947D113
:109DE000E9688968402943D1406828A9091D2022D3
:109DF0000392384B9847A86840681FA9091D039A29
:109E0000344B9847A8684068203016A9091D039A6A
:109E1000304B98472868006803282DD129980721DE
:109E20008843299030982C4908404018401C3090B5
:109E3000371D8C3603213846324615F025FA274A5D
:109E400028A90DAB38461CF07EFF992811D1287C3B
:109E50002B6801282FD1196803292CD1EC68606880
:109E60000DA9091D20221DF077FD0220207028E099
:109E70003C46204631B0F0BD301D8C3603213246C1
:109E8000064613F033F91FA916AA304602F046FF22
:109E90000146E139022916D3E52816D0E628D4D1A7
:109EA00004A801900DA8009028A91FAA16AB30465F
:109EB0001CF0A4FAC9E7EA6800900DA804A90FF005
:109EC000E3FE0024D5E7BC1CD3E7FC1CD1E7C04669
:109ED000F5940100A1A40100FFFFFF3F94AF020031
:109EE000FEB515460446C26F571C8023C358022B8B
:109EF00013D0012B06D0002B15D1656CA06C0190FE
:109F0000E06C0EE07D43636DA66DE06D0290A800ED
:109F10001D1833180193029B02E0B8002B1801931F
:109F20001818029002E00025019502957943E06D32
:109F30008F00C119E06EA36F0092514E0A46B047E0
:109F4000206EE26EA36FE16F00912946B0471CF0CE
:109F500034FF0199B0473546606EE26E216FA36F02
:109F6000E66F0096A8472E46E06EA36FE16F009162
:109F7000029D29462A46B047E26E206F616DC919DD
:109F8000A36FE66F00963E4EB047606DA16DC0199D
:109F9000C919A36FE26F00922A46B047616DA06DA8
:109FA000C019C919E26EA36FE66F0096344EB04730
:109FB000606DC019216F226EA36FE66F0096314E5F
:109FC000B0471CF0FAFE29462D4EB047E06DC0198F
:109FD000616DC919226F1DF03BFC206FA16DC9197D
:109FE000626EA36FE56F0095264DA847606DC1199D
:109FF000E06E1DF0F4F9A06E216F1DF0F0F9A06D78
:10A00000C019216EE26E1DF023FC206EE16E626DC0
:10A01000D2191DF01DFCA06E226EA36FE16F00919E
:10A020000146184EB047E06EA16DC919A36FE26FEB
:10A0300000920A46FBF720FF606DC019A16EE26E28
:10A040001DF006FCA06E626DA16DC919D2191DF03C
:10A05000FFFB216F2546743529CDA26E0095084E71
:10A06000B047E06E226E616E1DF0F2FBA06DC0196C
:10A07000254674352ACDE26E0095024CA047FEBD00
:10A08000D55C0000015F0000FEB50C4607464B1C86
:10A090000628029119D8B80001A108588746C04681
:10A0A000BDA000000BA1000025A1000025A100001B
:10A0B00025A10000EFA0000007A100005B48817807
:10A0C000FF292FD0491C81702CE00E2F2AD101933B
:10A0D0000026564D1CF0ACFF864200D3A2E0686813
:10A0E000F1004058002800D09DE0761CF2E7A678E9
:10A0F0004E484068F10040184079800743D40298E8
:10A100001DF052FCFEBD667822E0484881780029A7
:10A1100008D0491E8170080604D101201D4618F0A0
:10A12000A1FF2B462678002215460F2F00D968E0A4
:10A130000824C0467F443F797F00BF4407555758E5
:10A14000622409626262626262623C4001244EE003
:10A150000A201DF021FC2022002843D00546029C45
:10A1600060782870A0786870A81CE11C1746062249
:10A170001BF04EFF607A2872A07A687220461DF0AC
:10A1800013FC3A463DE01F4606201DF005FC102258
:10A19000002827D00546029881782970BB78F97885
:10A1A0000902C9186980417929714178697014469A
:10A1B0001DF0FAFB24E000250120C20721E01F4624
:10A1C00004201DF0E9FB402200280BD00546029B2D
:10A1D0001878287038787978090208186880D87853
:10A1E00068700EE000250CE0022400E00424012049
:10A1F0001DF0D2FB002802D00546067000E00025C5
:10A200002246002D01D10120C207FF2E09D00748A8
:10A210004068F1004358002B03D010460022294625
:10A220009847FEBDFF26019B7DE7C0460C790020C4
:10A23000F0B587B0059105460126B00216F008FD7D
:10A240000746700216F004FD0490614C6078002807
:10A250000AD0012811D11CF0F1FEC0B21DF050FA55
:10A260001DF09BFC002808D0002F20D059480F215A
:10A270000170384609F088FD98E0039606A802218F
:10A2800001701DF055FA1DF03BFA01460668706832
:10A29000029001918879E070059800281BD028462B
:10A2A000314603F0C3FC024606A8027019E0002DF7
:10A2B0004FD0002601243046294622461DF03BFCA3
:10A2C000052873D11DF039FC09F05EFD41481421C9
:10A2D000017026466AE006AC304621461DF063FC5C
:10A2E0002278304629461DF026FC06A90870411F39
:10A2F0000A0615D0C9B2FC291AD8002D42D02988E7
:10A300004A1E072A39D8C0467A4412795200974427
:10A31000035939503939395605991DF051FA44E03D
:10A320001DF00BFC09F030FD2A48142101703CE0BF
:10A33000042812D0022815D13188019CA0798029E7
:10A3400024D0039A1202914224D102991DF0F9FC03
:10A3500028E020480021017028E01E480F210170EC
:10A36000384620E017F074F9802801D0072200E079
:10A370000822049817490A7015E0102902D11DF02F
:10A38000E3FC12E000201BF095F90EE002991DF0AD
:10A39000D7FC07E01DF0A0F9012806D0A0790299AA
:10A3A0001DF012FA304609F0EFFC039E304607B06C
:10A3B000F0BD2946059A029B1DF0C4FCF5E71DF08F
:10A3C000C2FCF2E72946059A029B1DF0BEFCECE7B1
:10A3D000EC680020F9690020FEB50446016CC26AF1
:10A3E00016F0CEFEA16E012220461BF019FFE06C94
:10A3F000626EA16EA36FE56F0095FBF76BFC216F9A
:10A40000226B204616F0BCFEE56FA84201D93C2025
:10A41000FEBD002800D1A6E0216F606FA36F626EC1
:10A420000095FBF757FC606C254674352ACDE26C2D
:10A430000095FBF74FFC616CA06CE26F1CF07CFC9C
:10A44000216D4A4A20461BF0EBFE606DE16CE26F25
:10A450001CF072FCE16D002720463A461BF0E0FE3E
:10A46000FE21444E002974D4206C029102991CF004
:10A4700096F901904740616D626C1DF0DEFAE16D66
:10A48000E26C1DF0DAFAE26D206E616D1DF054FA97
:10A49000374FB847216E606E1CF08AFFA06E616D69
:10A4A000E26D1DF049FA344DA847A16EE06E1CF034
:10A4B0007FFF206F616CE26C1DF03EFA2C4DA847C7
:10A4C000216F2746743789CFA26E0097B047206F5F
:10A4D000616CE26C1DF030FA274FB847A06E216F17
:10A4E000226E1DF005FA1CF0B0FCA847606C216ECE
:10A4F0001CF05EFF1CF0A9FC1F4FB847A06E216E38
:10A500001CF056FFA16CE06CA26E1DF0F1F9606DBD
:10A51000616EE26E1DF0ECF9E26E206F616E1DF06F
:10A520000BFA154FB847206E216D226F1DF0E0F930
:10A530002746743789CFE16E226E0097A847E06DF9
:10A54000274670378ECF0097B0470299491E019F6A
:10A5500088E7616D626C1DF070FAE16DE26C1DF0D0
:10A560006CFA9920FEBDC320FEBDC046CC8B4600D0
:10A57000795E0000D55C0000015F0000FEB50C466E
:10A580000746C0B21DF0BCF805464079002820D02F
:10A590003B20C0002A181078002680076AD4594B47
:10A5A00059484078012816D15A4800680078B842C6
:10A5B00006D0002014461F461BF07CF83B4622467E
:10A5C000688E434390680121C9070140C818906014
:10A5D00050E0FF264EE00092019628684068066A27
:10A5E000FF2C1ED10296384615F012FE86B2FF2EC1
:10A5F00035D0C0B21DF084F800684068046A688EE7
:10A600004049484302994118204618F049FE002865
:10A6100025D130463946FEF71DFDB04246D03046C2
:10A62000E2E70120C0070290E0B21DF069F800687F
:10A630004068046A688E334F78438119204618F0C9
:10A640002FFE002818D0688E4743009A90689189A1
:10A650002E4B1940029B18403843918108E0688EC8
:10A66000284B4343009A90680121C9070140C8184C
:10A670009060019E3046FEBD204631461DF014FB21
:10A68000009DA968AA89224C2040204B1A40029BB9
:10A6900019400B460343AA81AB606B682340984284
:10A6A000E7D208351943AA802960E2E7688E154F82
:10A6B000784302994018214618F0F2FD0028019EC7
:10A6C00016D0204602991DF0EFFA009DA989AB68CB
:10A6D0000F4C20400122D2071A401318AB606B6860
:10A6E00023409842C6D208351A43A9802A60C1E7A0
:10A6F000688E4743009A90680121C9070140C81934
:10A7000065E7C046C4090000EC680020FFFF0000B8
:10A71000FFFFFF7F54690020F0B585B004468078C4
:10A7200009280BD0082818D1E1785B4F3868002938
:10A7300015D0002813D004A9082209E0E178564D6D
:10A740002868002941D0002800D195E002A90B22F9
:10A750000A70C0881AF086FB9BE000209AE000286F
:10A7600057D0514909783A2905D10178002902D1F9
:10A7700015F0AEFD3868406F2030251D2026294693
:10A7800032461BF045FC3868406F40302434214687
:10A7900032461BF03DFC454E307800280ED000209C
:10A7A0007070B01C202729463A461BF031FC223637
:10A7B000304621463A46384F1BF02AFC386801786B
:10A7C000002935D011F032FD51E0002854D0017835
:10A7D000002941D0406F6030211D20221BF018FC61
:10A7E0002E4800783A2851D128680078002805D1F1
:10A7F00007F0B8FD28680078002847D01DF06BF9F5
:10A80000002843D0694608702868C0881AF02AFBDF
:10A810003CE023484178FF2929D001788A0726D5D2
:10A82000FD22114001701F49204610F099FF1EE0E3
:10A830004178142919D11E480068002817D00069F2
:10A84000002814D08047002811D003A90870386868
:10A85000C0881AF007FB0AE011F0E8FC002808D0D5
:10A8600001A908200870286873E7152141700E4877
:10A870000DE028680028ADD109480178CA0705D045
:10A88000FE2211400170204616F03EF803480021D8
:10A890000170012005B0F0BD88780020096A002011
:10A8A000BA6F0020486600200A6A0020EC6300208E
:10A8B0008C78002070B55C4D28781CF03AFD00289B
:10A8C00027D004461DF032FA584800681DF038F8C9
:10A8D00020461DF006FA20461DF022FA204618F008
:10A8E000B5FF207A00281AD0206E41792A78504886
:10A8F0001DF015FA11201DF01AFA207B401C207360
:10A90000216F4979002911D0C0B288420ED143216C
:10A9100006E000201AF0CEFE1DF008FA03E0002148
:10A92000204616F0B1FE00F059F970BD25464235BB
:10A930000020A876616E4A7E002A08D11CF070F8CB
:10A940000B2115F085FB7D2040014843616E4A795B
:10A9500012040B791B029A18C9785118226E1379C8
:10A9600093802269334B4B4318188118206E016283
:10A970002161206FC2780079000280180ED0A06B90
:10A9800000280BD0A27B012A08D02B4A126892889B
:10A990009200511818F084FC002843D0274E3078DC
:10A9A00002280CD32448016808680069C96809684E
:10A9B000096918F075FC002801D00FF08FF8606E5F
:10A9C0004078C00604D4317820461DF088F907E0AD
:10A9D00020461CF079FE012802D0206E1849C16281
:10A9E00018480078002812D02878FE21014002295A
:10A9F0000DD1154D28680D301BF0DBFB002806D16A
:10AA0000204630302968C91D06221BF001FB00F0EA
:10AA1000E5F8606E007E400603D5034903201AF076
:10AA2000C7FE70BD3C217BE7E0690020C4790020AF
:10AA300001100000C4090000AC690020FD6900207D
:10AA400000204E00F4680020B4690020F0B587B003
:10AA500019F0DCF8002804D010F068FF0020C04393
:10AA600000E00020039051484068002800D0804753
:10AA70004F480778554C05A804A906AA11F016F905
:10AA800000282ED10698861F3178032905D1474921
:10AA900089680029EFD08847EDE704A90978636841
:10AAA0000022974212D09D5C8D4201D0521CF8E7E3
:10AAB000D5B2FF2D0AD00838007818F007FC31789D
:10AAC000022906D0012907D1069904E01BF0C8FC31
:10AAD000D1E70699891C08700699284619F0C8FD27
:10AAE000C9E7344801680020064604C9002A04D199
:10AAF000401C761CB842F8D300E00646F5B2BD42D1
:10AB000024D22D48006880472A490968AB00019388
:10AB1000CA5802920022CA50284909688847234827
:10AB200006702748019E825928460299904705469B
:10AB3000FF201E4908702048006880471D490968A9
:10AB40008A592A438A511D490968884719F05EF8D5
:10AB500005460398854214D0002D00D1194D1A489E
:10AB60000068854200D30546A06808341CF0F9F857
:10AB70000E49C868421CCA6015492846234619F088
:10AB8000CBFA14480068002809D10A480168781CEB
:10AB9000401E08D00A1D096800291146F8D00E4849
:10ABA00000681CF0D7F807B0F0BDC046F877002069
:10ABB000A8B70200C4690020AC780020B07800205B
:10ABC000FCAE02008EC2F5289C690020D8770020D8
:10ABD000F9160200A0690020A469002070B55E4942
:10ABE0008C68002C61D06068002803D04079401E3A
:10ABF00003285AD32088421E1F2A36D801239340A7
:10AC0000564A134231D00878002800D17CE0012553
:10AC1000284615F0FFFF002804D0012016F018F890
:10AC20000CF044F8082015F0F5FF002804D00820A7
:10AC300016F00EF80CF03AF8102015F0EBFF002893
:10AC400004D0102016F004F80CF030F82088FEF73D
:10AC5000DBFC064600281CD0308810281BD8854015
:10AC60003F48054217D0756819E000284CD04028AD
:10AC70000BD0802809D001210A02904205D04A0257
:10AC8000904202D0890288423ED120461CF084FDC9
:10AC900070BD002503E030460CF008F8054630464C
:10ACA00029461CF07DFD002800D070BD002E2BD061
:10ACB000B44212D03088411E07291ED87944097940
:10ACC00049008F44032E212521212129002DECD07C
:10ACD000FF2029461CF074FD70BD2088411E072905
:10ACE00023D8C0467944097949008F440327202E90
:10ACF00020202003002D1DD1D7E7102804D1002DDE
:10AD0000D3D01DF021F870BD00201AF0D3FC70BD27
:10AD1000FF20002331461BE0002DC6D01DF013F8A4
:10AD200070BDFF20002331460BE0102802D0002028
:10AD30001AF0C0FC204609F027F870BDFF20002360
:10AD400021462A461DF001F870BDFF200023214650
:10AD50002A461CF0F7FF70BD006800208B80008041
:10AD600002010100F0B585B00127029005685B483B
:10AD700000680490284619F0B5FD7C20285C00226C
:10AD8000082814463E4607D851218C00C4400121B2
:10AD90000C40BB26C6400E4028467C3003905049EC
:10ADA0000498400701D414464CE010200860002CA1
:10ADB000009201D1242000E0282001972858296E14
:10ADC00000290BD02F6EE96DC91B4018394618F0C9
:10ADD000D5FB686FC01B6867002028662F46443784
:10ADE00038461BF075FA686F00281BD1284617F00B
:10ADF00027F9296B0023002913D003980279002E2C
:10AE000006D0084639461F461CF0A6FD3B4608E022
:10AE1000384617F0CAF8002802D10320C34300E0E7
:10AE200000236B61002C019F3C462D490AD1E96D3E
:10AE3000284608F0FDFF2A496861E86D0F28009C4C
:10AE400000D83C460498000702D4002C2CD142E0E4
:10AE500020200860686E00280FD03B466F6E686A3D
:10AE6000A96AEA6DD21B801889183A460BF05EFA7F
:10AE7000A86FC01BA86700206866A86F002803D0D1
:10AE8000284634301AF000FE002E0DD1EA6D00265F
:10AE9000022328463146FDF7DBFA6861E86D102889
:10AEA00000D20126344316D0A86F696FC84201D181
:10AEB0000020E876284612F0AFFC287E022803D155
:10AEC000084819F05BFA06E06C6DAA6D6969039891
:10AED00003780298A04705B0F0BDC0460C010C40B5
:10AEE00004650240D0620020F0B585B00D460646EC
:10AEF0000720C4438868810702D1E9688B0703D023
:10AF00002746384605B0F0BD2B46203304931B7806
:10AF1000E71D072BF5D30D2BF3D80392AB69EA6934
:10AF2000D342EED0336802931B7E042B03D01BF078
:10AF3000EDF90028E5D0029819F0E4FC0746002856
:10AF4000DFD1029F38681BF04FFA002825D001237B
:10AF5000BB7600227A6128680178022921D100930A
:10AF600001921BF0CDFC387E042802D0EA690F2A3A
:10AF700049D80398012816D144370122284639467A
:10AF800004F066FF2846394613F0C8FA6869049948
:10AF90004A7839461CF0E0FC21E00020F876A71D35
:10AFA000AFE7671CADE73846343001906969049A11
:10AFB00052781CF0D1FC2846019913F0AFFA4437BF
:10AFC00002222846394604F043FF04984278384666
:10AFD000019916F0EAFF002801D1201D00E00020B1
:10AFE00001900027029CE776204612F015FC207E97
:10AFF000012806D1646D304601992A46039BA0477B
:10B000007FE7019F7DE73C467C34BD650398207057
:10B01000A9687962E968B9626969396369683962FE
:10B020002969F962049B19786171A969B966FA66A0
:10B030007A67BA675B782371034601983867E070D6
:10B04000022B00D10093002905D000223846009B36
:10B05000FDF7FEF9EA69002AC2D000280099BFD1A5
:10B06000304615F08FFA07464BE77047F0B58BB0C6
:10B070000E4605460878801F0121C841082800D9DE
:10B080007AE0C046784400794000874404757575BD
:10B0900075753F305700738805A811461A461CF095
:10B0A00012FD044600287ED105A8018828461CF020
:10B0B00004FD002864D00746059803A9088005A868
:10B0C00040884880F968498888426CD1727846483F
:10B0D0000090072103AB28460DF0E4FB002102227B
:10B0E00038460CF0ECF9384616F040FE5BE0738809
:10B0F00005A811461A461CF0CAFC0446002852D185
:10B10000717805AA28460CF0F4FD4CE0738805A878
:10B1100011461A4616F0D8FC0446002843D12F48A1
:10B12000818900293FD0807B3378717805AA00910E
:10B1300001920022294613F0BDFD34E0738805A872
:10B1400011461A461CF0A5FC044600282BD105A880
:10B15000018828461CF0B3FC002819D00746C068B7
:10B16000018805AA528851188AB28A421ED003214A
:10B17000384609F0E2F916E005AA002414800EE032
:10B1800003AA022010800598508005A8408805E099
:10B1900003AA0220108000205080059890807178CA
:10B1A00028461AF0C1FD20460BB0F0BD018009040D
:10B1B0000BD0C068002808D009480078002804D0C7
:10B1C00008480078012107F08FFC387A717805AAC9
:10B1D0000091019200226623ACE7C046DC640020A7
:10B1E00064790020F4690020B77A0200F0B591B0CC
:10B1F00009930A920D46064601200890000210A904
:10B20000088055480CA99CC89CC154480B90022743
:10B21000002E00D19CE0002D00D199E00A98002872
:10B2200000D195E00998002800D191E016990029F5
:10B2300000D18DE01798002800D189E00691079091
:10B2400035201CF0A9FB1327002800D180E004461C
:10B2500020201CF0A1FB00286AD0049010201CF0D4
:10B260009BFB002866D00390102005901CF094FBF7
:10B27000002866D0002720220192029004983946C7
:10B280001BF0F0FA0CA90398059A354B9847204615
:10B290003146019E3246324B9847059800900398FC
:10B2A00021463246029B2F4EB047601C27700BA9E7
:10B2B00004222B4EB047601D2946059D2A46B04703
:10B2C000204615300A992A46B047204625300725E2
:10B2D00009992A46B04720462C3006992A46B0479D
:10B2E0002046333010A90222B0470598009035223D
:10B2F0000A9202982146049E33461A4DA8470898A0
:10B3000020703346103305980090029821460A9A1F
:10B31000144DA84707983146019A114B984720468B
:10B32000114CA0473046A0470398A04702980EE072
:10B33000204603E020461CF037FB04981CF034FB49
:10B3400006E02046084CA0470498A0470398A04771
:10B35000384611B0F0BDC046C0B50200656C7462DD
:10B3600041600200B5D00000A9790200F0B5B1B08B
:10B3700014460E46074608AD14F01EF9002864D0A6
:10B380000496059429469C35084699300690039109
:10B390002631079108AC0021A422204600911BF021
:10B3A00061FA27804B4908792071087C2871487B15
:10B3B0002988012402462240474B0B40991802235A
:10B3C000024601931A4089180209D207D20D430997
:10B3D000DB079B0D8709FF077F0D042606408819B0
:10B3E0008018C018C0193B4F02952880F87B801E3A
:10B3F00041424141079841741BF014FE412807D394
:10B40000F87B411E8841C000069A117801431170F3
:10B4100003993831B87A002819D00C7008AE30463C
:10B4200039302E4F2E4D202439462246A84730462B
:10B430005930394620312246A847793640373046C0
:10B440003946244F2246A84703E0142040E00098E4
:10B450000870059C049EF87908A948710028069D8B
:10B4600010D008A8801D3946543110221AF0D0FDA2
:10B470002878082806D108A8163039464431102209
:10B480001AF0C6FDB87E07990870012806D108A8F1
:10B4900027301449103110221AF0BAFD387AFE21F3
:10B4A0000E40022E06D1002804D0029A1188019B7A
:10B4B00019431180411E8841297801437879421E41
:10B4C000904180000843287008A8214607F0F2F94F
:10B4D00031B0F0BDD8710020F8F8FFFF3C720020B9
:10B4E0001160020028660020FEB5002602960125A4
:10B4F000284616F089FC012800D0A0E0514F38788A
:10B500001BF017FF002800D199E00446006E417936
:10B510003A784D481CF003FC2672201D09F004FC0B
:10B5200002A807210DF028FE002800D087E002982D
:10B530008079A072206E503031460AF0DBF8074661
:10B54000801D0190606E4078C006314604D42A20E8
:10B55000385C032606402946206E436B0298026839
:10B56000D36032460E460FF05DF902987421615C9B
:10B57000019D2A4614F086F80298283018370322D5
:10B58000394600921AF044FD029829460DF064FEF7
:10B59000029801462E311BF05BFB02980521818148
:10B5A00019F04BF90298618D2A4617F04DFE02986A
:10B5B00031462A460BF0C4FD02980725294605F0BE
:10B5C0009FFA224800681CF0BBF9029821463746D2
:10B5D000324607F06BFD002808D03B24204617F0C8
:10B5E00049FE0298214618F0E9FA28E0029813F083
:10B5F000CDFB0298616E897A154A1CF0B5F8029865
:10B60000616E8A7D00990A4039461AF0EDF8029879
:10B6100005F0FAFD0F480168029882793C235343F4
:10B62000C918026851601AF0CFFC0B4805700298E7
:10B6300080791BF015FD0298006808494161FFF709
:10B64000CDFAFEBDE069002001100000C4790020A1
:10B65000FFFF0000B8790020F9690020355901008A
:10B66000F8B558484078002801D11CF0EFFA564848
:10B67000006856490A78FF211BF0F4F81CF084F9A1
:10B6800053494018009000273E4650480078F5B2D4
:10B6900085421BD228461CF033F84179002913D08B
:10B6A0008179494A12687C1CFBB2D154016849680F
:10B6B0000F6A0099FCF7EEF82846394613F042FB72
:10B6C00028460DF091FD2746761CDEE73D4E70784A
:10B6D000F9B2814205D01CF0B9FA822012F0F2F9D9
:10B6E0007778F8B2012835D1002538480178E8B2DA
:10B6F000884229D21CF004F8044640796D1C0028C9
:10B70000F3D0C32040002518A0792F490968097893
:10B71000884202D01CF09AFAA079FF21FEF72EFF92
:10B720002888E189490888420CD8207C002809D162
:10B730000F20400120188088000603D4A079012141
:10B7400012F02AFDA4793AE01CF080FA822012F06F
:10B75000B9F97778F8B2022806D11CF015F804463A
:10B760001C4884422BD17778174C2068F9B210F02E
:10B77000D9FC206871781CF0E0FA08F05FF9044603
:10B78000C5B2FF2D04D11CF061FA822012F09AF9A3
:10B7900028461BF0B5FFC3214900415AC28952080F
:10B7A00091420CD8017C002909D10F214901401890
:10B7B0008088000603D40121284612F0EDFCE0B297
:10B7C000F8BDC046EC68002054690020FA690020EA
:10B7D000C4090000FFFF0000F0B58DB00646129DC1
:10B7E000107AD48880068008A405A40A201807923D
:10B7F0009288534C1440001901900F201840069075
:10B80000681E05952A468241702018401038434230
:10B810004341134003934B48047800274A4DA0B29C
:10B82000BAB2824200D382E07F1C0497A878F7B2B4
:10B83000874250D0029688B217284AD3CD1FACB2A7
:10B8400008AE3846214632460DF098FFF67A0320BE
:10B850003040022831D1069903296DD80798007A23
:10B860007944097949008F441201040E08A9097A24
:10B8700006E008A90A7A90421FD10798C088C988B3
:10B88000884204D019E008980199814215D10398A3
:10B89000002845D005988289836808A8002113F004
:10B8A000A1F8002809D1059A9068D188401811683C
:10B8B000928819F087FA002832D070070DD508A8B1
:10B8C000C08984420DD9291A88B21728B6D21D48DA
:10B8D00004781D4D029E049F14E001201A4D6871EA
:10B8E00004E03846214614F0D3FA174D00273846B5
:10B8F000F7F732FE13480478E878401C214614F02C
:10B90000A7FB0E46F0B20019401E00B221B210F0A3
:10B9100093FD0E46C8B20C2141436818818B7EE727
:10B9200008A9142207981CF017F8002005E0002051
:10B93000079988810A2000E004200DB0F0BDC046C0
:10B94000FF030000DB690020C4610020F0B58DB06A
:10B9500017460D4604468E78122E18D01E2E21D181
:10B96000204617F0C1FB002700287AD005468078D2
:10B9700040087E2875D8E878002700971E232146C6
:10B980003A4610F0D3FF28461BF0FAF869E06878D1
:10B99000012807D148480078FF2861D0049700208B
:10B9A000039021E0204617F09FFB0346002810D0AB
:10B9B0001A79002A0DD050B20027002851D4204611
:10B9C00031461C4619F07EF920798021014321710E
:10B9D00047E00497384800780627FF2841D0022E18
:10B9E0003FD30393182E3CD830461AF081FA06272D
:10B9F000002836D0029030461AF086FA002830D05F
:10BA00002878002802D16978012902D1122E28D184
:10BA10006978AA68AB8807AE0096029EB0470746D1
:10BA200000281ED1A8781AF06FFA024607A920460E
:10BA30009047002818D007466878002811D1A878C8
:10BA400005A908700F710798488020461AF0ACF8D5
:10BA500000280CD0012105AA204609F093FE06E03B
:10BA6000062738460DB0F0BDAB78042B01D1002776
:10BA7000F7E71148007807A90091002621463246D1
:10BA800010F054FF07460028EBD1A97807A813F05F
:10BA90004FFD002801D004980670A8781228039A58
:10BAA00005D1002A06D06978012902D102E0002AD6
:10BAB00000D010713746D4E7517A0020F8B514460B
:10BAC0000E460146504802781227012A0AD14078D2
:10BAD000002807D11820022E03D8002E04D0002CF5
:10BAE00002D1F8BD3846F8BD022E01D1FF2CF8D89E
:10BAF00008461BF01EFC002805D00546007A0128E8
:10BB000003D11120F8BD3420F8BD686E41780907D3
:10BB1000890F0CD03D490968002908D00A68002A1D
:10BB200005D0C17A0C30904700283846D9D0A86E8D
:10BB3000C178027912025218417983791B0259188F
:10BB4000C3791B04007A0006C01843180127694610
:10BB5000384611F035F9002804D000780121014061
:10BB60004F424F41012E0AD0002E15D1286FC11C23
:10BB7000002F19D000224A700A7042711AE0002F7B
:10BB800005D12348201880B22249884219D3286F52
:10BB9000210A0171C4700BE0002F19D0286F002119
:10BBA0000171C170447105E046224A7050220A704A
:10BBB000002141710121017041701BF0D9FC002866
:10BBC00001D01820F8BD01201AF0D2FF0020F8BDE6
:10BBD000696E1820002984D0002C82D0012CDDD081
:10BBE000CA780B791B029A184B791B04D2184B7E2A
:10BBF00009495143012B01D0084A891822464A437A
:10BC000007498A42CAD96CE70C790020DC79002008
:10BC1000AFB9FFFFB0B90000C4090000409C0000AC
:10BC20000054EA2AFEB51224012800D9A5E01546E1
:10BC30000E460746002902D1002D00D09DE0002EBF
:10BC400002D0002D00D198E02846184300D194E09E
:10BC5000002B15D002944A4800680D301024194674
:10BC600022461AF0D5F9464800680D30214618F0F2
:10BC700029FF43480068029CC11D0D3010F084FD6F
:10BC8000002D68D0002E07D03D4800683946324666
:10BC90000AF088FFFF2870D1012F08D128461AF03A
:10BCA00088FA002803D170798009032865D33548C4
:10BCB0000078334909680122D3B283424DD81E244B
:10BCC0005C430B5D521CFF2BF6D108190770401C1A
:10BCD000062231461AF09CF9294E306800190D30C1
:10BCE000102229461AF094F9306800190D301AF024
:10BCF00060FA00280BD1306800190D30102118F0BF
:10BD0000E1FE30680019C11D0D3010F03DFD3068B6
:10BD100000190027477702971B480178F8B288423C
:10BD20002AD21BF0EDFC05464079002811D0A9204D
:10BD30004600A85D01280CD1532080002A18104825
:10BD4000006801190D310192104613F069FB0028BB
:10BD500005D17F1CE0E700240FE007240DE0A819BF
:10BD6000074909680A19095D01230B400370511C3A
:10BD7000062201981AF04CF9029C2046FEBDC046EE
:10BD8000B4690020056A0020FA690020F0B589B086
:10BD9000564800781BF0CDFA002800D1A4E00446F4
:10BDA00003A8FF210170216E503106AD284613F023
:10BDB0007BFB284608F020FF002800D194E00546D0
:10BDC00080782918C8780F220240032A00D08BE01F
:10BDD000091D4A798B791B029A1804AFBA804A78F8
:10BDE0008B781B029A18CB781B0409790906C918AD
:10BDF000891804914006C60F606E807C401EFD21AC
:10BE000001404A424A413846314614F005FDC3B26A
:10BE100003AA3846314603F06DF9070632D12846A9
:10BE200017F086F8C00604D5012004AA314609F0AF
:10BE300011FE03A80078FF2824D01BF00BF9019015
:10BE400003A909781E264E4302978719F81D04A9F5
:10BE5000009106221BF080FD7879B9790902081853
:10BE6000009988807878B97809020818F978090467
:10BE70003A79029F12065118081804900198805DC3
:10BE800002260643062019F077FC002827D0002F51
:10BE900025D1606E007E0121014020D00B201BF0D7
:10BEA0007FFD002817D00746132038700F48007810
:10BEB0007870BE70E8783F2101407972284617F00B
:10BEC00021F8B872F81C04A906252A461BF044FD87
:10BED0002846394601E00E20002119F069FC206E49
:10BEE0005030002109F006FC09B0F0BDE0690020E7
:10BEF000F0B58DB005920C460546408818F032FD2D
:10BF0000871E4F48007800280B950AD04D480646FA
:10BF100034362C30854206D0202229461AF078F893
:10BF200001E02E460836B8B2801E0A90701D0890B7
:10BF3000444D0796A88B002C57D10A99814254DBB7
:10BF40003088718833790CAA0092089A0CF0ACFE04
:10BF5000002840D00746408930800B9D68880CA996
:10BF60000A8839460CF086FD002836D16888099089
:10BF70000CA90A88324E736829790A9CA0B2002560
:10BF8000304CA41C009406950195029003910998E9
:10BF90003946FCF72BF804463078002804D0002CF2
:10BFA0000B9D079E04D01AE0002C0B9D079E1AD112
:10BFB000688823494968234A52887B890BF080F8B6
:10BFC00000280AD130882049884204D0401C3080A3
:10BFD00000241C4DAEE7002405E0044603E0162CC7
:10BFE00001D1069C29E0174DA88B00281DD0E98AB5
:10BFF00014F02EF8A8821248007800280BD02C46A6
:10C000002C342179284634301AF0EAFC0021202211
:10C0100020461AF027FC0B9840881435294616F064
:10C0200087F8002808D1044607E0002C00D10A2434
:10C0300005993088088000E01624E0B20DB0F0BD0C
:10C04000F8720020F4730020FFFF0000F0B585B007
:10C0500000286DD004461D26B3204000251848480E
:10C06000006880470290287811F0C0FAA06E00287E
:10C070002CD0444F001D18F015F900281DD0817BED
:10C080004118C97B032906D00F214156002902D54A
:10C090003978491C397008F0A1FAA06EEAE7817B73
:10C0A0004118C97B032906D00F214156002902D52A
:10C0B0003978491C397008F091FAA06E0C3018F0EC
:10C0C000F1F80028EBD1A06E18F06CFE35012E4877
:10C0D00000782E4908702E490A68A0791C23434332
:10C0E000D218002797600A68D218D7600A68D7501C
:10C0F0000968C9184F601BF0F8FD26480078012830
:10C100001DD1206F00281AD00195234EB047234D32
:10C1100028461830B04728461030B0473E46102E0B
:10C120000AD0A85908F05AFA0020A851361DF6E79F
:10C13000002019F0BFFA20E000202884019D661934
:10C14000104D2878002808D0A27904A90A8003AAF3
:10C150001080012011F028FD2F70204608F0E4FD2A
:10C160003068002802D008F039FA3760204609F01C
:10C17000C3F80B4801680298884705B0F0BDC04677
:10C18000AC780020FE690020FB690020016A0020D5
:10C19000B4750020EC680020ED640200B875002042
:10C1A000B0780020F8B54049087040480024046089
:10C1B0003F480E2101700D214180890181803D4859
:10C1C00001783D4A11704378537086789670C7782D
:10C1D000D7700579157140795071384A11705370D4
:10C1E0009670D770157150713548E14381800160B8
:10C1F000344804803448017F427F12025118827F04
:10C200001204C07F00068018461870782F49087005
:10C2100030782F4908702F4800882F4908807069AE
:10C220002E490860F0782E49087030792D49087041
:10C230001BF0D2FA18F056FC19F09AFD214619F0BD
:10C24000A3FD294908702820305C022804D3283631
:10C25000717803220A4002E0FF2101200A46234BA5
:10C26000187059709A701BF035FD05F0DDFC002840
:10C270000BD007F031F90C4800780121890306F052
:10C2800033FC002019F016FAF8BD1948046019496A
:10C29000818084711BF042FD03480078012149032D
:10C2A00006F022FCF8BDC046DA6900205069002083
:10C2B000226900205800004E0C6900201C690020F3
:10C2C000146900202E64002034B20200FB690020B3
:10C2D000FA6900201A7A0020CE69002078690020CF
:10C2E000E1690020056A0020FC6900202D6900201A
:10C2F000E4680020FFFF0000F0B591B004930392C2
:10C300000E460224E7430021069100280DD0002E9E
:10C310000BD00399090D08D100684168484814F012
:10C3200011FB002800D180E07F1C032031460090E3
:10C330000140089104204349049A002A079602D03C
:10C34000F218521E07920A96189A0292179A0192B0
:10C35000169E0125089A801A099008680590002009
:10C360000B93002F294600D10146C80757D1344806
:10C37000006D0027089900290BD0984209D209992D
:10C38000884206D2059815F04BF80B9B07462C48BF
:10C39000006D984201D31C4604E0099C011B009AE1
:10C3A00091430C19002819D0002C17D0A04215D3A6
:10C3B000001B254909180A9822461BF0CDFA20488F
:10C3C000006D001B2049081800220599234618F02B
:10C3D0009BFF0B9B1A49086D001B0865002F08D1B5
:10C3E000A34206D0191B0A98001916F0CDFD0B9B2D
:10C3F0000746079A1078069908401070002E2846C4
:10C40000AFD003980D900A980C900CA80499017273
:10C4100001990F9102991091B0470B9BA1E7084831
:10C4200017F0ACFF384611B0F0BD0398C01DC3082B
:10C43000072101408C40601E0690002775E7C0462A
:10C44000485B00207CB7020008660020F0B589B088
:10C4500007931746089104464D4DE87D80001BF078
:10C460009BFA002838D0064606970E9805902F466E
:10C47000062060430390203008210291089D2A463F
:10C4800019F0F6FD019020460EF038FDF87D82008F
:10C49000FF2130461AF0E6F9532080002018F97D7C
:10C4A00089000496324619F0E3FD064601980643DA
:10C4B000B86AE100059C40182946029A19F0A8FDC7
:10C4C000002C0ED000211022204618F050FE00282B
:10C4D000069A0AD0344606E0042019F0EBF80A2543
:10C4E00052E03446069A039D18E0119F0899887916
:10C4F000224601242040002318F04CFF002F039D0A
:10C5000003D0002801D0224844702846233010214F
:10C51000059A19F0ADFD04463443069A002A07D067
:10C52000284621301C2119F0A3FD0746274300E0CF
:10C5300027460F9E079A002A07D0284622301C2142
:10C5400019F096FD04463C4300E03C46002E10D016
:10C55000284624301021324619F08AFD064625353A
:10C56000042110AA284619F083FD054635432543CA
:10C5700000E02546049C0648407C002801D014F0C9
:10C58000BFFF20461BF010FA284609B0F0BDC04698
:10C59000D8710020F0B585B002AC0EC404461AF084
:10C5A0004DFD0646E0B21BF0ABF804463920C00052
:10C5B000251827467437A87902280ED0012800D004
:10C5C00084E00498022814D101960026AE802E60E3
:10C5D0001BF082F9AE60019E02E00498022875D13A
:10C5E000039901291AD000291FD18C2011F06AFA71
:10C5F0006CE001202A88022A38D3039951186A88EE
:10C6000091424CD900242C601BF066F9AC60AA88DA
:10C610008B20314614F0C4F8AC8057E0012028800C
:10C62000029909786980A87150E0029A5078000256
:10C6300012788018001D6880042905D3029A90782A
:10C64000D27812021018A880204610F0EDF90028C8
:10C650003CD0A868002839D01BF06AF922466888C7
:10C66000A04235D11AF0BEFBAC802EE00399002920
:10C6700015D0012A13D10298007800026A8802437B
:10C68000101D6880042905D3029A5078927812020E
:10C690001018A880204610F0C7F9411E88410028D4
:10C6A00014D0A868002811D0298840181BF040F940
:10C6B0002888001982B228806888824206D11AF040
:10C6C00091FBAC802C600220A871AC6005B0F0BD7D
:10C6D0002888801828800120A5E7704770B586B0AB
:10C6E000044681780025481E0F2826D87844007912
:10C6F000400087440C8E248E8E338E8E8E0C8E8E50
:10C700008E07070720461BF0D4F9054681E008464E
:10C71000214606F08BF9A488E0B201A91AF078FA54
:10C72000204612F049FF002872D00446827C4088DF
:10C7300001A952073CD512313BE0832969D1A08879
:10C74000224615F0F9FA0546E078002861D1A08864
:10C75000E1886289238918F0DDFC5AE0A088402135
:10C7600001252A4616F086F80026304619F0A0FA70
:10C77000C0B202282ED1102017F034FA002842D07F
:10C780000146D0200870E078487011208870A08899
:10C790008880E088C8802089088160894881A089D4
:10C7A0008881002088731C48007817F061FF2FE013
:10C7B0001A49097819F0E4FB65883420215C0020CF
:10C7C00014F052FC0146284614F0EEFE608801F099
:10C7D00060FC1DE0A18801AA118001280DD000286D
:10C7E0000DD1E08801A94880208988806089C880AF
:10C7F000A0890881002088722E4601A8C67201A86F
:10C8000006F0B6F804E0A0884021002216F032F8C5
:10C810000125284606B070BDA2730020E8690020FB
:10C8200086B04F4F4D48006A0668002E02D0C0689F
:10C83000046800E00024786A401C786202A812F0C4
:10C84000EDFF05460298002802D003F089FA7DE04A
:10C85000002E03D0AC4211D9002204E03F48406AC8
:10C86000006842424241786B611B13F0A3F803F069
:10C8700077FA00286AD119F043FC67E003F070FAF8
:10C880002046294613F004FD60E0029E002E2ED4BF
:10C89000049C6069002802D0201D18F083FB01A8C9
:10C8A00012F0BCFF0546701E08284FD87844007966
:10C8B0004000874404042F213F04042F2100282036
:10C8C000215C01220A432254039EA069811920465B
:10C8D0002A46334614F064FF002837D0204628301B
:10C8E00001784A071CD4FA22114001701EE0039A15
:10C8F00004980599904729E02820215C01220A43E9
:10C9000022540398A061411920462A462B4614F070
:10C9100047FF1BE02820215CFE220A40225415E03C
:10C92000A069811920462A4617F098F9216A204605
:10C9300088470BE02820205C810703D4204613F0B1
:10C9400017F803E02834FE2108402070786B02A914
:10C95000002204F0B9F9002897D163E72C70002079
:10C9600004710020F0B58BB003920F4605460620F7
:10C97000C643A9680493D81902914968884201D92D
:10C98000F61C81E0109C42488068B11D019113F0B3
:10C99000D9FFE007069406D1224602980068A10755
:10C9A0000FD4049D2FE03A4B1979002900D0394962
:10C9B0000A4604980240C8431B78002B11D1134645
:10C9C00012E0C119039A049D2B46002B1AD014784B
:10C9D0000D7825405B1E521C491CAC42049DF4D0CE
:10C9E0004EE00123DB02D318049C204200D01A46FB
:10C9F0003940284607F0CAFF0646002840D1029871
:10CA00000068049D069AC419039E0597002D25D041
:10CA1000082D07952F4600D3082717F059FB0A90D9
:10CA20001D4908680990002008601C4800680890AB
:10CA30001B48314622463B46089DA84705460998B3
:10CA4000154908600A9818F015FD002D17D1079DAB
:10CA5000ED1BF619E419059F069AD7E70026500743
:10CA60000ED502980068C019049B039C002B07D0C8
:10CA7000217802785B1E641C401C9142F6D0019E16
:10CA80000348806817F07AFC30460BB0F0BDC04612
:10CA9000A078002000F8FFFF244402406000000F4F
:10CAA0008FA0E3B7F8B516460F46054617F010FB02
:10CAB00001462C1D6879002800D183E00F2800D999
:10CAC00080E0002F7ED0012800911ED11AF028FBB3
:10CAD000012528460BF066FB21780002081820800B
:10CAE0003B4E304610301AF0A0FC03281DD13068B0
:10CAF00000281AD0317C490705D436490D60317CB5
:10CB000004220A433274690259E0032F3DD0022FF8
:10CB100024D0012F4CD12E480179B207D20EE72341
:10CB20000B4099180171802148E030461C301AF002
:10CB30007CFC0228009945D13068002842D0317F22
:10CB4000490709D4317C490706D4224902220A60E8
:10CB5000317F04220A433277290230E001200102AA
:10CB60001B48027FB307DB0EE7261640F318037756
:10CB7000520723D4027C520720D4164A02231360A2
:10CB8000027F04231343037718E001225102104867
:10CB9000037CB607F60EE7271F40BE1906745B0735
:10CBA0000CD40C4B1A60027C04231343037405E07D
:10CBB00009480A490A4A00BF00BF0021284611F06F
:10CBC000A1FF0099084618F055FC6078F8BDC046F2
:10CBD00094650020301008403AB70200FFA7020019
:10CBE000A1030000F8B514460E46074617F070FA88
:10CBF00000901AF0FBFA0546002C04D0C835012C31
:10CC000005D12E460BE04248C5602E4618E0A81B11
:10CC10003E49884201D9354601E0022C61D13C48A9
:10CC2000C560284616F0A2FF1AF0E0FA401B37490B
:10CC3000884205D837483849AD22520000BF00BFAE
:10CC4000002F2DD0324C20794007800F28D1B868B2
:10CC5000F968002905D08A196261227C01231343F7
:10CC600023744218012A00DC0122002800D4024665
:10CC7000002900D10246012A05DB90192062207F9D
:10CC8000012101432177204610300BF02FFC204674
:10CC90001C300BF02BFC2079F9210140881C2071FD
:10CCA0001B48017C4A0718D4C906890F0BD00129FB
:10CCB00002D00146183101E0014614310968691AB1
:10CCC000124A914209D9017F4A0718D4C906890F2F
:10CCD00011D0012909D0243008E01AF093FF032075
:10CCE00010E01AF08FFF8620F8BD20300068281A67
:10CCF0000649884203D91AF085FF0320F8BD1AF0CF
:10CD000081FF02200BF04EFAF8BDC046FFFFFF1F67
:10CD100094650020B6AB0200FCA60200F8B51546EB
:10CD20000E460446806AA067616817F0ABFE0246B3
:10CD3000E067A16F204603F055FFA06FE26FD100BE
:10CD40004118083190000A18121D13181B1D1818DD
:10CD5000001D274660370EC7E0663B4F204632462F
:10CD6000B847616E20462A46B847A16E62682046E1
:10CD7000B84730461AF085FEE16FE426884260D15C
:10CD800028461AF07EFE0146E06F814259D1206E9E
:10CD900019F07AFB002807D0606EE16F19F074FB80
:10CDA000002801D0E3264CE0A36EE16E226E2046FF
:10CDB00009F000F8E126012843D1E16EE06F800020
:10CDC000085800283DD1626EA36E204608F0F2FF9D
:10CDD000E226012835D1E06EE56FA9004058002811
:10CDE0002FD1A06E216EE269A36F0095174DA84761
:10CDF000206E1AF083F9E06E216E226A1AF048FD67
:10CE0000206EA26EE16EA36FE66F0096A847E06EFB
:10CE1000216E626A1AF03CFD616EA06EE269A36F3A
:10CE2000E66F0096A847606E1AF068F9606EE16ED2
:10CE3000E26F18F080FD002801D11A2000E01920CF
:10CE4000C643F0B2F8BDC04681110200D55C0000B7
:10CE5000F8B517F047FE384E00242046B047374952
:10CE60000978374FB8470120B04710252946B84701
:10CE70000220B0472946B8471AF082FB05461AF04F
:10CE800083FB0146284615F0A9F8054618F0E7F897
:10CE90002C4800680480448084800DF09CFA0DF0DA
:10CEA000ECFD1AF0C1FB07F0BFFD27488278072090
:10CEB000D10701D0014600E00521120700D403206C
:10CEC0000840224908701AF0BBFB1AF0B5FB204855
:10CED000047020481B2101801F482921C9000180BE
:10CEE0001E4801801E48A921090101801D48FB211F
:10CEF00001801D4801801D481D4901801D48018099
:10CF00000CF0C6FF11F02AFC1AF0EEFE1AF089FDB3
:10CF100011F0A8FF1AF025FE174804701748E143E6
:10CF200041601F220272C1600274154925220A70F5
:10CF300004702846F8BDC046F5350200E1690020BE
:10CF4000495B0200B06900209E670020E269002072
:10CF5000066A00200A69002012690020CC690020BE
:10CF60001A690020D6690020D2690020D869002003
:10CF700090420000D4690020F969002070770020F9
:10CF8000076A0020F0B58BB016460A910546D0B26C
:10CF90001AF0B6FB04461AF0F7FC0022002C6FD002
:10CFA000002D6DD0617900296AD002920F214901CC
:10CFB000079161180391C3214900089161180591F7
:10CFC0003B4941186868076A20684068056A284636
:10CFD00009911AF069FE0A99884207D30A9838180D
:10CFE0000490294616F05CF9012810D105980088B4
:10CFF000E18949080125884243D9207C002840D195
:10D0000003980068C00F3CD10A983818049001209A
:10D010000190C0070690B0B213F0FAF8FF2833D0A1
:10D020000646C0B21AF06CFB054620684068076AE5
:10D03000384609991AF038FE0A99884205D30498AF
:10D04000394616F02DF901281ED1089828180088B5
:10D05000E9894908884208D9287C002805D1079821
:10D060002818006806990842D5D00399086889886D
:10D0700080220A4006990840801807D0019D00E0F0
:10D08000154628460BB0F0BD029DFAE705980588C5
:10D09000A07913F019FA281AE18949088842019DFC
:10D0A000EFDCA0790125294611F076F8E9E7C046C2
:10D0B000C4090000F0B58BB003930492059106906B
:10D0C000102420461AF068FC064620461AF064FC3C
:10D0D00007461325002E78D0002F76D006983146CB
:10D0E0003A4606F055FC0546002870D11025284622
:10D0F0001AF052FC044628461AF04EFC034613254B
:10D10000002C029056D0002B54D00196049A002A8D
:10D1100000970CD010460F300009461E3001110751
:10D1200007D180B20599081801991A460DE0002030
:10D13000064680B2059908180F210A4007AD294616
:10D1400017F0BAFA28463946029A19F0ABF8109847
:10D150000490002510222046294619F083FB0A95E9
:10D160000995089507952F46B8B286420FD9002D2C
:10D170000DD13805000C0599091807AD20462A463F
:10D1800019F090F81AF034FB05467F1CECE7002DEF
:10D190000DD107AD204602992A4619F083F81AF0FE
:10D1A00027FB054603982146049A18F031FF009F9B
:10D1B000019E029B002C03D020461AF0F5FB029B37
:10D1C000002B02D018461AF0EFFB002E02D030469A
:10D1D0001AF0EAFB002F02D038461AF0E5FBE8B25D
:10D1E0000BB0F0BDF0B58BB015460E46074648783B
:10D1F00015F0D2FF002814D00446049700270771C9
:10D20000307815282DD007280DD013281ED00128DE
:10D210004BD101200390728805A8294612F0AAF983
:10D220002BE0002741E0207803283ED10120039025
:10D23000728805A829461AF048FC00281DD100274D
:10D240000122204639460AF03AF917E020780428EE
:10D250002BD101200390728805A8294618F0EBFF16
:10D260000BE02078022820D101200390728805A8C5
:10D2700029461AF026FC00281AD00746204619F045
:10D28000BFFC3378072B0AD0152B08D0207A05A9CC
:10D2900000220092019104993A4611F00BFD039887
:10D2A000002802D0204614F061FD38460BB0F0BDD6
:10D2B00005A802890027002A01D0394624E005A8E4
:10D2C00000883F2102468A43402A14D105A9498893
:10D2D000172910D305AA9288172A0CD3E36805AD45
:10D2E000ED881D8058809980DA800120207000220E
:10D2F0000392114608E0E1684880E08861881AF0EE
:10D30000C4FB05A802890221204609F0C6FBB5E747
:10D31000F8B50D78474B1D70CC7B1C7200222A2D6E
:10D3200000D085E0232C00D082E04A78412A00D347
:10D33000093216018A782F24E5433624E443009409
:10D34000412A2F4600D3009FBA1832435A70CE7834
:10D35000412E00D3093636010F79412F2C4600D3D8
:10D36000009CE41934439C704E79412E00D3093659
:10D3700036018F79412F2C4600D3009CE4193443A9
:10D38000DC70CE79412E00D3093636010F7A412F59
:10D390002C4600D3009CE41934431C714E7A412E74
:10D3A00000D3093636018F7A412F2C4600D3009CDA
:10D3B000E41934435C71CE7A412E00D3093636012C
:10D3C0000F7B412F2C4600D3009CE41934439C7101
:10D3D0004F7B412F00D30937D6B25A1C3F01897BBE
:10D3E000412900D3009D69183943D971F1080170B2
:10D3F00059784907C90F417059788C07E40F847038
:10D4000001240C40C47099780171D97809061C79FF
:10D41000240461185C79240261189C7909198160DF
:10D42000D97901730721104616F096FF4242424116
:10D430001046F8BDF1780020F0B593B004460625FB
:10D4400045432F462037082111AA384618F012FA12
:10D45000002600287DD111A8FF21062217F087FEA3
:10D46000002876D13C48C07D80001AF095FA00284B
:10D470006BD004900AA8FF261C22314619F0F2F95D
:10D480003548C07D82000498314619F0EBF92846F2
:10D490002330102106AA039018F0ECF900280CD1D3
:10D4A00006A8FF21102217F062FE002805D111A95D
:10D4B0008A790120104017F097FF11A80590FF21ED
:10D4C0000826324619F0CEF9244B38463146059AE3
:10D4D0001E4698470290284621301C2101910AAF30
:10D4E0003A460597B0473346064602980643284613
:10D4F000223001993A469847074637431021029156
:10D500000398059A154B984706463E432846243013
:10D510000299059A114B9847074637432535042150
:10D520002846059A0D4EB04705463D4353208000DE
:10D5300020180949C97D8900049C2246B047064647
:10D540002E4320461AF030FA03E0042018F0B2F817
:10D550000A26F0B213B0F0BDD8710020716002004D
:10D56000F0B585B004460746443704912430009056
:10D57000012500200190434E18F0B6FDA06B002855
:10D5800050D10498002862D0E80703D0306B029095
:10D590007069039019F0C2F8706A401C706218F04C
:10D5A000A3FD3878FF2801D1002038707878FF2853
:10D5B00001D10020787019F0B1F802A804A910F088
:10D5C000A9FE00280AD01AF037FB02F0C9FB20465A
:10D5D00018F047FE00250028CED03AE0204618F08B
:10D5E00040FE002805D11AF027FB02F0B9FB002508
:10D5F000C2E72068002807D118F076FDA06808F07F
:10D60000C5FD019019F08AF80499009818F078F98E
:10D610001AF012FB02F0A4FB00250028ACD118F090
:10D620006FFDA9E7401EA0632068002802D118F012
:10D6300037FDA0602069012500281CD01034204649
:10D6400005F08EFD002816D018F05AFD13E00025D5
:10D6500011E00198002813D018F046FD00980068EA
:10D6600000250028294603D0206B00680A21091AEA
:10D67000A0680BF0D1FE19F051F8284605B0F0BDB6
:10D680000025FAE704710020B0B50546434800784C
:10D6900019F04FFE04462888012802D0002018F017
:10D6A00009F8002C71D0288801286DD1606E40786F
:10D6B000C0060CD51AF068F9216E096A15F0F0FD64
:10D6C000002804D01AF060F9216E08622061606EB3
:10D6D000C07C7F2804D120462930002116F088FD27
:10D6E000256E29202056002118F04EFB3121685468
:10D6F000206E616848600121CA030261206E4269A0
:10D70000022313434361626E5378980706D5206E57
:10D710000269402313430361626E537808025B077A
:10D7200004D5226E136903431361626E127E920662
:10D73000920F03D0226E53690B435361226E5369DB
:10D7400004210B435361226E136903431361144A8E
:10D750001278002A0BD0626E5278920707D0226EA0
:10D7600053690B435361216E0A6902430A612069C0
:10D770000C4909688860216FCA78097909028918FB
:10D7800002D0A26B002A04D0B0BD002017F092FF97
:10D79000B0BD054A4A431018A063B0BDE06900203F
:10D7A000F4680020AC690020409C0000F0B58BB00C
:10D7B00016460D46044607A80021102219F052F81B
:10D7C000424F3A68002A05D0D088A04202D1107892
:10D7D00000282DD0204611F0EFFE002824D0074667
:10D7E000C16A00290AD0088AB04207D11AF00CF8A1
:10D7F000012803D1F96A8A7E07A85AE07A79B91D0F
:10D80000012010406F463A4619F0DEFE00280BD189
:10D81000388AB04208D1694619F0F6FF012803D1D1
:10D8200007A86946102244E0204616F01BFC46E09B
:10D830005078062828D1D078000734D41046083014
:10D840001146283148326B460FF048FF0028C1D1FD
:10D85000204611F0B1FE0028BCD00746C06A00285F
:10D8600005D11C201AF098F8F8620028B2D016F002
:10D870001DFA0246F86A827607AD6946284618F016
:10D88000C7FBF86A102213E01128A3D1916D00297B
:10D89000A0D0088AB04215D119F0B6FF012811D1E5
:10D8A0003868856D00E0956D16F000FA024607A80D
:10D8B000294618F0ADFB07A9204616F0E5FB01202C
:10D8C0000BB0F0BD322013F01DFA83E788780020FA
:10D8D000F0B59DB00D460822D743066809688869EF
:10D8E00014920B9202923C460834202852D1686868
:10D8F0008268202A4DD12A7B012A07D10A68A968AB
:10D900008968032A0FD120290FD042E0A9688968CD
:10D9100041293ED1002A08D1406814A9091D2022BE
:10D920000BF0E8FD07E0402933D1406814A9091D38
:10D9300020220CF0B5FD2868006803282DD1159829
:10D940000721884315901C98274908404018401C1F
:10D950001C90371D8C3603213846324611F094FC5A
:10D96000224A14A90BAB384619F0EDF9992811D1C8
:10D970002B681968287BAC68032928D1012826D197
:10D9800060680BA9091D202219F0E6FF0220207013
:10D9900023E03C4620461DB0F0BD301D8C360321EF
:10D9A000324606460FF0A2FB14A930460AF0AEF844
:10D9B000E72816D0E82812D0E928D7D102A800908D
:10D9C00014A90BAB30460A4615F030FDCEE70090A7
:10D9D0000BA802A922460CF057F90024DAE77C1DB7
:10D9E000D8E73C1DD6E7C046FFFFFF3F94AF0200DB
:10D9F000F0B585B0044642480068804741490A684E
:10DA0000009412190A604049096888473F4806682F
:10DA1000002E73D0009B180A190CC0B201434A4271
:10DA20004A4103920002FF2109021A468A438018E4
:10DA30000290D8B2019000200490002E5ED03048B1
:10DA40000068804705460398002807D0307901997F
:10DA500081420FD97068884205D808E07068029941
:10DA6000884204D90299401A706080B206E0002012
:10DA7000706005E00099401A3071B088002807D125
:10DA8000F088002811D0B188002901D1002806D0E3
:10DA9000B068002803D034680027049618E0346882
:10DAA000049800280FD0046011E03169002000299B
:10DAB000E9D0B1680029E6D0307B05F015F830696F
:10DAC0007060000CDFE711480460002004903746C6
:10DAD0000D48016828468847002F2646ADD0B888F3
:10DAE000002806D1F888002803D1387BB96804F0F3
:10DAF000FBFF384619F058FF26469EE705B0F0BDFB
:10DB0000AC78002040690020B0780020C86900206F
:10DB1000F0B587B00593174606910546092019F020
:10DB2000E5FB0446002801D00A2005E0002019F09A
:10DB3000DDFB00286ED001200490222016F052F860
:10DB4000002867D0064603970C9907463548308071
:10DB500030460830FC2D03D0002D07D1002200E014
:10DB6000FC22FA70062218F053FA05E03121F97010
:10DB70000021062218F076FE129D1198029010984E
:10DB800001900F9800900498B870002C09D00E9C5A
:10DB90000D9930461530002917D0062218F038FAB2
:10DBA00017E03046153000240495062521462A4604
:10DBB00018F058FE1B36304621462A46049D18F0C0
:10DBC00051FE01200599014012E00021062218F0C3
:10DBD00049FE1B36002C05D006223046214618F09F
:10DBE00017FA04E000210622304618F03BFE0599A2
:10DBF000F9710698B880039ABA710098F881019873
:10DC00003882029878823D75074800783946174671
:10DC100016F02EFD00220698394619F05EFF07B077
:10DC2000F0BDC046913E0000EC690020F0B58BB01D
:10DC3000054641480A9000292BD0002D2BD0059194
:10DC4000486807906F6819F09FFE3C49029046189B
:10DC50003B48C07819F054FD044600960AAB049383
:10DC6000284621463A461AF074F806960096284649
:10DC700008973946039422462C46049B1AF05EF816
:10DC80002888082809D001280BD10AA819F014FD0A
:10DC900007E01E204EE002204CE00A981AF044F8FB
:10DCA0000A9020880AA91AF051F809AF02203870AA
:10DCB0000598394619F077FF39780329079E03D173
:10DCC0000028089D05D105E00429089D02D10028FF
:10DCD00000D00646306A069919F0E6FF0A99884294
:10DCE00006D9286A326A511A15F0DAFA002817D0D4
:10DCF00000202146039A0BF04FFE01280DD1306A17
:10DD0000296A15F0CDFA012807D10A990C48C27882
:10DD10002046FFF737F900280BD009A8007809E062
:10DD2000286A0849029A511815F0BAFA411E88412A
:10DD300000E001200BB0F0BDB8880000C40900006D
:10DD4000EC6800206C6B0000F0B589B044480078A6
:10DD500019F0EFFA002862D0054605A8FF210170EE
:10DD6000296E4879000200240127BA03904257D156
:10DD7000503106AE304611F097FB304606F03CFFBE
:10DD800000284DD00646801D0DF087FE002847D0A4
:10DD900030460830B1794906C90F19F0A9FC0128AD
:10DDA0003ED0301DB1784018411E09784906C90F90
:10DDB0000291437982791202D21803A98A800191D3
:10DDC000437882781202D318C278120400790006D0
:10DDD0008018C0180390686E807CFE220240901E5E
:10DDE000424242410846029912F016FDC3B205AA0A
:10DDF0000198029901F07EF9019019F02BF9014682
:10DE0000686E40780007800F0DD03C3528460D46DF
:10DE100012F0E4FC05A90978814205D000E0002455
:10DE2000204609B0F0BD0D4601980006F8D13046F5
:10DE300015F07EF8C00604D5012003AA029907F068
:10DE400009FE05A80078FF2807D01E214143681865
:10DE5000C01D03A9062219F07FFD3C46E0E7C0463D
:10DE6000E0690020F0B585B0122706293ED30E46A2
:10DE700004461920C001814238D81546062A35D3F8
:10DE8000854233D8B54231D399087C292ED80A99D6
:10DE90000A292BD3814229D80491C8000393591C25
:10DEA00089B269434900814220D2204619F0A4FB7F
:10DEB000074600281AD1204619F017FE002801D085
:10DEC0000C2713E0E0B219F01BFC014677318A7A87
:10DED000002A07D00A78102A04D801239340254A43
:10DEE000134202D1497C012903D13A27384605B0B3
:10DEF000F0BDFF2211460631411803681B88402BF4
:10DF000005D11D4B5B789B072ED41127EEE70978CE
:10DF100002915B239B00C31868328118019104466B
:10DF20008C3401468A311E805D80039A9A80049E5B
:10DF3000DE800226267000276780868EF61D0E8002
:10DF4000A580E280049921810121019A1170782134
:10DF50005A5A102414435C5202998907CA170F2198
:10DF600011400CF02DFCC1E7097802918B07D0D449
:10DF70001A27BBE7018001009E670020F0B58FB033
:10DF800003930292059106460420C54319F0F2F866
:10DF900013F080FD074600200E90002F69D0002E60
:10DFA0000BD0701C01D12E1D07E00DA9304613F0D7
:10DFB000CBF8054600285CD10D9E149800900120F6
:10DFC0000190040318F0D4FF3018089007970694C6
:10DFD0007868002521462A46334613F087FC00283E
:10DFE00036D00CA80BA909AA0DF060FE00281DD19F
:10DFF0000CA800780AA914F0A9FE099A00280BD1F0
:10E000000AA800880BA90F78049039461446059B8E
:10E010009847224600282FD10EA8114615F020FF60
:10E02000079F7868069C214616F0ECFC701E0221C2
:10E03000C943884209D818F09BFF012508998142FD
:10E0400007D0081AB04201D903E030460646BFE7C0
:10E05000019D0E9C18F00EFA002C08D022461146A5
:10E060000C390A68002AFAD1BA680A60BC6018F054
:10E070009FFB28460FB0F0BD049C0298002800D0FA
:10E0800004800398002800D0077000980260079F62
:10E09000DFE77047F8B519F077FC04463D4D286876
:10E0A0000021002873D03C4E3278002A6FD07D21A9
:10E0B0004901009101680A7A51425141C90742D091
:10E0C000317802293FD313F0A7FA19F06DFC3078AC
:10E0D000401E307037E0997B012907D119F054FCBC
:10E0E00000994218286801680A611FE05A6E517E43
:10E0F000002901D0002109E018F092FC0B2111F059
:10E10000A7FF00984143286803685A6E5679360481
:10E1100017793F02BE19D278B218204E7243204EB2
:10E1200031401E6971188A181A611B4E3178022914
:10E1300009D3C06800680169104615F0B1F80028DD
:10E1400001D00BF0CBFC286800680169204615F06F
:10E15000A7F80146286803680029BCD11A7A012172
:10E16000002AABD0596E09780E4A11700068016E12
:10E170000B6A0269934208D00A62C27F920604D5F4
:10E1800019F029FD28680068016E40684160084662
:10E19000F8BDC046AC690020FD690020C40900003C
:10E1A000E0FF0000E069002070B586B00146414DF7
:10E1B00028684830102217F02BFF2968C87800071C
:10E1C00017D408460830483102AA02F019F8296825
:10E1D000383102A8102216F015FE012819D115F0C9
:10E1E000A1F8002828D12868C178090739D4062168
:10E1F0005BE0087901280ED006280CD005281DD137
:10E200004878052807D01C2803D01D2849D10224AE
:10E210004DE004244BE0487805280DD115F082F834
:10E220002B6818790024012803D0062823D005285C
:10E230003DD10DF0D7FB3AE0082438E04C6F886FF1
:10E2400020340A4648328B687026895DCB40802195
:10E25000194302AB009381230B40214602F086FE56
:10E26000B5E77021425C521CD3B24254142B1BD12F
:10E270000DF0B8FB1AE000240294596F986F20311A
:10E280001A464832283302AE009602F0DFFE2868B4
:10E29000C088029A03210EF01FFB286818214170E4
:10E2A00005E01B20487001E0022141700024204657
:10E2B00006B070BD88780020F0B58DB00F461021F3
:10E2C000CD430468A921615C002979D026468436B3
:10E2D000B369F1698B4207D20792059016F082FC70
:10E2E000002803D0002004E06D1C69E017F004FD55
:10E2F000401E18F079F806950F35002860D0306878
:10E3000000684922002101910392815438460799FF
:10E3100018F036FF0497274620370121384602912E
:10E3200012F016FE88340894079C049809900A900D
:10E3300004970B970C94306808A916F0ACFF0028DE
:10E3400015D0074618F02CFB3846083032D0B81CE0
:10E3500036D00598046825469035019E6E7619F0F2
:10E3600093FA26626662A662E662EE6020E0601EB4
:10E370000109049812F0ECFD0025059F3846294656
:10E380002A460AF0DFF90446306800680399029AC9
:10E39000425418F005FB002C0FD03C6826469036FE
:10E3A000757619F071FA25626562A562E562F5601D
:10E3B000069D05E00698451E02E0B069401CB0616C
:10E3C00028460DB0F0BD7047F0B589B006930591B1
:10E3D0000021002A09D048CA1578083A6C1EA541C8
:10E3E000002B04D01946184601E00D460E460124C4
:10E3F0000768784278417342089673410343284680
:10E40000049460400446002B029009D1002C07D1EF
:10E41000089C2078102303432370029C002300E013
:10E42000089B501E019282412A40039200220792CB
:10E43000002F3ED0059882423BD23E46B889401D0F
:10E440008508234800688008854232D80892012058
:10E4500030720398002804D0B07BC01C16F052FB29
:10E46000034630460C3029461F460FF081FC3B46E0
:10E47000376858425841002F049900D00146214383
:10E4800004D118781021014319700023089A0698C6
:10E49000C00706D028461C4615F028FA089A2346DD
:10E4A000029C079828180790521C002006903146BD
:10E4B000BEE71046019A002A08D00AC2538807997D
:10E4C00089005918518091880918918009B0F0BDD0
:10E4D000D0110840FEB50F46002808D0002F0BD001
:10E4E000054640782C78A0420BD10720FEBD0020C5
:10E4F00017F0E0F8002F02D1002017F0DBF81E2003
:10E50000FEBD1E462846394601920AF025FBA04270
:10E5100062D10096E10008310022104608308142A5
:10E520002FD02B796C792402E318AC792404EE798E
:10E5300036063419E3189C189A5C64782402A418EF
:10E54000E2070246EAD1012121431A18083A230AB8
:10E5500053701170831F0022062A17D0B95C0291F4
:10E560002C796E7936023419AE7936043946EF7952
:10E570003F06BE190F4634190299E154521C5B1C28
:10E58000EAE7002017F096F81F20FEBD019C611EEF
:10E590008C4129796A7912025118AA791204EB790F
:10E5A0001B069A1851180818083801784278120288
:10E5B0005118022291436200891801706A78521C36
:10E5C0006A70009A002A02D0F7220A4001E008226D
:10E5D0000A43090A417002700020FEBDF0B585B003
:10E5E000039307460D9D0C9804900B9C0A9E029283
:10E5F000104610F0E1FF0197002F27462C4628D146
:10E60000002826D0017920229143039B9B001340D0
:10E61000C9183246002E0ED1002F0CD1049A002AC0
:10E6200009D1002C07D1FB22114001712C48406810
:10E6300000284ED152E0042211430171002C08D071
:10E64000226901461831826210220846214617F0DD
:10E65000DFFC23484068002840D0002E10D035460B
:10E66000A4268059002807D11C2019F095F91C49CF
:10E6700049688851002803D01C22294617F0C8FC9D
:10E680000498002811D016484068A8254059002851
:10E6900007D1172019F080F911494968485100281D
:10E6A00003D01722049917F0B3FC002C11D00C48AA
:10E6B0004068AC254059002807D1142019F06CF9A6
:10E6C000074949684851002803D01422214617F011
:10E6D0009FFC01AA07CA3B4601F0F0FE05B0F0BD61
:10E6E00014790020F8B5044617F0FEFC3A4EF068A5
:10E6F000401CF060394A1068002809D030690028B1
:10E7000044D11068C06AE16A88423FD814603DE095
:10E710001460F068012839D10021C843304AC82963
:10E720000AD053181F4608375F609860DF601F618A
:10E73000002353501431F2E72A490A4608324A604E
:10E740008860CA600A6100220A600F461C370B46C7
:10E7500014338F61C8610F624F624A61224F3D4698
:10E760006035FD6538667D66BD66BA653D463835FF
:10E770007D63B863FD633D643A633D464C35BD64DB
:10E78000F8643D657D657A647960BB607068401CA3
:10E7900070606064E06AB169884200D9B061142198
:10E7A00041430F4842185368251DA3609F68E760E6
:10E7B0007D609D6062614258521C425017F0AEFF6E
:10E7C0003069002807D005480068C06AE16A8842BD
:10E7D00001D217F095FCF8BD04710020E879002003
:10E7E000205D0020987000202C700020F0B585B0CE
:10E7F00003910446827B501CC1B26318DD7B39480B
:10E80000064620360027049677752027C5551D7CBF
:10E81000AD0665D05B7CDD0662D5002B60D01D07A0
:10E82000AE0F01201D46029005406F4206253D4077
:10E830009B0700D5AD1D92195219D21C0192039865
:10E84000081851B203914518274F2846B847254E5E
:10E850003063681CB847B062A81CB847F0620498DF
:10E860000199017103982218137C2121745C3046B0
:10E87000213045782D022C1985782D0465193F2704
:10E880003B402C0ABD43EB1873544470157C402761
:10E890003D40BB435B1973544470157C80273D4059
:10E8A000BB435B1973544470947C557C2D02E40681
:10E8B000E40A64190D4D1D4064197354250A45700E
:10E8C000270C8770927C520952051F273F0427406E
:10E8D000BA1873544570110C8170029804994875E8
:10E8E00005B0F0BD00610020054B0200FF00E0FF15
:10E8F000F0B589B00446806AA067616816F0C2F876
:10E90000E067002804D00246FF2803D9D2206FE038
:10E9100008206DE0A16F087AC00701D1DC2067E014
:10E9200090000B185B68002B61D0D300CB18083324
:10E9300003931D1808352E18361D079637183E1DEF
:10E9400006963618361D059637183E1D0896267809
:10E95000B31E561C9E40B600089FBB1902939F1918
:10E960000497039B23646564079BA364069BE3648D
:10E97000059B2365089B6365029BA365049BE36578
:10E980009B1908931D182D1D2E18361D37183F1D75
:10E990003B181B1D1818001D079008982066656617
:10E9A000A666E766236707986067204602F01AF9B3
:10E9B000E16C204603F072FC206EE16CA36FE26F05
:10E9C00000920A46F7F758FAE06F40018021605044
:10E9D000226E656EA16E20462B4606F0F9FB0146BD
:10E9E000E06F421C284618F0A7F9992000E030207B
:10E9F00009B0F0BDF0B58BB00227002876D00C46E8
:10EA0000002973D01646002A70D0002B6ED0054620
:10EA1000109800286AD0119A002A67D0129900290C
:10EA200064D00A901398002860D00592069307914D
:10EA30000890412018F0B0FF0990002849D010201C
:10EA400018F0AAFF002846D004901027384618F086
:10EA5000A3FF002842D03A46099F0390384621463A
:10EA600014460292234B98473846103031462246CE
:10EA7000204EB0473846203006992246B0473846E7
:10EA8000303003220A99B0473846333007240599BD
:10EA90002246B04738463A3007992246B047039C91
:10EAA00020462946029D2A46B0470095412220462D
:10EAB00026463946049C2346FEF7FCFA0898214670
:10EAC0002A460C4B9847384618F06EFF0027204620
:10EAD00007E013270AE01327099E04E0132709988B
:10EAE000049E18F061FF304618F05EFF38460BB008
:10EAF000F0BDC04641600200F0B593B017460691E4
:10EB00001021CC430168A9228A5C002A71D01E46DC
:10EB10000D4684356A699A4201D2103469E0059045
:10EB2000039116F05FF8002801D0002002E017F0F2
:10EB3000E3F8401E17F058FC002832D004942868EF
:10EB40000068492100240191445402956D69A91B74
:10EB500000D2214607A80090801918F011FB0098F8
:10EB60003946324618F0F8FE0095A80800281AD059
:10EB700006990A5907AB19191E5D4D782D02AD197A
:10EB80008E783604CF783F06BE19751955401D554D
:10EB90002A0C8A702A0ECA702A0A4A70401E241D46
:10EBA000E4E70F3425E007A9059D2846009A09F0FF
:10EBB000C9FD064602980068006801240199445482
:10EBC00017F0EEFE002E0ED02D682846903000245F
:10EBD000447690202958284618F0D2FA2C626C62AC
:10EBE000AC62EC6202E000200490039D9C202C505B
:10EBF000049C204613B0F0BDF8B5082800D972E097
:10EC000014460D4678440079400087440447232C7D
:10EC10001E4C54316300082D63D1207961790902BB
:10EC20000818A1790904E279120651180818217808
:10EC3000627812025118A2781204E3781B069A181F
:10EC400051182B4A1161506142E0142D49D8284EC9
:10EC5000263634E0142D44D8254E50361521304642
:10EC600018F08EFA2FE0142D3BD8214E653626E0A1
:10EC7000284618F071FC002837D006461C4F7868EB
:10EC800039461831884201D018F05AFC30462146E6
:10EC90002A4618F061FE7E603D7019E0142D20D8E0
:10ECA000134E3B360BE0142D1BD8124E1521304667
:10ECB00018F066FA07E0142D13D80E4E15361521FC
:10ECC000304618F05DFA304621462A4618F044FED8
:10ECD0000020F8BD072D04D1054808300722214641
:10ECE000F4E71820F8BD0220F8BD1320F8BDC04697
:10ECF000406F002088750020FEB5034688333D4CE8
:10ED0000002626606660A660E660996801296ED0DC
:10ED100000269E6019680A018018001D2246029391
:10ED2000B8C8B8C2029C491C21606068401E60607F
:10ED3000082901D100212160002801D10120A06013
:10ED40002C4F3D46203528463946FEF7E1FA00288B
:10ED50004DD0A06A00281DD02420395C606A0026AE
:10ED600082590C368A42FBD12321795C002904D0D8
:10ED7000B96A8219083A126811608019011F0A687D
:10ED8000002A07D0AB78E978002B05D0002903D101
:10ED9000002106E000200CE0002B05D1002903D063
:10EDA0000121083800689047606A801908380068B7
:10EDB000006801903846103002462B46D2CBD2C2B2
:10EDC0000C4901224A74AA78002A01D0019A8A616A
:10EDD00000260E604E608E60CE6002F0F7FF029853
:10EDE000C26A002A03D003481021904706463046E5
:10EDF000FEBDC04628750020F0B589B00A8805918F
:10EE0000498801248A4272D8002A70D0029007A94A
:10EE100000270F8008970497039705984188039B64
:10EE2000009390B21A4609F03FFF044607A80588F0
:10EE3000002C44D0002D02D007A886781CE00521C4
:10EE400006AB02982B4A07F0B5FA00284ED00746C9
:10EE500008902078022806D107A80126867006A807
:10EE60000088800807E007A80226867006A80088A8
:10EE7000122111F0EDF804902078012E04D102281F
:10EE80001DD10426022203E0102818D112261022D8
:10EE9000A07A3870E17AB81C7970616817F0B8F818
:10EEA0000798451CA8B207A90D80049989B2884229
:10EEB00005D2BF1961894A1C0E488142ADD1280490
:10EEC00012D007A9029D284612F096F800240028C7
:10EED0000DD0052107AA284606F054FC002806D0CC
:10EEE000089805F07BFB02E00A2400E0112420468C
:10EEF00009B0F0BDFFFF0000F8B518F017F90028C1
:10EF00000BD00546C168364C20462A4603F062FF06
:10EF100018F00CF9854204D0F8BD042000BF00BFF2
:10EF2000F8BD2068002809D080880004000FF3D0C5
:10EF30002C482D492D4A00BF00BFF8BD2879002874
:10EF400024D018F053F9296A16F07EFF064618F00F
:10EF5000E7F8201D282118F013F92560286917F01B
:10EF600047FEE9682268224F384618F0F9FE21482A
:10EF700086421ADBFD20C100D720C600B8780228DF
:10EF800019D2002823D0E868806D1AE018F0C8F87C
:10EF9000201D282118F0F4F82560286917F028FEB4
:10EFA000E9682268124818F0DBFE20680121890315
:10EFB0000FF0A8FDF8BDE868806D7A68904235468C
:10EFC00000D00D4612F0A0F9002801D102E00D4654
:10EFD000751978352068006A401B13F019FBF8BDDD
:10EFE0009465002088AC0200FFA702002502000003
:10EFF000FC680020214E0000F0B589B000250029F2
:10F0000011D00E46044607684068049015F060F879
:10F0100037490978012904D13A46A83211780029E4
:10F0200004D016F027FA284609B0F0BD012102925B
:10F030000191117016F01EFA306931781031884252
:10F04000F1D838468030039005AD0095284617F07A
:10F050004FFC307D28703D4630354C21284618F055
:10F060008FF838467C30FD670499039D296000992C
:10F0700012F0FEFF6860002833D0384688303278BE
:10F08000394617F081FF00253D627D62BD62FD6259
:10F090003178384618F074F8307810300399886168
:10F0A00070680862029F01987870334608330ECB6F
:10F0B0002046FFF721FD002817D00398406818F07C
:10F0C000EDF8246826469036757690202158204623
:10F0D00018F056F825626562A562E562F5603D703C
:10F0E000A1E70025029805709DE725469BE7C046ED
:10F0F000477A0020F0B587B01E4604920691044678
:10F10000394807680020059014F074FAFF25002C98
:10F1100066D0002F64D00246002861D0FF20029004
:10F12000F007039702D12346069920E02046039971
:10F13000019211F053FB019A039FFF282346069981
:10F1400015D005461E200290684338180D3017F080
:10F1500030F8002802D02346069906E00299694358
:10F160007818431C795C049805700295019A049103
:10F17000B0071AD5104621461546069A1F4609F0D3
:10F18000EBFC39462A46194D2B789842039F0CD147
:10F190002F4602250298FF2822D01046049A09F033
:10F1A000DBFC39788842039F1AD0300707D5204608
:10F1B0000699029A18F0A7FC039F01280DD1700749
:10F1C000059D0DD538460699224607F0EBFC12F056
:10F1D000C9FC002803D1042502E0082500E0002531
:10F1E000284607B0F0BDC046B4690020E1690020A0
:10F1F000FEB53B4F3F68002F70D03E464236386E1A
:10F200000290786E407840073ED53078FE2202406A
:10F210007178022A02D0012936D1012131480068D3
:10F220003D463C352A4607F0BDFCFF282CD02D4931
:10F2300009681E24444308190D3016F0BAFF00284F
:10F2400022D1284800680019C11D0D300DF09CFA2C
:10F2500024480068001918F04FFB0298002813D0CA
:10F26000029C20465E300622019229461E4B98479A
:10F27000204692302946019A1B4B98471A4BCE34B0
:10F2800020462946019A98473078FE2101400229FC
:10F29000B0D1144800680D3016F08BFF0028A9D1BA
:10F2A0003D4630350F48006818F026FB02980028CC
:10F2B000A0D0029C204658300626294632460A4BEA
:10F2C000984720468C3029463246074B9847064BD4
:10F2D000C83420462946324698478BE7FEBDC046D3
:10F2E000EC770020B469002011600200FEB5364CB6
:10F2F00001200290C303A5682561A5612F461F4028
:10F300001DD0019302984004206130480BF046FC68
:10F3100000262E483146324616F009FF2C48E0659B
:10F320002C488068002803D080472A48866005E082
:10F33000082012F065FC012012F07CFC019B0A26DB
:10F340002E4019D0206C029988432064E06D224938
:10F350000840E065214801680F22120391431943D8
:10F360000160002F05D12068184202D0012012F060
:10F3700061FC09F0B1FD666128070DD514F0A8FE07
:10F38000216E154A11402166216E521C0A432266E5
:10F3900016F070F8082060610E4E3169002912D015
:10F3A0002846884700280ED000203061029DE5667F
:10F3B0000B48016804220A430260102012F020FC6E
:10F3C000284612F037FCFEBD4410004020630020A8
:10F3D00011000380F8740020FFFFFF7F1C11004024
:10F3E0002C000040FEB5394C606A002804D0E06A69
:10F3F000401CE0620020FEBD6069401C029060611C
:10F4000009D333484168826842608160206B401CA8
:10F41000206315F063F9206A0299814201D200202D
:10F420004EE000202A4A009001902A4B516809685A
:10F43000002941D05168C968CF687968029888422C
:10F440003CD3391D7E69B868FA6882605060706884
:10F45000884200D172603068401E3060BE6A002E63
:10F460000ED038461830FD693A6AAA605560756852
:10F47000854200D172600020B8623068401E306062
:10F48000FE6AA069864200D9A661142070431A184A
:10F490005568BD60AC68FC606160A9607A6119580C
:10F4A000491C19500C480068C06A864201D90120E5
:10F4B0000190074A054CB9E70098C14321620198C1
:10F4C000A16A002997D00120FEBDC046047100202A
:10F4D0002C700020205D0020E8790020FEB5064653
:10F4E0003A480078012818D11C461546029130464A
:10F4F00017F01FFF002812D0074601961826029A1F
:10F50000012A0ED0002A3FD1786E407812210140A6
:10F51000022938D03846683009E0122634E0342613
:10F5200032E0786E407880072DD538466C30006820
:10F5300003214170290A0171C570210E0172210C4D
:10F54000C171210A81714471002A02D018F014F8A7
:10F5500001E018F009F8002806D0072814D0122876
:10F5600011D10BF003FF0FE0184C6068019DE9001A
:10F57000411809794A0710D5386F0121017017F039
:10F58000F7FF002802D01E263046FEBD6068E90065
:10F5900042181379FB2119401171029B002B04D1F1
:10F5A00001220A4001D0FE2205E0012B08D10222EF
:10F5B0000A4005D0FD22EB00C018001D114001706B
:10F5C000607800260028DFD06670DDE70C79002027
:10F5D000FEB51227002802D00E46012901D938466F
:10F5E000FEBD0446007817F0A4FE05464220002D1B
:10F5F00062D06A6E002A5FD06078FF2810D0E11CCC
:10F60000042814D00328384656D15278087849780F
:10F6100009020818D10630D42849098888422ED812
:10F62000287A012825D1002E44D02C6543E0287A81
:10F630000028D4D00091601D0378019343781B0209
:10F6400001995B18019383781B04C0780006C018E9
:10F65000019BC01802D1A86E0028C0D05278D006F5
:10F66000BDD4009908784B781B021818384623D16E
:10F67000CCE7002E05D06C2004E01F28D0D907204D
:10F68000FEBD68200E4F2C50443502AE022130469C
:10F6900014F08AFD308829880A4642403A42F4D064
:10F6A0000F2212031140384008182880204618F015
:10F6B00046FB00E0EC640020FEBDC0461C7A002042
:10F6C000FF0F0000FEB514F003FD044612F01AFB14
:10F6D00000285FD017F01EFD04250540800726D4C2
:10F6E00013F0E4FB002855D001942C4C2C4A2D48F3
:10F6F000016810680290002920D00095483200234C
:10F70000DE43052B18D00846D840C0070CD010683F
:10F71000254DED5C029FAF40C01BA04200D90020E8
:10F72000E840864200D306465B1C121DE9E7002D27
:10F7300030D117F0DDF92DE03446009D1B48826D75
:10F740007D21C90051438C4200D30C46FF21F63184
:10F750008C421CD3416A491C4162154DAE68029F20
:10F76000E01904F05BFC6E600D480068C01B14F0EB
:10F77000D1F813F02FFE0020A8602868052101436E
:10F7800029600C48686000F0EBFA019C02E0002D53
:10F79000019CCED0204615F06DFEFEBDFFFFBFFFE1
:10F7A000042102404420024063B70200047100209B
:10F7B00010E000E07FBB0000F0B585B015460F46B5
:10F7C0000446062060432030082103AA16F052F8B0
:10F7D0000026002824D103A8FF21062215F0C7FC2B
:10F7E00000281DD102953048C07D800018F0D4F863
:10F7F000002812D005465320800020182A49C97DD0
:10F80000890001902A4616F035F800282C460AD0C7
:10F81000204618F0C9F8012602E0042015F04AFF3E
:10F82000304605B0F0BD204615F02CFA002F11D05F
:10F830003846214614F00EFE0028029D25D081781E
:10F84000A942E5D0029981700029174D13D10021FA
:10F85000018010E01448C07D8006020E0021204681
:10F8600015F085FC0028D3D10F4DE87D82000021E2
:10F87000204616F0F7FF204615F004FAE87D8100D7
:10F880000198224616F0F4FBC2E7002D07D00020B5
:10F89000214614F0DFFD002801D00780CFE7204685
:10F8A00018F082F8BCE7C046D8710020F0B585B0EA
:10F8B00015463A4A1268002A2CD0D38840888342E1
:10F8C0003DD110780724012864D0481E0C2861D847
:10F8D000800001A1085887460DF9000095F9000045
:10F8E0006DF9000065F900005BF900004BF90000BC
:10F8F00053F9000075F900007DF900008DF9000052
:10F9000095F9000085F9000043F90000284610F041
:10F910000DF83EE0012923D146882F7868780490BD
:10F92000281D18F0C9F9297AEA6800AB07C300243A
:10F93000204631463A46049B0AF07AFB2AE0082426
:10F9400028E028460AF0E0FC23E028460FF0CCFF30
:10F950001FE028460AF0A4FC1BE0287811F0D2F939
:10F96000002417E02846FEF71FFC12E0284606F0A8
:10F9700041FF0EE0284611F0E3F90AE028460DF0B9
:10F98000A3F906E028460BF0A9FB02E028460FF099
:10F9900089FB0446204605B0F0BDC04688780020AB
:10F9A000F0B585B0374D2C7B012103AA204617F016
:10F9B0006FF8022102AF20463A4617F069F8687BDB
:10F9C0000090AE7B701C30490D78294610F040FB4A
:10F9D000B87801903C888FB20099C8B287420ED0A7
:10F9E00001998842214600D010210C224243254B28
:10F9F0009A189183401C294610F02AFBEDE700205D
:10FA00000190204F009C701C80B2A9B210F020FB26
:10FA1000E4B2A14232D00C2060433A18908B1028F7
:10FA200008D10198401C0190204603F08BFA174939
:10FA3000087019E01C32042502232046294611F0E3
:10FA40009BFC12490870002104AE204632462B462A
:10FA500016F0B2F930787C2802D0FE2804D10CE0F0
:10FA60007821204612F0B2F807480578601C294634
:10FA700010F0EEFA0C46BE7BC5E7FEE70198C0B277
:10FA800005B0F0BDC4610020DB690020A473002034
:10FA9000F0B585B00446016C0B1D08460491E16F7A
:10FAA0004A1C91005F180397D100591802918025D4
:10FAB0006251616D304EB047A16D62593846B04712
:10FAC000E16D6259029F3846B0472078801E0321BD
:10FAD0008140C81D6051204639463E46F9F7B0FBCB
:10FAE000606EA36FE16F0091244F31463246B847F4
:10FAF000206E626E17F078FC226EA36FE06F0090AC
:10FB00003046039D2946B847626EA36FE06F0090B0
:10FB100028460499B847A06F616814F0B3FFA16F3D
:10FB2000E26F204601F05EF8216F0122204616F0B8
:10FB300077FBA06E226FA36FE16F00912946B84753
:10FB4000A16EA26FE36F2846F6F71EFAA16B20465E
:10FB50002A4615F00AFFE06E226F17F045FCE16EB1
:10FB6000A26FE36F3046F6F70FFAE16B204632469C
:10FB700015F0FBFE05B0F0BD396D0200D55C00004C
:10FB8000F0B591B00226002A6CD0169D002D69D0E8
:10FB900017460C46089307900FF00EFD002815D06D
:10FBA000E9780A06A97809048A18697809025218BE
:10FBB00029785118826A914201D8521C52D1002CE6
:10FBC00006D00279920703D401264BE0142649E0BF
:10FBD000044603910FA8002108220291069216F014
:10FBE00041FE089E301D80B2059017F0D5FE00281A
:10FBF00032D018340490001D1C4B394632461F4643
:10FC000098470422049E30462946B8473B4609AF30
:10FC10001022384621469847069800900FAB384688
:10FC200037463146059AFDF745FA0646002816D1B3
:10FC30000DAC0FA908262046324616F001FA291D00
:10FC40002046324615F0DEF8012807D107980399BF
:10FC500014F012FC029E02E0132603E0012638464F
:10FC600017F0A2FE304611B0F0BDC0464160020060
:10FC7000F0B59FB0059303920891019028980990E0
:10FC8000279807902598069024980490269F324B39
:10FC90000BAD0026302228460A953146009698473B
:10FCA0002E4B1022284601991546029298471BAC0C
:10FCB000204631462A46284B984707252046039977
:10FCC0002A46264EB047E01D05992A46B047781EC1
:10FCD0008741A7730499481E8141E17317AD2846F7
:10FCE0000099029F3A461C4B9847281D0595062609
:10FCF00006993246194B98470A35284607993246E5
:10FD0000164B98470A9E35461035284608993A46BC
:10FD1000124B98472846214615F0A9FE304616F0AA
:10FD2000CFFF089034462034284621463A4616F044
:10FD30006FF92846059915F09AFE0A9816F0C0FF4B
:10FD4000054608980543099821463A46034B9847CB
:10FD500028461FB0F0BDC046656802004160020041
:10FD6000F8B516F0C1F9364D686A401E6862686AD7
:10FD70000024002803D016F0D1FC2046F8BDE86826
:10FD80000028F8D000212F4A946D002C3DD0516EF0
:10FD9000C9680F4618378C6ACB690E6A9E6073601B
:10FDA0006368BB4200D1666000238B6223685B1EE0
:10FDB00023600C1D4E698B68CF689F607B60736801
:10FDC000A34200D1776033685B1E3360CE6AAB69B3
:10FDD0009E4200D9AE61142373431B48C71878684C
:10FDE00088602A468568CD606C60154684604F61E6
:10FDF000154AD058401CD05014480068C06A86424A
:10FE0000104AC1D30120A862BEE7002901D014F036
:10FE100065FCEC6A002C09D0FFF7E4FA002801D059
:10FE20000120A862641EF7D10020E862A86A0028B9
:10FE300003D016F065F901249DE700249BE7C04636
:10FE4000047100202C700020205D0020E879002043
:10FE5000F0B587B00192029105460346203334493C
:10FE60003448486102200860296920202A5CAF6973
:10FE7000E8695B780E26B61A9C007F23DB002340DE
:10FE8000083B3343002F01D040242343039300BA9F
:10FE9000069000200490059003A8401C17F05CFD1C
:10FEA0000398234988670498C86705982249086021
:10FEB00006984860002F1BD0686839463A460DF016
:10FEC0004DF83C1A14D00F272146B94308D0686872
:10FED000AA69121B80180FF04FF9274001D107E0E3
:10FEE00027466868A969C91B4018394613F046FBC4
:10FEF000EF69002F17D00198012801D00C2000E0F5
:10FF000008202E580F243946A14306D030460FF062
:10FF100033F9274007D0E86900E03846C01B3018A5
:10FF2000394613F02BFB029816F0D2F907B0F0BD5A
:10FF300018000C403400000198000C40F8B52C4823
:10FF40000178002951D1012606702A494A68531EBA
:10FF500014469C4144708968426081602648203084
:10FF6000264A132500242946234607F0EFFF4120A7
:10FF70000001032117F014F8F70338460A3020492E
:10FF80000860284617F0D4FA1E481F4A202123464D
:10FF900007F0DCFF1D48066086601D4806601D48AE
:10FFA000C1681D4A0A40C26001680F2212039143D2
:10FFB000C919016017F05DFD01467D20800010F039
:10FFC00047F80246154D1649284623460EF036FBE3
:10FFD00008F082FF284609F023FE094AD06CF10799
:10FFE0000143D1640F48102101600020F8BDC046D4
:10FFF000F874002080B602009C720020EDF2000030
:020000021000EC
:1000000058100040BC6600200971020058200040D2
:10001000602002401C11004000F0FFFF2063002020
:1000200075EA010000580040FEB50292A522550075
:1000300001230A4601931A408B07DB0F9A184907E0
:10004000C90F571880081D301E26314610F000F8E1
:1000500001462E4A2120105C213253781B021818C9
:100060009278120484182A482040802806D11E2045
:100070004843002F1BD04019474319E080222240FB
:10008000E002C30C002A304601D04B2080005843C8
:100090004E437119002F18D03B464B4383421B4EF1
:1000A00016D83423F35CFB1A5943081812E0471999
:1000B000164E0298002800D0783701251E213846B8
:1000C0000FF0C6FF7F210C4011E081420F4E01D995
:1000D000002101910299002900D07830002A01D036
:1000E0001E3D00E01E2529460FF0B2FF019DC10410
:1000F000C90E326B1470B26A10702320305CE0229B
:1001000002408818F16A08702846FEBD0061002090
:1001100080FF1F00FEB504463648407800280ED008
:1001200002910846214616F039F80028019408D0BB
:1001300031480168204610F051FB074602E00020DC
:10014000FEBDFF2700242D4E00943178E0B2884296
:100150004CD217F0D5FA4179002945D053218900B6
:1001600040188179FF2F1FD1029A91423CD101782A
:10017000019A1278914237D14178019A527891428E
:1001800032D18178019A927891422DD1C178019A29
:10019000D278914228D10179019A1279914223D1E2
:1001A0004079019949791DE0134A12681E237B4367
:1001B000D55CA94218D10578D1184A78954213D157
:1001C00042788B789A420FD18278CB789A420BD1C1
:1001D000C2780B799A4207D102794B799A4203D1BE
:1001E00040798979884203D0641CAEE70098FEBD4F
:1001F0000120FEBDEC680020B4690020FA690020EF
:10020000F0B595B00E46384D296800292FD0174615
:100210000C90C8880FF0D0F900282AD004460A971D
:100220000DA810F075F828680578C06E099013F0D5
:1002300025FC0746401E8741002008F0FDFC62793E
:1002400002211140002D0B9615D0002906D016F082
:100250009DFD0DAE00283BD0627905980125154023
:10026000A11D06910DAE08970790099816E012207F
:100270002CE014202AE0002906D016F087FD0DA9F5
:1002800000282AD062790598012111400891A11D0A
:1002900007910DA93D460690099E084613AC2146DC
:1002A00016F021FE11AF3046394616F015FE0898BB
:1002B0000090079801900295069803900A98049080
:1002C0000C980B9922463B46FFF7D2FC15B0F0BDC7
:1002D0000695012508970598C6E70120089007951F
:1002E0003D460598D7E7C04688780020F0B587B02E
:1002F000029317460391044601261546354003D163
:100300001D2F01D01B2F07D104A9204613F0E2F8BE
:10031000172807D01E2F09D104A9204613F0C5F8CD
:10032000172803D11726304607B0F0BD019628489C
:100330000078012808D116261A2F01D8002DF2D0F6
:100340001B2F01D31E2FEED10C9D002D2E4605D163
:10035000172013F067FA0646002820D00095377062
:10036000039A002A019D03D0701C02999047451CF6
:1003700078B200280AD404A80480042141803746BA
:100380000596058105F026F9064614E01021204661
:1003900014F0CCF8002804D0374619260BE01326B9
:1003A000C1E7A9B2721837463046234603F03CF83D
:1003B0000646002808D000980028B4D1002EB2D0FC
:1003C000384604F00BF9AEE70C353E46D3E7C0469D
:1003D000307A0020FEB502920191044611F0FAFC39
:1003E000002808D00024254627460198046002987A
:1003F00005603846FEBD102017F0CEFA002810D058
:1004000006460460294F3868294C2178002812D10B
:10041000002910D13E60F66017F0B6FA254945185C
:1004200036E02548C26B0727002A3CD00E20002466
:100430002146904738E000280BD0012909D10068F7
:10044000046916F0EDFA16F0E0F93868F060C6605D
:100450001DE000240028C6D0022925462746C4D323
:100460000068046916F0DCFA16F0CFF90F4F39680E
:100470000C46C86800680069294612F011FFE1685F
:10048000002802D138688142F2D1F160E660084C60
:100490000027002D04D02078401C20703446A4E7AB
:1004A0003C463D46A1E7002425469EE7AC69002076
:1004B000FD690020E02E000064630020F8B51C46B2
:1004C00000920F46064608460FF076F8002863D0E3
:1004D0003248406800285FD0A4300168002901D06C
:1004E000342100E018218268002A00D01431002C49
:1004F00000D01C314068002800D0173188B213F0BA
:1005000071FB002848D005460021182216F0AAF9F0
:10051000D02028706E700A20A870AF800098A87153
:10052000284618301D4F7A68A4215158002907D059
:10053000A8602E4634361C2215F06AFD7A6800E069
:100540000646AC201158002907D0EE603746143714
:100550001422304615F05CFD00E03746002C08D030
:100560002F613E461C361C223846214615F050FDB0
:1005700000E03E4609484068A8214158002904D0BF
:100580006E611722304615F043FD05480078294674
:1005900014F06EF80EF022FBF8BDC046147900206E
:1005A000A2730020F0B587B003930191044606467C
:1005B0004436069210300290012515F095FDA06B8F
:1005C000E16B884242D3039802283FD00698002866
:1005D00050D0E80704D02C49086B04904869059076
:1005E00016F09CF82849486A401C486215F07CFDCA
:1005F0003078FF2801D1002030707078FF2801D1B9
:100600000020707016F08AF804A806A90DF082FE8A
:10061000002832D115F068FDA56BE76B16F07EF867
:10062000BD420DD10699029815F06AF917F004FB46
:10063000FFF796FB00250028BFD115F061FDBCE750
:1006400017F0FAFAFFF78CFB0025B6E72046019970
:10065000039A08F0B2F8616A002903D024342046D6
:1006600002F07EFD002801D015F04AFD16F056F884
:10067000012007E016F052F803E017F0DDFAFFF76B
:100680006FFB002007B0F0BD0471002082B015F0B0
:100690008DFE0BF0B3FA354E7068694608220023D0
:1006A0000EF070FC0128F7DB019C684600780C28EE
:1006B00056D8C04678440079400087440632282C3A
:1006C00019363F30492344171D00002CE4D025681B
:1006D0006168A26828460BF065FA204616F030FFE4
:1006E000002DD9D0284616F015FED5E702202BE0C4
:1006F000204616F01AFB33E00420214616F0D3FD05
:1007000060682BE00120214616F0D2FD28E020464B
:1007100010F08EFC24E0204616F000FB20E00220C2
:100720000DE0204613F044FC1AE06568204616F000
:1007300027F9204616F004FF2C4611E0012021463F
:1007400016F0BBFD0CE00120214616F0ACFD07E0E1
:100750002168606888476068002801D016F0F0FEC4
:10076000002C99D0204616F0EBFE95E7C4680020D7
:10077000F8B580780024262866D80D46800001A1AF
:1007800009588F464708010049080100490801003F
:100790004908010049080100210801002108010061
:1007A0002108010049080100210801002108010079
:1007B0002108010021080100490801002108010069
:1007C0002108010021080100210801004908010059
:1007D00049080100490801002108010049080100F9
:1007E00021080100210801002D0801002D08010049
:1007F0002D0801002D0801002D0801002D08010021
:100800002D0801002D0801002D0801002D08010010
:100810002D0801002D0801002D0801002D08010000
:100820000B49401814380668002704E007494018AF
:100830006438066804273846314611F0A8FF0028BE
:1008400002D02E602F7101242046F8BDB4AD020005
:1008500018AB020070B586B0002901D4002458E01E
:100860000C463248007807F005FE00284ED00546B9
:100870000078A02847D102A80121017003A92846C9
:100880000AF02CF90646002824D103A88078062611
:1008900020280ED82649095C00290AD0C0073BD180
:1008A00024480368002B04D0A88803A902AA98470B
:1008B000064603A8002E0DD0407800280AD103A8D0
:1008C000807869460870002048800E71A88815F06D
:1008D0006BF9062602A80078002804D0A868002832
:1008E00001D003F07BFE002E04D0A888012113F074
:1008F00025FC08E003A98878122802D1497801294B
:1009000001D01B28F1D1284614F09CFA0120C00721
:100910008443204606B070BD06484368002BD8D0FB
:10092000A88803A902AA98470646D3E7EB690020E6
:10093000AEB102002C790020FEB5034636480268AD
:100940001220002A67D01479062C64D80126374675
:10095000A7405C252F425ED0D08888420BD1062C60
:100960000BD1186800283CD01078002849D02A48BC
:100970008068C06848E00220FEBD0832102410469E
:100980001946224615F044FB234D2868283021469D
:1009900016F09EF92C68E078000708D4204608304D
:1009A0002246183228342146FFF72AFC0FE0702037
:1009B00000212154606FA16F203022461832237A23
:1009C0002834334080330092224600F0CFFA124898
:1009D000016808784A7800280BD0032A15D1022034
:1009E00016E002AA0C2010700846114614F03AFADC
:1009F0000BE0032A0BD00020042A0CD102224A70FB
:100A0000FEBD05484068406980470020FEBD0520C6
:100A1000487012F071FCFEBD88780020F8B51D46C4
:100A20000878022835D114460E46069F486801789A
:100A3000407800024018002F05D015214902884255
:100A400001D00B20F8BD2A49884226D02949884286
:100A500029D0294988422ED0284988421DD0152105
:100A60004902884215D107980090F06816F026FADE
:100A7000009980B2C01B884200DB084682B2D119BF
:100A80001F292FD82880F068C119204615F0C0FA18
:100A900026E0002028800120F8BD01202880F06891
:100AA000007820701CE0F068008802212980207006
:100AB000000A607014E0F068002815D00821298031
:100AC00001782170417861708178A170C178E170FE
:100AD00001792171417961718179A171C079E071E8
:100AE0000020F8BD0D20F8BD00202880F8BDC046CC
:100AF000C92A0000012A0000042A0000A62A0000DA
:100B0000FEB5002861D00546304802910168AA79F7
:100B10003C200090424388182D4B8B5000262D49D5
:100B2000466081600C303021019116F029FB2A4883
:100B30000068A9791C24614347181221384616F031
:100B40001FFB0B2078827E61BE6123480068A97973
:100B500022464A4380181D4B1A68009F7943521859
:100B60005063186840181D4981630E807F2088708B
:100B7000C81C152116F004FB144B1868A979794399
:100B80004018174A82611868401821210902016142
:100B90001868A97979433E46401816214161686A70
:100BA0000D490968AA79544309194861A86A8861FE
:100BB0003A20285C1B683C4654431A19019BD054C8
:100BC0000298C01F424242410A74FEBDB87900201B
:100BD00004100000193F0000B475002010670020C9
:100BE0002D770100F0B587B002920C460490039176
:100BF0008A680692C86808340026951C0746034692
:100C0000059077412846394613F0DCFB801C714182
:100C100016F010FF16F0D1FB801C714116F00AFF90
:100C200000900191069D2A46059F3B4613F0CAFBA2
:100C3000801C7141009A019B13F0C4FB019000914C
:100C400016F0F8FE801C7141019A009B13F0BAFB6C
:100C500016F0B3FB801C71412A463B46029F13F0FD
:100C6000B1FB039A03C2B800083A11184968CA0FC9
:100C7000049B5A7000290FD4002102233A46002A0F
:100C80001CD02568ED43EE0F6D00EB184E4123504C
:100C9000521E241D3346F2E701223946334600290D
:100CA0000CD02568ED43AD18255013435A1E9341CF
:100CB0006A426A411A40491E241DEFE704980399CD
:100CC0008167C76707B0F0BDF0B585B000910446F5
:100CD00005464435049224300190012715F004FAAA
:100CE000A66B002E47D10498002857D0F80704D0EF
:100CF0002D49086B02904869039015F00FFD2A49B1
:100D0000486A401C486215F0EFF92878FF2801D1A5
:100D1000002028706878FF2801D10020687015F045
:100D2000FDFC02A804A90DF0F5FA00280AD016F07F
:100D300083FFFFF715F8204615F093FA00270028E7
:100D4000CCD02EE0204615F08CFA00280DD0049966
:100D5000019814F0D5FD16F06FFFFFF701F800279A
:100D60000028BBD115F0CCF9B8E716F065FFFEF707
:100D7000F7FF0027B2E72046009913F080FD701EB0
:100D8000A06320690127002809D01034204602F012
:100D9000E7F9002803D015F0B3F900E0002715F0BB
:100DA000BDFC384605B0F0BD04710020FEB51F46FD
:100DB00002920D4606463148006880471224002DF5
:100DC00014D0012F12D801902D4800880299884232
:100DD00005D28A200CF076FE3024019806E03046D9
:100DE00016F00AFC04460028019804D02649096838
:100DF00088472046FEBD002F05D116F0A1FCB04269
:100E000001D10C24E9E7F0B216F07AFC06461D4841
:100E10000178002913D0491E0170D9204000305AB2
:100E2000029A904213D23046294606F0E9FE044663
:100E300000280198DAD1284603F0D0FB0FE001200A
:100E400014F08CFA022016F04AFE0724C5E71020A1
:100E50000090D2B2304629463B4605F098FD15F089
:100E6000FFFE00240028B8D031680988008881423C
:100E7000B3D1304616F018FCAFE7C046AC7800207E
:100E8000CE690020016A0020B0780020F8B5314E0C
:100E9000307800285BD07B218D00684380B216F04B
:100EA0007BFD2D4F78600724002851D031786943AD
:100EB00016F066F97868811D00223078824204D2EB
:100EC000FF200870521C4919F7E716F065FD234909
:100ED000086000283CD0317816F052F930783C2573
:100EE000684316F059FD1E490860002830D016F0FE
:100EF0009BFC30781C25684316F04EFD19490860AC
:100F0000002825D016F090FC16F023FE00281FD1F3
:100F100030781425684316F03FFD13490860002817
:100F200016D016F081FC16F01EFE002810D116F027
:100F3000FEFD07280CD016F0F2FD072808D016F0A9
:100F4000DEFD072804D016F0D8FD072800D00024C5
:100F50002046F8BDFA690020EC68002054690020A2
:100F6000B8790020B4750020F8790020F0B589B078
:100F7000064608A803700224002E60D00F46002900
:100F80005DD01546002A5AD00E98002857D00690FA
:100F9000412016F001FD1324002850D007901020A6
:100FA00016F0FAFC002842D005901020049016F0AC
:100FB000F3FC00283DD000244122029203900798C0
:100FC000214615F04FFC05982146049A15F04AFC7D
:100FD00020220192079831461A4B9847079E3046C7
:100FE00020303946019A174FB8473046403008A99B
:100FF0000122B847039E30462946049D2A46B84739
:1010000000952F463046079E3146029A059D2B4695
:10101000FCF750F8069829463A460A4B98470A4F7B
:101020003046B8472846B8470398B84707E00798BE
:1010300003E0079816F0B8FC059816F0B5FC2046BA
:1010400009B0F0BD41600200A9790200F0B587B097
:101050000224002863D00D46002960D01746002ADC
:101060005DD0002B5BD006460C98002857D0049327
:101070000590502016F090FC0690002842D01020D9
:1010800016F08AFC00283FD003901024204616F06A
:1010900083FC00283BD020220194069C029020462D
:1010A000314616461F4B9847204620302946324687
:1010B0001C4EB047204640300499019D2A46B04757
:1010C0003346029E304639462A46984700955022BC
:1010D000304621462746039D2B46FBF7EBFF29466A
:1010E0000C310422059C20460E4B984720680E497F
:1010F0000EF0AEFF2160384616F056FC002428465C
:10110000354607E013240AE01324069D04E0132467
:101110000698039D16F048FC284616F045FC20462C
:1011200007B0F0BD4160020040420F00FEB5154619
:101130000F4606460092334802A932463B4611F05C
:1011400029FD002801D0029C59E00224781E1828AD
:1011500055D8C04678440079400087440C5024504C
:1011600016503D5042501B50335038504B50475052
:101170005050115020003046294614F015FD3DE036
:101180003046294611F040FC38E0304629460FF041
:1011900033FF33E03046294611F078FC2EE030462C
:1011A00015F0DEFB2AE015F03DFF01A9088030466E
:1011B00013F0C8FB0446002821D1298830460CF0E2
:1011C0005BFC1CE03046294611F034FC16E030464A
:1011D000294611F045FC11E03046294610F078FF11
:1011E0000CE03046294610F0A3FF07E0304615F02A
:1011F000BFFB03E03046294610F082FF0446E0B210
:10120000FEBDC0462D110100FEB5002860D0044689
:10121000DD204000201802902B20C00020180190F3
:1012200026462E36A769608A7843192109010EF0F7
:101230000FFF411C61612168CA68264B5F43BA18E1
:10124000254BD218131A254D2F68A0793C22504304
:10125000381803628B60818801231943FE27B94344
:1012600081802868A17951434718FB71386A216849
:101270000861606940003178164D694346187B204B
:1012800000013018788680B201990860618E144898
:10129000027C437C1B029A18837C1B04C07C0006E2
:1012A000C01880180068484364210EF0D1FE6843DE
:1012B000094940189130F86202980078042807D153
:1012C0000B20C00130183237412189014018388085
:1012D000FEBDC046C4090000BFFAFFFFB879002078
:1012E00034B20200B0B588B00C46102843D00228B2
:1012F00018D0082830D0012846D1251D294801885A
:101300002C4A914206D161890180801C062229461F
:1013100016F022FB28460DF073FF0346608900900B
:10132000254A0AE0A3881F480188994202D100217A
:10133000C9430180A07900901B4A06200024214661
:1013400012F0FCFA194814F00FFE0346184A052063
:10135000214612F0F3FA17E0A1880F4802AA14F010
:1013600003FE002810D1E07800280FD0A378A088D1
:1013700000900A4A0CE06089002801D0002100E0BA
:10138000012120460FF01CF908B0B0BDA388044A23
:1013900006200021DDE7C046F5E30100C3AA0200F4
:1013A000C7AC0200A068002068AB020041680200E0
:1013B000CFB10200FFFF000070AA0200F0B587B0B5
:1013C00012F086FE29490A78012A02D114F052F857
:1013D00049E0012203920A7014F04CF800242046E0
:1013E0000AF0C4FD04AD284615F00AFB214EF06852
:1013F00005902148214A15212B4606F0A7FD2048DB
:101400000078204909788200204F02940191884297
:1014100024D833689B58002B1DD49D0710D4039DFE
:1014200085402C43C5B2FF2D12D01E46039F3E407F
:101430000F4F7D19BC27EE55144F0E4E019907E052
:101440005D0705D5039D8540029F2F4302970F4FEF
:101450000D4D2B40D351401C121DD8E70C480460A1
:1014600003480299016007B0F0BDC046427A0020EF
:101470004430024050B5020084660020D9100200BA
:10148000FDAB020053AE0200F8FFFF7F00310040C9
:10149000003502407CB50446012908D0022905D157
:1014A0000121204613F042F8002800D07CBD2046E0
:1014B00012F048FB002801D00CF08AFD274D01A84E
:1014C0000090274A01200223294607F0EDFB06463B
:1014D00000280CD0F068016820460FF0E1FD01A85B
:1014E000028800233046294604F0F2FCEFE71D484D
:1014F00000781D4D002815D0E88DA04212D12C4651
:101500002C342079411C28461430C9B215F068FAF1
:1015100021792846343015F063FA00212022204634
:1015200015F0A0F90C35284616F0C2FB0646002E31
:10153000BCD03446304616F0BDFB06462089002854
:10154000F5D02846214614F057FD20460C30A17AEC
:1015500015F046FA204616F027FAE8E7FFFF0000EC
:10156000F5B20200F8720020F4730020F8B50446CA
:10157000304A1078304D2978C91D814203D80020A7
:1015800014F098F82B4A102C18D80120A0402B49B1
:10159000084213D02878C01DD1680022D5B2A842D5
:1015A0000AD91C236B43CD18AF78012F02D1CB5A37
:1015B000A3421CD0521CF1E71E4A02E02878D168F1
:1015C000C01D92680023DDB2A8420CD91C276F43CE
:1015D000CD19AE78002E04D1CE5B002E09D09542F5
:1015E00007D15B1CEFE70025284614F063F8284676
:1015F000F8BDA81C2C80002169606961012101707F
:101600000C4E70882043708080B215F0A5FC3246E5
:101610003078411C3170002800D195605188D08805
:101620008142E4D0D1800648C268002ADFD0006938
:101630009047DCE700680020FA6900200201010001
:1016400040740020FEB514460290DD2040001518BD
:10165000304A1068002856D09088A379984202D06A
:101660002D4B98424FD1207C002802D09079C007A2
:101670000DD16B799079012B04D1800743D50E46AB
:10168000022006E0FF283ED10E46FF2001E00E4674
:1016900001200190202016F083F9002833D007465E
:1016A0004920800020182146743122463A32029B9C
:1016B0003B70A3797B8012783A712A787A71097825
:1016C000B9713E81008878812089B8822068C0681D
:1016D0008008B8610198387715F0C2FA00280AD05E
:1016E0000188B981846816F04FF90146204616F04A
:1016F000DBFA800802E00020B881C0433861054869
:101700000168384688476879012801D1002068714E
:10171000FEBDC046E4680020FDFF0000F0B585B0C6
:10172000049316460446002901D00F4600E02D4FD1
:10173000342000F05FF80C2300284FD005460394B6
:101740003869411E02468A412A740024EC60AC606C
:101750006E610499A961EC612C6239686960AC62C0
:10176000EC622C63002808D10120002103221E46D0
:101770000AF0E0FDA86000282CD01B480669002E66
:1017800003D0416A416A491C41623889820838683D
:1017900000900195154816492B4609F00BF90128D0
:1017A00006D12868294613F00DFC00232C4608E0DA
:1017B000A868002801D015F067F828460EF0D8F880
:1017C0000C2303980460002E08D01C46FEF7C8FACC
:1017D000234603E028460EF0CBF83346184605B002
:1017E000F0BDC0466CB4020004710020936E02008C
:1017F000A2B70200F8B5314E716A491C7162F16BF3
:10180000002917D12E490722D3434A070A4601D09F
:10181000CA1D1A402B4C002524C42B4C0919194011
:101820000839F1630D604D608B1A5360F16B1160E4
:1018300073643364002400283BD00722034613401E
:10184000113B834235D390431030012831DB336C98
:1018500098422ED800941B4E34682546374662685D
:10186000824203D22C68002C2E46F6D18D42009C79
:101870001FD03968009129683960141A112C0F4E55
:1018800007D329184C60686008460DF0A5FF6A6808
:10189000336C981A3064716C884200D27064009C7A
:1018A00008340120C0070243002005C5B06C401C6D
:1018B000B064FEF755FA2046F8BDC046047100201A
:1018C00060040020BC680020504D0000FEB5314D82
:1018D0002C68002C5DD0E768002F05D12E482F49D9
:1018E000FF22403200BF00BF15F086FC0290A088A6
:1018F0000004000F0DD02A6800212960D068036819
:10190000934202D102C012F039FD15F0B6FD15F078
:1019100047F912F0DDFB7D6D6669A1690191002137
:10192000796513F0A7FD2805800F24D015F0FEFB84
:10193000002820D00746C07900281CD1154800791E
:10194000C00718D015F0ECFB124A1079FE210140B7
:10195000117115F092FD38790B2149024018B880B9
:10196000BB69002B07D0B88A0D49084203D000217B
:101970000B4A384698472E400299002901D0019B16
:1019800002E0002E019B04D0002B02D020463246FC
:101990009847FEBD94650020DCB20200FFA702005C
:1019A00002200000BCB5002847D004460568E9784D
:1019B00001A801702979417015F02AF8A86800285B
:1019C00001D024490160E868002801D02249016063
:1019D00029882248018022494A88224B1A806A7944
:1019E000C270AA7902712022AA5C02762A698260FA
:1019F0006A69C260AA690261EA6942611A4A1B4BBC
:101A0000C26103621A4A028509782B2281542C2173
:101A100000224254C28517490125AA04016342638A
:101A200016F09AF9606880680068294614F078FA20
:101A3000616803C914F022FE01E016F096F9074828
:101A40003821002242540C4941873C21425416F06F
:101A500082F9BCBD0D300200C15E0200407400205E
:101A6000767900201A7A002004AD020060B50200E9
:101A700001FF000001000200DC050000B0B592B0DB
:101A8000044680680578691E0D2957D8794409797C
:101A900049008F4406061E22122A32263A1A360EB2
:101AA000162E02A904F0B6FF122831D101A8062192
:101AB00046E002A910F0F5FE2AE002A913F062FA4E
:101AC00026E002A913F09EFB22E002A913F0B8FB66
:101AD0001EE002A913F087FB1AE002A913F0A1FB94
:101AE00016E002A913F070FB12E002A913F05DFBEF
:101AF0000EE002A914F0FEFD0AE002A912F03AF984
:101B000006E002A913F0E0FE02E002A912F0D9FEFD
:101B1000002809D00B2D18D00D480068002814D0DB
:101B2000A08812F013F910E0A08802AA29460EF04E
:101B30000FFC01A90870002803D1EBE701A80721D9
:101B40000170A08801A913F08DF912B0B0BDC04694
:101B500088780020FEB515460A78FF24022A17D19E
:101B60001E46089A4B681F785B781B02DB199BB2F4
:101B7000264FBB4222D02648834205D025488342C7
:101B800008D02548834223D1002A23D00B252FE0FB
:101B900001252DE02148102115F0F2FA20480D30E2
:101BA0002946324615F0D8FE1E4F002E1DD029784A
:101BB000384602F085FA761E6D1CF6E70123009286
:101BC00001932A4633460BF00BFF054603240FE032
:101BD0000A250DE0012E0AD1C8682A780270C8686B
:101BE0000F49401A411E88414400002500E00D25A0
:101BF000FF2C09D00A484068002805D0006800285A
:101C000002D0204612F0DEFF2846FEBD0229000069
:101C1000F1FF0000F6FF0000F3FF0000AF670020B7
:101C2000D4760020D06C002070B515F08AFF07250F
:101C3000072801D1284670BD15F081FF002800D08B
:101C400070BD0C2015F0A8FE254C20600028F1D0B6
:101C50000C2115F095FA2068FF2181708021017216
:101C6000204E30781C246043C43015F095FE1E4988
:101C7000C8600028DED031784C43C434214615F0CA
:101C80007FFA15F041FD0028DAD1184800780024C9
:101C900021460DF093FA0028CCD0102001210DF040
:101CA0008DFA0028C6D0102002210DF087FA0028F6
:101CB000C0D00F4801781E2048431E3015F06CFE3E
:101CC0000C49086000282846BAD0062015F064FEAA
:101CD00009490860002801D0204670BD072070BD6A
:101CE00064690020FA69002000680020E169002092
:101CF000056A0020B4690020B0690020F8B50446E8
:101D00002D486946224610F045FF002801D0009D6D
:101D10003BE02088002837D0606842680378274875
:101D2000022529460BF02AFD002808D16068426888
:101D30000378234829460BF021FD002825D0A07800
:101D40001825072821D310281FD81E4F38880125B1
:101D500000281AD021881C4A5040401C884214D3C5
:101D60000C2015F019FE002821D0064620883A885C
:101D70000001002188420AD0531C3B8065686D1821
:101D80006A8110311A46F5E70225E8B2F8BD002550
:101D9000304620C00822214614F03AF9786800281D
:101DA00007D0014600680028FBD10E60EDE713253F
:101DB000EBE77E60E9E7C046FD1C01009AB7020030
:101DC0009EB7020024790020FFFF000070B50C468A
:101DD000304D2A262E70232129720178C9004278BD
:101DE00092000A43817849001143C2780A436A701D
:101DF0006A1C0179A9708068010EE970010C2971D3
:101E0000010A6971A8710621104612F0A5FAE8715D
:101E100000202072E071A07160712071E070A070EC
:101E200060702670287AE073687801091A48415C6E
:101E300061706A780F210A40825CA270AA78130947
:101E4000C35CE3700A40825C2271EA781309C35CC8
:101E500063710A40825CA2712A791309C35CE37141
:101E60000A40825C22726A791309C35C63720A4079
:101E7000825CA272AA791309C35CE3720A40825C95
:101E80002273EA791309C35C63730A40805CA07310
:101E900070BDC046FA780020DBB40200FEB51C46D7
:101EA0000E460978012302291ED171680D78497800
:101EB0000902491989B20325284FB94215D0029267
:101EC000089F274A914212D0264A91420DD01522EE
:101ED0005202914208D10190F06814F0EFFF80B2F5
:101EE000B84208D2072500E01D462846FEBD002F57
:101EF0001ED00B25F9E73D191F2D2DD8F068C0190C
:101F00000299224614F084F8F068A9B24018202201
:101F1000521A0025294614F0A5FC13480068002831
:101F2000E3D00268002A0198DFD00025294611E09D
:101F3000022C11D1F368029A1178527812025118CA
:101F400019800949096800250029CED00A68002AAD
:101F5000CBD001219047C8E70D25C6E7C92A00006C
:101F6000012A0000A62A0000B4790020F8B50C462A
:101F70000646314F3868C0880DF01EFB002826D079
:101F8000054638680078002823D0002006F054FE6B
:101F900001460622304614F03BF811F06FFD411E59
:101FA0008841B0716879800708D52E460C3600212B
:101FB0000622304613F0DBF800282CD0A91D06229B
:101FC000204614F025F869790120084029E0142002
:101FD000F8BD6879800708D52F460C370021062206
:101FE000384613F0C4F800281ED0A91D062230463A
:101FF00014F00EF8697901200840B071002006F055
:102000001BFE01460622204614F002F811F036FDB0
:10201000411E884105E006222046314613F0F8FFB4
:102020000120A0710020F8BD06223046394613F089
:10203000EFFF0120E1E7C04688780020F8B50546AB
:102040000620C4432E683079022854D10F46301D33
:102050002A4914F06FF9307E042802D0B06B0F28A3
:102060000CD83046203013F027FD3246303207CAF4
:102070003B4604F05BF90020F06312E068680278E8
:102080001F48294611F05EFF334630330ECB3046F1
:102090000AF08CFFF16B081AF0632036304613F01B
:1020A0000BFD2E68307E042802D0B16B0F2919D8A1
:1020B0003046203013F0F4FC74694820305CC006D0
:1020C00001D40020F07630460BF0A6FB307E0128CC
:1020D00011D130464830326C766C03782846214660
:1020E000B04707E0022805D1A11D06480EF02AFCE2
:1020F000746900E000242046F8BDC0462A002A0189
:10210000416F0100D0620020F0B589B00490002832
:1021100004D00391012903D9182056E0022054E08D
:10212000029201930E9800900025294E2F46707D53
:1021300087422DD2B06A401906240499224612F033
:1021400061FE0399002804D0B06A40198079884262
:1021500020D0012919D104984079C021014040299B
:1021600013D17C432334A0B2102405AE214632465D
:1021700013F080FB3046214612F0A4FC049831464F
:102180000DF04EF901280BD0114E7F1C0835CEE71B
:1021900034201AE000200299002916D00F7014E0B4
:1021A000029800280A4A00D007700199002903D03C
:1021B000906A4019807908700098002804D0916ACC
:1021C0004919062213F024FF002009B0F0BDC046D3
:1021D000D8710020FEB5044600680188402951D11D
:1021E000E18B00294ED02849097801294AD1456858
:1021F000274800688047029015F0C6FB0190678E63
:10220000A67914F01BFFB04235D12048474301980E
:10221000C01920494718286A394611F041F80028AA
:102220002CD014F01DFD00282CD02146383101910E
:1022300001210646284615F007FA3169384615F09F
:1022400033FD618E2F46114D4D4329460DF000FFA1
:10225000218982B208186081206800696A43801869
:102260003862019E70783070204607F0B1FF002080
:1022700013F038F902E02068006928620648016816
:1022800002988847FEBDC046E5690020C4090000E9
:10229000AC78002088130000B0780020FEB50D4611
:1022A00004460220009002900298E16F891C884247
:1022B00002D214F098FAF6E701222046294613F0DC
:1022C000AFFFA36F0833204629462A460DF05FFC76
:1022D00014F0FEFB02D014F0DBFE014620468030F5
:1022E00001908020215015F017FB14F0E5FEE06FFF
:1022F000800000262E5002962F1F0299E06FC20E1A
:1023000012075242914221D281007918012807DB3D
:102310004A684B881204D2184A60401E091FF5E72C
:1023200028680004286014F0D3FB02D014F0B0FE3B
:1023300001460198016015F0EFFA14F0BDFEE06F60
:1023400080002E500298401C0290D6E7009902911E
:102350000299801C814204D214F045FA0290E06F89
:10236000F6E7FEBD7CB5304E3068017900254A1E87
:10237000052A55D87A441279520097441502020270
:102380003511C27804252A43C270C088022900D0C2
:102390000121002422460AF09FFA3068457040E08F
:1023A000C17804220A43C270083000241025214657
:1023B0002A4614F057FA30682830294614F088FC71
:1023C0003268506F916F20301346183328320093D3
:1023D0002346FEF7CBFD10F08FFF411E8841C4005D
:1023E0003068052141701CE0C17804220A43C270A4
:1023F00006F006FB0446306841781B2906D1002C04
:102400000FD110F08FFF09F0EDFA09E0022C03D094
:10241000042C03D11C2102E01D2100E005214170A4
:102420002C4620467CBDC0468878002070B5059DAE
:1024300004984C68267864782402A419A4B2274E24
:10244000A619062E0BD2C96800240E5D641C002E4E
:10245000FBD1641EA4B2844216D2072070BD20496D
:102460008C4226D01F498C4218D01F498C4231D152
:102470000828F2D808210C1AAC4200D32C461C8044
:102480001A49091810311FE0241AAC4200DB2C460F
:102490001C800918A3B210461A4617E013490C789D
:1024A0008442DAD3241AAC4200DB2C461C804968F3
:1024B000EFE70728D1D807244440AC4200D32C468C
:1024C0001C800A49091808311046224615F044FAC2
:1024D000002070BD002018800A2070BDDCD5FFFFF1
:1024E000502A00002A2A0000232A0000406F002002
:1024F00070B52D480078052108424ED014F098FDA3
:10250000C00015F049FA294E7060002847D0002419
:10251000254614F08DFD854208D27068011900220D
:102520000251032088806D1C0834F2E72049002402
:1025300020460FF01DFF00282AD11D4901252846FD
:102540000FF016FF002823D1194902200FF010FFC9
:1025500000281DD1164903200FF00AFF002817D1CB
:10256000134905200FF004FF002811D1104906205F
:102570000FF0FEFE00280BD10D490E200FF0F8FEE3
:10258000002805D10A490F200FF0F2FE002809D0DB
:10259000706815F009FA1E2402E0122400E01324EA
:1025A000204670BD3570FBE7507600200C79002086
:1025B00089A00000F8B504462C482D4D0126B7022D
:1025C000394632462346A847631CB91C2748324681
:1025D000A847A31CF91C25483246A847E31CB91D8F
:1025E00022483246A847231D394611311F4832463A
:1025F000A847631D39461B311C483246A847A31D16
:1026000039460D3119483246A847E31D3946123183
:1026100016483246A8472346083339460C3113483A
:102620003246A84723460933394618310F48324607
:10263000A84723460A33F91D0C483246A8472346CB
:102640000B333946143109483246A84723460C3328
:102650003946153105483246A8470E341C37034821
:10266000394632462346A847F8BDC046015300000C
:10267000695F0200F0B58BB006A8142114F080FD4C
:1026800029480468A004000C15F086F9002820D021
:1026900005460194A00000900026374600212846F8
:1026A000009A14F0DFF82846019903F00BFF044666
:1026B000002809D12846F3F70FFE0746002803D06B
:1026C000701C092E0646E9D3284615F06DF92743FC
:1026D00004D0164802680C200121904712F06CFFCC
:1026E00002AC204612F05AFF022020700020214642
:1026F00013F042FF0E49086000280DD006AD1426E5
:102700002846314614F034FB002428462146324640
:1027100012F02DFD012801D1012402E006A812F0DB
:1027200031FA20460BB0F0BD74B70200A07900204A
:10273000BC690020F0B587B028492948086014F02A
:1027400001FD10F03DFA0A24264E2046314614F0D1
:10275000C8FD09252846314614F0C3FD224E204607
:10276000314612F0EDFD2846314612F0E9FD2046D3
:1027700013F062FE284613F05FFE14F0E5FE1B4CDA
:10278000616808600FF094FD6168486012F04AFAD1
:1027900001AC204613F07CFF0125009569462046D8
:1027A00013F080FF06462046294614F08EFB0746AC
:1027B00037436902204615F051F9384300D0FEE74F
:1027C0000B4A06A801A90023FEF7A8FF002800D0A5
:1027D000FEE709F083FD002007B0F0BD3879002046
:1027E0001532010002400560E54C02005C790020D2
:1027F00009670200FEB50D4604462C48416A491C93
:10280000416226683146294048424841491B4F1ED3
:10281000B9410193002B00D00846012700280292FD
:1028200014D0089A002A16D00299002901D0204815
:10283000411C0198002802D0012080060143201D80
:1028400029430DF0A5FD0026374604E0002A02D0FA
:102850003046A8432060FDF783FA002F24D10028DA
:1028600001D113F04DFC13F033FC0646800118D45F
:1028700013F03AFC2668314629404A1E084690412A
:102880004A1B51425141019A002A00D00846029940
:10289000002904D0002802D03046A843206013F05D
:1028A0003DFFFF20000686433046FEBD0471002038
:1028B000FFFFFF00F8B500281CD00C460746008833
:1028C0000CF07AFE002817D0054604202856002870
:1028D00014D424480078401E122602280FD3002C5E
:1028E00002D0A87C08280AD01F4E7068002808D0A3
:1028F000112604E0022602E0142600E01C263046E1
:10290000F8BDB02015F048F87060002828D00026E7
:10291000B022314613F0A6FF388813494968488031
:10292000081D391DA02213F073FB0F4843680220D5
:102930001870A97C0839484248410C4909783A88FE
:102940001B1D02F0FBFB0746002C03D02846214646
:102950000AF09CFE002FD2D00CF040F93E46CEE7A4
:102960001326CCE75076002014790020E969002076
:10297000F0B587B004460088402111F0D7FD00284B
:102980000FD001266088A188E28823890DF07BF8AA
:10299000E17A002807D0002000290AD032460546F7
:1029A0000AE012253CE0481E81414D0000223046DD
:1029B00002E0002230461546A17A002914D003AE69
:1029C00030802088324613F0BBF93088002822D1AD
:1029D00020886188A288E3882689002700960197CD
:1029E00002970BF0BBF816E0208803A98880002A24
:1029F0000ED00D480390A18803A801816188C18091
:102A0000E188418121898181012111F04BF802E0A7
:102A10003B2111F04BFB2088402100220FF02AFFC0
:102A2000284607B0F0BDC046913E0600F0B58BB019
:102A3000002954D00C4605468879002801D004218D
:102A400000E008210A91002808D1E078FC2805D090
:102A500015F027F8002842D000F05FF90795E078DC
:102A60000990204800780890E27926460836A38825
:102A7000E589278A608A217D00930A9B019302954C
:102A800003970490059109980899334605F06AFD6B
:102A9000E078FC2801D000281FD107980A2801D02F
:102AA000002201E022461B320E480378A0880890DD
:102AB000E0790990E589678A218A172000960192BA
:102AC0000A9A0292039504900597069101221846EE
:102AD0000899099B01F004F900E03120E0700BB087
:102AE000F0BDC046A2730020F8B50C46054640B2C2
:102AF000002815D425480078A8423AD9254800680E
:102B0000804725490968AA008B5823438B502349E5
:102B1000096888472248006814F01CF900242FE057
:102B2000184801781848FF2904D04068174A1278DD
:102B3000401880180778FF2F1DD0082011F052F898
:102B400000281CD00646124830807460284612F0D7
:102B500083FE0146B01EFF22027000243846224642
:102B6000334602F00DFA00280AD0304612F06AF916
:102B700003E0032404E013F073FC012400E00424C8
:102B80002046F8BDF8770020D8770020A8B70200CB
:102B9000FFFF0000AC780020C4690020B07800205E
:102BA000A4690020B0B52C4C002020702B4D286863
:102BB000826E9521515CC90709D0C16E0979032342
:102BC0000B40012B03D1C17801230B43C370C178A3
:102BD000090711D401798B1E032B16D2C088022954
:102BE00000D00121002209F077FE2868C178042274
:102BF0001143C170427027E00EF00AFE01F062FF3F
:102C00002968002810D015200FE0012901D00529DE
:102C10001AD1022343700830012908D10021102263
:102C200013F020FE28680BE0132048700CE0911C84
:102C3000102213F0EDF92868C17804220A43C2700B
:102C40002830102114F044F82078002800D0B0BDBE
:102C50000DF03EFBB0BDC0460A6A00208878002017
:102C6000FEB50E4605460720C1432F683C46483452
:102C70006078022802D1B068002807D03078800739
:102C800001D00F4647E0F068102801D9CF1D42E07F
:102C9000019302920091384611F034FE39460746FE
:102CA000002838D1A07800280F4606D0386813F0E5
:102CB0009BFB002821D00120B8767E64019820700B
:102CC000002001907861381D029E1ECE1EC0019E1C
:102CD00038462030102132460B4612F015FB3C4698
:102CE0003879082801D002280BD12846F6F760FE73
:102CF0000746002807D137460DE03C460098871D5F
:102D000007E00098C71DA07E002804D013F048FEFD
:102D1000A6760020E0763846FEBD7047F0B58BB051
:102D20000A9308920A46022100284BD0002A49D073
:102D300007460A98002845D012980490002841D0F0
:102D4000119803901098069000262049204B099670
:102D500007920878864234D23D889D422ED0BC78B6
:102D6000002C2BD00A98069912F0BAFF002822D026
:102D70000346E007059301D1099D0CE003980090FC
:102D80000498019001212846089A03F04DFF05465A
:102D900009980543BC78A00701D409950BE0388851
:102DA00003990091049901910221089A059B03F06F
:102DB0003BFF28430990079A0449054B761C3F1DA9
:102DC000C7E70999C8B20BB0F0BDC046F66900204C
:102DD000FFFF0000F8B5164604460068114614F0DF
:102DE000ABF90546371D307900281BD014F0FEF9E9
:102DF000316A13F029F8F179002913D1C72811DCC1
:102E00007269B36938784321490240183880002B31
:102E100005D01C48024002D000213046984714F0EB
:102E20007FF9F8BD206800282BD0002D29D014F0A0
:102E3000DDF9316A144A8E18314614F0FBFA217913
:102E400001220A4322713978002908D0002806D0CF
:102E5000022D08D0032D14D12046103005E0206843
:102E6000022229460BE020461C30002809D03146BA
:102E700014F0E5FA002804D0014620680222F9F790
:102E800011FEF8BD02200000A0F1FFFFFEB50E46C6
:102E900004460720C5434868810703D11746B16837
:102EA0008A0701D02846FEBD23681A7E042A0293B1
:102EB00005D0326913F02AFA029B002830D030691D
:102EC00000282DD0184611F01DFD002838D1029998
:102ED0000A4648325078002809D00192086813F059
:102EE00083FA00281ED0012002998876019A0E6488
:102EF0001770002001904861091D3268A9CAA9C154
:102F000002987168016331698163C163B16841638B
:102F1000F168203000290AD0102214F01DFD0BE0CA
:102F2000E81DFEBD00200299C876A81DFEBD0199CE
:102F3000016041608160C16001212046FFF77EF899
:102F4000FEBD7047F0B585B00446274E7068002876
:102F500002D08047002810D0B068E102726914F0F6
:102F6000F2F900280BD40C20604320490F18F87D9B
:102F700041087F2905D3012004E00B2530E001251D
:102F80002EE0401CF8750002194901430491002508
:102F900004AA0423204629460EF0EEF930700028DA
:102FA00003D1FF20B875032078760397EA43019296
:102FB000FF26204631462B46274602940D4CA0475B
:102FC000012338463146019F3A460A4CA047022366
:102FD000029831463A46A0471020039988830E761E
:102FE000284605B0F0BDC046A4730020C46100208F
:102FF000FF000F968D390200F8B50D460090284865
:1030000000780027284B3C4684421CD21968CA5DD0
:10301000002A15D0CE19F188009A914210D1072DBF
:1030200003D17188009814F030FD002130462A4603
:1030300004F045FA30460EF099FE194800781A4B14
:10304000641C1037E0E7002D00D0F8BD154E307835
:1030500084421AD21968CA5D002A13D0CD19697A40
:10306000FF290FD0E988009A91420BD1284613F02E
:10307000C7FD1421284608F091F828460EF076FE88
:10308000094B3078641C1037E2E70424A0B207280B
:10309000DBD8FF2200990EF083FE641CF6E7C046E1
:1030A00068790020F36900207C6900207CB50D461A
:1030B0000446DD2040002618002A0DD0286E6A6ED6
:1030C0000F21890141183123C55C907D832820D0D0
:1030D000032820D102221DE03178002903D10020ED
:1030E00012F0E8FA3178A079327906F07DFB2046BB
:1030F00014F03EFE19480068A1793C224A43841826
:10310000292028560026314612F03EFE3121605417
:1031100022E0012232710A7801A90A7012F009F83E
:10312000284614F00BF93B26002815D001A800789A
:103130000321014020460BF0DDFE00280CD007489B
:103140000068A1793C224A43801869B249100122E3
:103150002A400EF0BDF8002630467CBDB87900202C
:10316000F8B5C068C56828461830A96AEB692A6AAC
:103170009A6053604B68834200D14A600024AC627D
:103180000A68521E0A601F4F796A00290DD01E4935
:103190000A465832CB6DEB619E682E627060986073
:1031A000AA62886D401C886522E0281D6969AB68A9
:1031B000EA689A6053604B68834200D14A600A68AB
:1031C000521E0A60E96ABA69914200D9B9611422B3
:1031D0004A430E498B185F68AF60BE68EE6070604E
:1031E000B860084F6B618858401C885011F076FA1F
:1031F000E86A07490968C96A884201D90124BC62A2
:103200002046F8BD047100202C700020205D0020B5
:10321000E879002089B0801E0A2813D87844007904
:1032200040008744050F1F2F373F0F0F0F17270050
:1032300001293FD107A80121017007A800780028C3
:10324000FBD13EE068460121017068460078002805
:10325000FBD136E002A80121017002A80078002805
:10326000FBD12EE008A80121017008A800780028F1
:10327000FBD126E001A80121017001A800780028F7
:10328000FBD11EE005A80121017005A800780028E7
:10329000FBD116E004A80121017004A800780028E1
:1032A000FBD10EE003A80121017003A800780028DB
:1032B000FBD106E006A80121017006A800780028CD
:1032C000FBD109B07047704770B5049C284E307030
:1032D000284D6975EA75AB752C76C80014F05CFB57
:1032E000A862002840D0697DCA00002113F0BAFA14
:1032F000687D14F051FB686200282CD06A7D0021A3
:1033000013F0B0FA687D14F047FB2862002824D03F
:103310006A7D0024214613F0A5FA2846383013F0C0
:1033200051FE317806200CF0D3FC2846303011F0E5
:1033300079FB0AF06BF8697D2A6A052012F09AFA87
:10334000002814D0687DA04211D0E14341182A6AB8
:103350001155641CF7E7283503E0A86A14F024FB34
:103360002435286814F020FB042012F0A3F970BD66
:103370009F680020D8710020F8B52349087006F036
:10338000F3FE224800243022214613F06BFA204E2F
:10339000707900280ED0000114F0FEFA1D49086073
:1033A000002807D07179F170B27932718A0000215A
:1033B00013F058FA3079184909780818174F3870FF
:1033C000C0B2000114F0E8FA154D286000280ED0B4
:1033D00039780A01214613F045FA2868093039780E
:1033E0008C4207D2FF210170641C1030F7E70020E7
:1033F000387030710448007813F002FE094811F06B
:1034000083F8FAF7E0FFF8BDF4690020DC640020DF
:103410006479002080690020F6690020F3690020AB
:103420007C69002041260200F0B58DB002270028FB
:103430004FD01546002A4CD00C4606460693081D70
:1034400080B2059014F0A8FA00283FD007460698ED
:103450000CF0B2F800283BD00395856A381D314640
:10346000224612F0EDFDFD70280A0290B870280C7B
:103470000190787004952E0E3E7013F093FE014675
:1034800007AC1022204612F0DBFD082000900BABA9
:1034900020463C463946059AF9F70CFE07460028B7
:1034A00010D1049D039805700299417001998170B3
:1034B000C670001D0BA9082212F0C2FD691C0698F7
:1034C00010F0DAFF204614F06FFA02E0132700E054
:1034D000142738460DB0F0BD80B525480068002897
:1034E00001D014F061FA23480068002801D014F0DC
:1034F0005BFA21480068002801D014F055FA1F48F3
:10350000C068002801D014F04FFA14F001F900202F
:1035100010F070F8002801D014F046FA012010F0E5
:1035200069F8002801D014F03FFA022010F062F888
:10353000002801D014F038FA11480068002801D0A2
:1035400014F032FA0F480068002801D014F02CFA69
:1035500014F0D8FB14F0B6FB14F0E5FA14F0C6FB37
:1035600014F0B6FB12F0A9FE09F0F7FC80BDC046CE
:10357000F0770020F47700206469002000680020C4
:10358000B4690020B0690020F0B587B01C4617462A
:103590000D460646502019460EF072FE0097019027
:1035A000224806A932462B460FF0F4FA002801D033
:1035B000069C37E030460BF0FFFF002831D0039423
:1035C00005A930460FF086FF044600282AD1002FB7
:1035D00013D004AC00202080288821460BF076FE12
:1035E000208813F0CAF80146781E42424241304614
:1035F00006F086FD0446002814D1304629460FF017
:10360000ABF9044600280DD10024039EFF2E09D0FB
:10361000059DAB1C06481E22294613F041FCEE70A6
:1036200000E01424E0B207B0F0BDC04689350100C7
:1036300015310200B0B50C4600290BD4E0071CD1AF
:10364000A0071FD460072AD4200733D4E00638D45B
:10365000002422E01D48007804F00CFF002819D057
:1036600005460CF073FA002811D119480078FF289C
:103670000DD0294610F0FCFF0CE00FF041F8154882
:103680001E3009E00EF0A8F812481C3004E028466D
:1036900011F0D8FB0F481F3004402046B0BD0E4843
:1036A0000068002803D08068002800D080470948BF
:1036B0001830F1E70FF008FB084908700548103092
:1036C000EAE70AF001FE0348E6E7C0460B6A00207D
:1036D0003F7A0020E0FFFF7F8C7800200A6A0020FC
:1036E000B0B50498002801D00B20B0BD1C46087866
:1036F000022818D14868037840780002C01880B2C8
:103700001F4BC318082B12D87B441B795B009F44C6
:10371000040419041919222A1D0001202080C868F8
:10372000007810702AE0002020800120B0BD154BE9
:10373000984207D105232380C96810461A4614F021
:103740000BF91BE0002020800A20B0BDC86800787B
:103750001070012011E00C49102510462A4614F083
:10376000FBF825800AE0C86841780378C57880783E
:103770009070D57013705170042020800020B0BD6F
:103780000F00FFFFA5FF0000AF670020F0B58BB072
:1037900006A8FF2101702548407D14F0FDF800289F
:1037A0003CD0044607AFFF261025384631462A464E
:1037B0001F4B98471D48427D2046314601941C4CC2
:1037C000A04704A80390062202923146A047194E52
:1037D000022029463A46B047344606460320294689
:1037E0003A46A0472746054635430420012106AA4C
:1037F000A04706462E430D48417D0520019C2246E8
:103800003D46B8470746374302980146039AA84702
:1038100005463D43204614F0C7F803E0042011F0AC
:1038200049FF0A2528460BB0F0BDC046D8710020DC
:103830006568020071600200F0B585B02748007825
:10384000002801D0012047E011F0C0FD13F0B4FBC7
:103850000346002420462146224611F09BFD204EBF
:103860002746707D874235D2B06A0019FF210625B0
:103870002A4611F07CFC002829D17D432335A8B2CB
:10388000102101AA11F0F6FF002820D101A8FF2184
:10389000102211F06CFC002819D101A8002110227F
:1038A00011F065FC002812D1B06A01198879012550
:1038B000284001AA002311F06DFDB06A0119C879F2
:1038C000C00604D4887928402A4611F0A9FD7F1C3F
:1038D0000834C6E70020707005B0F0BD3E7A0020C5
:1038E000D87100201CB501A901240C708188214ADF
:1038F0008A18192A0BD9204A8A18142A15D823465F
:1039000093401E4A134210D014F0CFF827E023460C
:103910009340472213421DD08068007801A913F01C
:10392000B7FE00281BD0019C1AE0154A8A18022A0B
:103930000DD3144A8A18022A09D3134A914211D08E
:10394000124A914213D180680AF01CFB07E014F080
:10395000A4F804E09A01520FCDD014F0A0F8044668
:10396000E0B21CBDFFF7D9F9FFF7EBFAF8E7002446
:10397000F6E7C046D9DFFFFFBBDFFFFF3F001000C7
:10398000F8DFFFFF8903FFFF0E2000000220000088
:10399000FEB51746029106461024204613F0FCFFA0
:1039A0000546204613F0F8FF0446002D19D0002CE0
:1039B00017D00197002710222046394612F052FFF7
:1039C000304621462A4611F07FFD0646002828D1C0
:1039D000E857002809D42846029E314611F0C2F962
:1039E0000DE01326002D1CD11EE02846214611F0C3
:1039F000B9F911492046029E324612F053FCF057A5
:103A0000002804D43046019911F0ACF908E03046A2
:103A1000214611F0A7F908492046019A12F042FC0C
:103A20003E46284613F0C0FF002C02D0204613F07B
:103A3000BBFF3046FEBDC046B0B50200FEB528480B
:103A40004078284909680A78012801D1154644E0E0
:103A500000230124009202921E460193DFB2C0B2FD
:103A6000874225D2E5B2854222D2042E20D8C85DF5
:103A7000495D04F051FF01281AD10296194E3168B0
:103A8000C85D495DF5F7E6FA31684A5D9042224625
:103A900000D0019A641CE3B2CB5CFF2B01D1002360
:103AA000DC43029E0290761C0D4840781346D4E712
:103AB000029DAEB2009CA64205D02046314604F0DD
:103AC0002BFF012804D1FF213046F6F757FD04E013
:103AD00020463146F6F752FD2546A8B2FEBDC04647
:103AE000EC68002054690020F8B505460620C44360
:103AF00008680078022842D10E462F68CA68381D2F
:103B00002049102A00D0891C12F014FC387EF3687A
:103B1000042808D0102B06D3686802781A48294672
:103B200010F010FAF3687168B268384607F0E2FFE7
:103B30002E68307E042803D0316AC9680F2915D851
:103B400074692820305C032801D00020F0763046CC
:103B500009F062FE307E012811D130462830326AE9
:103B6000766A037828462146B04707E0022805D147
:103B7000A11D06480CF0E6FE746900E00024204612
:103B8000F8BDC04628000001FDB10100D062002050
:103B9000FEB51446002802D0254A1278027000298A
:103BA00002D0244840780870002C3FD000273E46C1
:103BB0001F480078FDB2854238D2284613F01CFD1C
:103BC000002831D1284613F09BFD53218A0081182B
:103BD000731C0293F5B2675505682D88803D6B1EF6
:103BE0009D41B31C0193029BDBB2E554805CF21C47
:103BF000019BDBB2E0544878331DD2B2A0548878E0
:103C0000721DDBB2E054C878B31DD2B2A05408795B
:103C1000F21DDBB2E054487933460833D2B2A054E7
:103C200088790936D9B260547F1CC1E70020FEBDF7
:103C3000FA690020EC680020F8B514460D460646E7
:103C40002248007801280CD121480188002908D099
:103C5000491E0180080404D101201F4612F028FCEF
:103C60003B461C4F3878002810D00C200FF0BAFFCC
:103C7000002826D00146184808804E80022008718E
:103C8000CC808D60387810F0F3FCF8BD1F4608201A
:103C90000FF0A8FF002814D010490180691F41606F
:103CA00002220A7041684E70310A3A010A434168A3
:103CB0008A704168CC70210A4268117109F0DEFAFD
:103CC000F8BD284600F08AFCF8BDC0467279002095
:103CD00074790020ED69002090FF000001FF0000D2
:103CE000F0B589B0119E002E0AD01F4615460C462D
:103CF000089008460BF060FC002803D011273DE037
:103D000031273BE007951F480BF056FC002834D0C4
:103D100005461498069013980590129804901098F0
:103D200003900F9802900E996F71A81D06220192C0
:103D300012F06EF928460C30002700903946019A9F
:103D400012F090FD02996C800798287108982870ED
:103D5000EF620398A874AE820498E88205982886DA
:103D600006986886002903D00622009812F050F9C0
:103D70002046394610F0ECFB00E01527384609B024
:103D8000F0BDC046FFFF0000B0B5044626480078ED
:103D900011F06AFF002C07D0244884606068017924
:103DA000002905D0006A05E0002011F083FCB0BDB9
:103DB00013F0EAFDA0606169002901D02046884720
:103DC0006068006A12F054FF6568A888A979090440
:103DD0004018FF210902014019225202914205D1E7
:103DE000291DC2B2000C88700A806568284613F04D
:103DF000C2FE0146284613F090FF208812F060FEB4
:103E0000616813F025FC01468B39022901D3002893
:103E100006D1606811F066FB012013F060FEB0BDB2
:103E2000204613F0ACFEB0BDF96900200068002008
:103E3000F8B50446254A836FC66E25481060207E7B
:103E4000001F451EA84100910F2901D8002700E05E
:103E500001270740012F10D1616AA26A204635462A
:103E60001E46009B09F0A2F833462E46174AA16F62
:103E7000091AA167616E081A6066B34206D1E06A4A
:103E80008121615C01220AF025FB07E0606B50662E
:103E9000A06B9066E06BD066206C1067002F04D09A
:103EA00020460FF07FFB06460EE0606AA16A0026FE
:103EB000009D2A46334602F039FAA06F401BA067E6
:103EC0003434204611F0E0FD3046F8BD2C000C40A3
:103ED0002A002A01F8B50F460646224800688047A6
:103EE0000446214840680546002806D0686E0078E0
:103EF000B04222D028680028F5D10026002F2AD011
:103F0000304613F07DFB184F3978884223D2782051
:103F100013F042FD0646002D00D13D1D2E60002EFF
:103F200019D07821304613F02BF910483821405C25
:103F3000002804D07D20800002E02E460BE0787837
:103F4000708530464430022110F02EF94420315A59
:103F5000074A0A40325207480168204688473046DF
:103F6000F8BDC046AC780020E877002040740020FF
:103F7000FF0F0000B0780020F8B5014600040DD412
:103F80000122C8050FD40020890306D51E498B6E77
:103F90000A2B30D1204848641046F8BD18480FF06D
:103FA00009FD0020F8BD174B1749986800281CD45C
:103FB000174F184C256820607E1B01DC134EAE198C
:103FC000952E12DC3E1A01D8104E8619952E0CDC67
:103FD000401BC5176840401B952806D8081F52048F
:103FE00002600A6000202060F8BD14020020186002
:103FF0001A600C60F8BD52040A238B660A60F8BD93
:10400000020200000012004058100040A01CE9FF0E
:1040100060E316008479002080841E80F0B589B0AA
:104020000190214F214A224801680125A9430160DE
:1040300010680390386C029004A81E49142213F0F3
:104040008BFC1D48042112F0ABFF2026304613F0F4
:104050006BFA3868194CA169019A101AB938C0086E
:104060004018A06204F070FF0190E560656520686B
:10407000304613F059FA1B210F4812F091FFF86BEC
:104080000128FCD10B4804A9142213F065FC029806
:10409000386406480399016009F01EFE04200DF003
:1040A000AFFD019809B0F0BD042102404420024058
:1040B00010E000E04C2102404404000000200040D9
:1040C000F8B5054604468434254800270760476054
:1040D0008760C760217460690F283FDC28189C2224
:1040E00081546069401C6061232902D1102802D0EC
:1040F0002FE0102832D12646183630782A2828D1C9
:104100002846AB300078232823D115483146F9F7EB
:10411000FFF800281DD0286811490978884218D175
:10412000E068022815D0E760206800012818001D0B
:104130001022314613F010FC2068401C082800D0E3
:1041400007462760A068401CA060082801D1022013
:10415000E06014341421204613F012F8F8BDC04674
:1041600028780020F8B5154600910446254E3746BC
:104170001C373F68002F03D03889A042F9D126E0D0
:104180000C2013F009FC1526002825D007460481D1
:104190000098B87200203860F872002D0AD008210B
:1041A000284610F03FFE7860002804D1384613F00E
:1041B000FBFB11E07860134EF169002904D008463A
:1041C00009680029FBD101E030461C30076012F07D
:1041D000FFFB002802D000263046F8BD0120F8720F
:1041E000204600992A46F7F7C1F831460646C86AC4
:1041F0000028F1D04368002BEED0002120460A466B
:104200009847E9E7D8710020FEB525490B780028CA
:104210001A4600D00022002801D122490B782249F9
:104220000F68019211460024994236D20D017E1981
:104230007288491C002AF6D1029300280BD0202056
:1042400013F0AAFB7919C860002826D0002120228B
:1042500012F008FB02E078190021C160B01C009048
:1042600000213170104802680198411E03019A181C
:10427000931C402254B2002C0ED41C460D466D1CDB
:104280000298854206D22788103490B28742F6D130
:10429000521CEFE70098028034462046FEBDC0461F
:1042A00068790020F36900207C690020F0B58FB0A8
:1042B0000D460646254F3868406F603000242022A6
:1042C000214610F054FF002803D0082738460FB0CD
:1042D000F0BD1C2013F060FB3968886508270028B2
:1042E000F4D005A803A909F0A9F90028EED11748D0
:1042F0000068406F603007A9019103A9009105ABE8
:1043000031462A46F6F772FF0028DFD10F4F386892
:10431000806D07AD10262946324611F079FE3868C7
:10432000406F803010352946324611F071FE3868F2
:10433000806D048212300822214612F093FA0FF0A9
:10434000B5FC3968896D88762746BFE788780020F4
:1043500070B50C460546264E306800281FD0C1882F
:10436000A9421CD14178112923D0062919D10178FD
:10437000002925D0826EC16E9823D25AD30702D06D
:104380008B89DB0724D1930702D58B899B0721D426
:10439000520702D5898949071ED4B06811E013F08D
:1043A00031FB204629460BF0D3FE10F06BFD0120B7
:1043B00070BD002C00D0322413F024FB204614E002
:1043C000706800280AD04068002807D0804705E0C0
:1043D000072102E0092100E00B21417013F012FBDC
:1043E000306840781228E2D100200CF08BFCDEE728
:1043F00088780020FEB517460D460646087A44B276
:10440000810607D4002C25D401072DD480073DD484
:1044100003263EE00293384612F0AFF901463046DB
:10442000082634400190224605F06AFE002806D096
:104430000299487A00282CD0087A012829D13846D8
:1044400012F0ECF9002823D00346122201982946E5
:10445000984707E0384612F090F9014600223046AE
:1044600005F04EFE064614E01C46384612F085F96B
:1044700001460122304605F043FE002806D00646DC
:10448000607A002805D0207A012802D1002600E0B9
:104490000E263046FEBD7047F0B58B4200D18242F9
:1044A00004D90B0002000021002040E0002B00D1C5
:1044B000002A0CD10B00020000210020002B00D1AB
:1044C000002A01D0C943C04313F04CFC2FE01C006C
:1044D00015000B0002000CB4002126002F00FF196C
:1044E000764102D2491C4029F9D100201E00170054
:1044F000FF19764102D2401C4028F9D10E1A210042
:104500002800320010F0CAFD0C0005000CBC002091
:104510000021A34200D1AA4201D3521BA341404132
:1045200049416D08E7073D436408761EF1D5059FB4
:10453000002F01D03A607B60F0BD7047F8B51F488E
:1045400069460EF027FB002801D0009833E01C4894
:1045500001782820484313F01FFA1A490860002800
:1045600028D00026184F1C4C354615480078854247
:1045700015D2002E394600D0791C124802689019D5
:1045800091530021817004818172FF221202828482
:104590000C30182212F066F96D1C2836E5E70B483E
:1045A00012F018FE0A4812F0C5FC0A480FF0ACFFE2
:1045B000002000E01320C0B2F8BDC0463D45010018
:1045C000EA69002034690020FEFF00009529000000
:1045D000615602005D5F0100FFFF000070B500281A
:1045E00017D00546224800688047044613F0F1FAC8
:1045F00000280FD0284607F03DF901281AD112F003
:1046000050FF1D480168204688471A480068002866
:104610000ED170BD174E306800280BD0284607F029
:1046200029F9012806D114480168204688473068D6
:10463000804770BD0F49081D00230068002811D075
:104640001A4606460836AE420346F6D88388F31863
:10465000AB420346F1D30368002A00D10A1D136060
:1046600013F0A2F9044801682046884770BDC0468F
:10467000AC7800203C790020B0780020F8B50446E2
:104680000078C206970F022F03D0012F05D1221DFB
:1046900001E022460832166800E0002601250029C4
:1046A00001D1E94301E00221C943084020702046BE
:1046B00003F01CFF2078C006800F012810D00028CE
:1046C00011D10025002F21D01348017906220A407C
:1046D000042A1BD1103084421AD010F013FB15E0CD
:1046E0002F46241D01E02F46083420680025B042E3
:1046F0000CD0094C207906210140042906D100F094
:10470000D3FC0546206839050AF0FCF92846F8BDB7
:1047100013F02AF9FAE7C0469465002070B50BF053
:104720006BF91E4C204612F0CBF81D4E3178012952
:1047300001D0012000E00220002900D104202070D7
:104740000020214611F0BAFD044616480460002CF2
:1047500002D0154812F098FD12F0BAFE134D28460B
:1047600012F0E6F83178012901D0012000E00220A2
:10477000002900D1042028700020294611F0E4FD12
:1047800005460B480560002D02D00A4812F0C6FB12
:104790006942694160426041084370BDD0670020B2
:1047A000F76900206C690020E4650020E0670020C4
:1047B0007069002040680020FEB507462448007854
:1047C000401E022801D21220FEBD1C46002B23D021
:1047D0000E46029238460AF0EFFE00281ED005462B
:1047E000C06A002801D013F0DFF81C21204610F029
:1047F00019FBE862002813D001460898002811D060
:10480000A87C08280ED10A8A0B461233887E0090B5
:1048100038460FF075FF0BE00220FEBD1420FEBDF0
:104820001320FEBD384612F037FF00280ED10020BD
:104830002979002E01D0062200E0042211432971BB
:10484000029A002A02D0202211432971FEBDC046DF
:1048500050760020FEB502460E063F2040068642F6
:1048600004D10FF0FBFC030A040C38E01F4C0023BA
:104870007F20002A33D01768002F30D049B27D291D
:104880002DDC7D252D06AE4207D00125ED07AE4279
:1048900009D110795379D48821E0B8008118805C5F
:1048A0004B784C881BE0042502955557A94216DB2E
:1048B0003D46171D01956D1E002D05D0029EBE5769
:1048C000B14209DB3F1DF6E7019DAD00AE56B14296
:1048D00005D1A918F0B2E3E738787B787C88210409
:1048E000DAB212028918C0B20818FEBDFFFF00003C
:1048F000F0B585B01C4604920D4606461D4800687A
:104900008047002E08D0009601950A99012903904E
:10491000029403D0194E02E002261AE0164E00243B
:10492000174F0F2C13D0386800280DD11548057883
:10493000E0B20F210BF08CFB01228A402846114681
:10494000049AB04700280AD0641C0837E9E7082613
:1049500003980D4909688847304605B0F0BD0098B6
:10496000386001987860002602980028F0D0047022
:10497000EEE7C046AC780020C90C020095F70100B4
:10498000F05E00207E790020B0780020FEB514464D
:10499000024605201F4B1B79002B00D01E4BC04345
:1049A0001D460D408D422AD1926855688D4228D906
:1049B0002340A3422AD16318AB4227D81068451878
:1049C000164F002C1FD00FF083FB019002943C681F
:1049D000002038601248026812482946904706466F
:1049E0003C60029C019810F045FD002E0BD1094857
:1049F0000078411E8841C0024519241AE1E7401C95
:104A0000FEBD801CFEBD002C01D12046FEBD002055
:104A1000C043FEBDA078002000F8FFFF2444024000
:104A20005800000F8FA0E3B7B0B50020244C082831
:104A300004D0211800224A70401CF8E7D020607290
:104A40003020A0727820E07208252573162060734C
:104A50000020A073E0732074FF206070A07809210B
:104A60000143A17012F02CFE13F03AF9207928438B
:104A7000207113F04EF8002803D113F04CF80028F1
:104A800005D0A07820210143A17012F0B2FF13F0ED
:104A90003EF913F046F861790143617113F023F890
:104AA000002803D1A078EF210140A17012F075F920
:104AB0000DF025FFE07821210140E170B0BDC04636
:104AC0009E67002070B5214E3168002400293BD03C
:104AD000486F002838D0896E34228A5C002A17D0AB
:104AE0001B480822027035311A4D20242246A8475F
:104AF0003168486F2030896E55312246A8473168A9
:104B0000486F4030896E75312246A84701241BE06A
:104B1000114D6978FF2913D02A78002A01D09142DB
:104B20000ED22030A91C2024224611F071FA3068E0
:104B3000406F403022352946224611F069FAE5E7F8
:104B40000EF0C2F805490870204670BD8878002034
:104B50004866002011600200EC6300200A6A002011
:104B6000F0B587B01F461646029104460025294637
:104B700004F02AF8002838D10195029D30463946C4
:104B800012F026FD002801D01E202EE018480670E5
:104B900002200643032E02D1384606F029FD154EA9
:104BA000757012F005FD3070002801D170783070FA
:104BB000204606F031FE0028019D16D10695059588
:104BC000049503950A480078012804D8002003A919
:104BD00007F05CFD02E003A812F0F2FC03A812F05B
:104BE000EBFC204608F09AF8284607B0F0BDC04616
:104BF000E8690020A2730020F8B50446002804D11B
:104C00001F482049DA2200BF00BF6668002E0BD182
:104C10002068002805D11C481A49DF2200BF00BFC8
:104C200020680668002E28D02789F589AF4205D371
:104C3000307A022802D13668F5890027AF4217D2B0
:104C4000F219108A401D03218843C719AF4206D9C3
:104C50000E480C490092F52200BF00BF009A1032A6
:104C6000AF4206D3307A022803D13668002700E02D
:104C70000022666027811046F8BD0022FBE7C0468F
:104C8000E7B302007FA7020024AF020015B40200C0
:104C9000F8B506460C274743204800248470204D71
:104CA0006868406800280CD012F07EFE6868001D1D
:104CB0001C490A78944206D200220260641C083023
:104CC000F7E7184802787A4390B212F065FE0028A0
:104CD00021D005460096134C22787A4300263146AF
:104CE00011F0C0FD0E48406821788E420ED2F100CE
:104CF00041184D6000218F4205D06A1800236B5285
:104D000093600C31F7E7ED19761CEDE70098034945
:104D100088700020F8BD1320F8BDC046F87200204E
:104D2000F4730020F6690020F8B500280DD0044681
:104D30000768002F09D03D88002D06D0012D0BD12A
:104D4000012012F05DFC002800D0F8BD3D88012D47
:104D500002D112F0E9FC3D8800262660BE70802D4D
:104D600001D0402D07D128460BF072FF1149498828
:104D7000002805D101E00F484188A9430D48418032
:104D800088B212F0E9F80B480178002903D0491ED7
:104D90000170090602D1866007490E704188C288F9
:104DA0009142D2D0C1800548C268002ACDD00069A6
:104DB0009047F8BD00680020F96900204074002089
:104DC0007CB512F03BF9C0B212F09AFC00282ED04C
:104DD00004461D4D1D4EA06E406800281CD0017A6F
:104DE000022919D1817B4118C97B032909D00F21E0
:104DF0004156002905D52978491C29703178491C6C
:104E00003170017B204612F066FFA06E001D0FF08E
:104E100049FAFFF7E3FBDEE72878002807D00C49C2
:104E20000978884204D20B490978002900D17CBD59
:104E3000A27901A90A806A461080012008F0B4FE18
:104E4000002028707CBDC046FE690020016A002059
:104E5000006A0020FF690020F8B51C461E4D28702E
:104E60001E4E317072701E4F3878C00012F094FDE3
:104E7000686000282AD02A461A4D71780029164603
:104E80000BD13878800012F087FDB06000281ED06A
:104E9000014628460CF004F9706800213A789142E6
:104EA00005D2058000224260491C0830F6E7002C3C
:104EB00000D105242046FFF7EBFE307812F08EF883
:104EC00009480FF021FB307812F09CF9F8BD7068AA
:104ED00012F06AFDF8BDC046F4730020F87200209D
:104EE000F6690020FFFF000095140100F8B5144694
:104EF00006460D461E4F3878002803D11E4800781C
:104F0000002803D01B480078002806D00E20314628
:104F10002A46234605F02CFA14E00C3108460EF020
:104F200061FE00280ED03B46074614494A1C9642B3
:104F300001D08E4207D110490978002903D0009191
:104F4000922103E0F8BD19780091912139700E216A
:104F500079700121B970BE800C30B86021462A46B4
:104F600011F056F8009839460FF082FBF8BDC046A4
:104F7000EC690020417A0020EE6900201720000033
:104F8000FEB505460220C44305293CD8052D3AD874
:104F900016460F46029311F06DFA3B011B49CA18E1
:104FA000516800291FD001921C4611F001FC0299A2
:104FB0000B460C3B1D715F719E711448005B144AD7
:104FC000904213D10198C268002A1BD01E460024CB
:104FD00020460D469047002D15D0002813D03046AE
:104FE00010F096FE0FE011F0E3FB0CE00198041DB9
:104FF000206808300EF034FF206840680121090461
:105000000FF000FD00242046FEBDC0466461002074
:10501000F8FF0000F8B505461F4CA068002805D031
:105020001E490978A9420BD8002426E00DF0FCFEA9
:10503000A0680024002820D018490978A9421CD96A
:105040000C216943164A55186F68AE680024E14385
:105050000BF078FC387800280BD130680E490978BD
:105060004A1E9141C9024A1E024202D1706888421A
:1050700005D2094A90680FF081F92046F8BD064A2A
:105080001179002900D0074901408842F2D101205E
:1050900038702C46EEE7C046A07800204BAF0200E7
:1050A00074B6020000F8FFFFF8B5224F38794007C8
:1050B000800F0CD00FF00CF80446387CC006002599
:1050C000800F15D0012804D03846183003E00025A1
:1050D0002EE038461430066830460FF033FE12F0EA
:1050E00085F8801B1449884202D812F03DFC032544
:1050F000387FC006800F13D0012802D038462430F4
:1051000001E0384620300668304610F021FF12F0EA
:105110006DF8801B0849884202D80FF0F3FD022584
:105120003879F9210140081D3871204610F0A2F9A4
:105130002846F8BD94650020FFFFFF1FFEB50F460F
:1051400022490968002902D011242046FEBD1E46CE
:105150000224002BF9D0019202909C20355C04209F
:1051600010F0A6FDA842F0D830469C300578052006
:1051700010F09EFDA842E8D37C2012F00DFC134DE8
:10518000286000281DD000247C22214611F06AFBF3
:1051900028684470029901708770019AC2808666FF
:1051A000C466047100290ED00BF092F8294605461A
:1051B000086801214170002DC7D004F0F5F82C4695
:1051C000C3E71324C1E701214170BEE788780020BE
:1051D000F0B587B01E460F460446836FC06F00903F
:1051E000084611460292F0F775FD8020059420587C
:1051F0000490002101200390C5070A46002D2ED0FF
:105200000692002A0DD00598836FC06F009030463B
:105210000C4639463A46F0F75DFD214630463E469B
:1052200007462C4604980440002911D0002C11D0C8
:105230000598836FC06F0090304606913946029AF8
:10524000F0F748FD06993846039A3746064603E0CC
:10525000069A01E00024039A21436D08CEE7384600
:1052600007B0F0BD1FB504283AD8C046784400798D
:1052700040008744022C1218080001292ED1107812
:105280001949087028E0052928D117480830052356
:1052900011461A4612F060FB1EE001291ED110785B
:1052A0001149887018E0012918D110780E49C8708A
:1052B000C91C0E4800680E4AFF231924009401936C
:1052C00002920C4B00242246FDF728FD09E001293B
:1052D00004D1107804494870002402E0182400E04A
:1052E0000224204604B010BDD47600204869002076
:1052F000E1360100106A0020FEB50646847920469A
:1053000012F0FEFC204612F0DEFC204612F011FCEA
:10531000707900280ED0002070711B4D687800282D
:1053200003D1002010F0C6F96878401E6870C0B242
:1053300011F018FE0296144E3078401E30707068DE
:105340007B218900254601914D434019877911F051
:1053500075FEB84202D03078002802D1FF2011F04B
:105360007FFE204611F0ABFA20460BF00AF9002030
:105370000299087170684019019911F001FF706875
:105380004019FF218171FEBDEC680020FEB5054685
:105390003120C0002F182E468C3628462E30009023
:1053A0003089B488029021460AF052FE3B46E881DB
:1053B000F1880191698400222A77EA836A891018AA
:1053C000A881688E84420BD1EA8E0299914207D15E
:1053D000AA8E0199914203D15C229A5AD20604D531
:1053E0005C22995A08270F439F522F468237188014
:1053F0003078009908706C860198A8860298E88633
:10540000A1B27D20450228460AF022FE4443A1B203
:10541000A94200D0401C38800220B871FEBDFEB504
:105420000124062942D30E4607461920C0018142B5
:105430003CD81546062A39D3854237D8B54235D3EC
:1054400099087C2932D808990A292FD381422DD86E
:10545000C804000C591C8AB21146694349008142B4
:1054600024D238469A30007800280CD00B20400116
:10547000381800680A2102920AF0EAFDC000029979
:105480006943814212D83846294607F04BFB002871
:105490000CD10C980B990A9B099A00910190304607
:1054A000294601F063F90446401E84412046FEBDB2
:1054B00070B478C8194A78C2491EFAD170BC7047D6
:1054C000F0B4F0C8144BF0C3124BF0CBF0C1521E35
:1054D000F7D1F0BC7047C046F0B4F0C80F4BF0C332
:1054E000521E07D0F0C80D4BF0C30A4BF0CBF0C1F1
:1054F000521EF7D1064B1C680F25AC431C60054BB0
:10550000F0CBF0C1F0BC7047C046C046C046C046B4
:105510002C000C4070000C4080000C4090000C40AF
:10552000820706D18A0704D130B43CC93CC030BCE4
:10553000704710230A780270491C401C013BF9D1C6
:105540007047704770B50446456C4820265C60691A
:10555000002800D070BD0F2006402079082801D017
:10556000022812D1012E0CD01848216B4167616BC3
:105570008167A16BC167E16B154A11600168C907BA
:10558000FCD12046203010F0A3FE012EE2D02046B0
:1055900048300078EA68C0060AD42046203069689E
:1055A0000CF003FD002808D10320C043606104E033
:1055B00068682146203112F0CFF9203400221021F2
:1055C00020460B460FF0A0FE70BDC0461C000C40EC
:1055D0009C000C40B0B586B004460220002C38D0A8
:1055E000618803229143042933D16168002930D0B6
:1055F000208801210EF09AFF002825D0208811F084
:1056000016F905462088618812F057FA002804D060
:1056100001AD2946FFF795FFAD8820880E498842E5
:105620000AD02189A94207D962881B20062A10D1F5
:105630000A4A128891420CD809480078002805D0FF
:10564000204600F0E7F804E0142002E020460DF0C8
:10565000B9FD06B0B0BDC046FEFF0000167A0020BE
:1056600064790020F8B50546407840072DD50C46F2
:10567000A87AFE21014002291DD11D4F3868E97A20
:105680002E460C36012200921140324601F08AFA71
:10569000FF2808D039681E274743C8190D3010F07D
:1056A00088FD002812D0E87A432160543C34062259
:1056B0002046314607E0E87A432160543C340C35FB
:1056C00006222046294610F0A3FCF8BD084D2868A4
:1056D000C019C11D0D3007F057F84320009921541F
:1056E0003C342868C019C11D06222046EBE7C0469D
:1056F000B4690020FEB507680024002F39D001905E
:105700000291BE89FD89AE4204D91B481B498E22F5
:1057100000BF00BFAE4212D3387A02280FD1019DDC
:105720002846029910F05BFD2F68FD89B889002694
:10573000002804D012481149982200BF00BFAE4291
:1057400017D2BC19208A401D032188438619AE4216
:1057500004D909480949A12200BF00BF1034BE8105
:10576000AE4206D3387A022803D10198029910F08C
:1057700036FD2046FEBDC046FEB302007FA70200F4
:105780008CB20200FEB502920F4606460124214665
:105790000EF0CCFE002826D0242012F0FDF80028C0
:1057A00023D0054600970190164F0C37384612F06B
:1057B000EFF800280AD014480178FF2901D0134AD5
:1057C000117010490978017011480470019C2681FC
:1057D0000098A0720C350299002908D0182228469A
:1057E00010F016FC08E01420FEBD1320FEBD0021C1
:1057F0001822284611F036F83846214610F026FDCA
:105800000020FEBDF4730020657900206679002039
:10581000307A002070B5054601891B20002903D08D
:105820001D4A1288914200D970BD1C4E686804243C
:1058300021460EF061FB0346287A1870687A58708A
:10584000A8789870E878D8702889011D2888B04217
:1058500005D189B230461A460AF048FF70BD8AB2B7
:10586000002529460CF0DCFC1F2807D002280DD0AB
:1058700007280FD012280BD00028D5D1084801786E
:10588000002901D0491E0170284670BD142070BD4A
:10589000022070BD204670BD167A0020FEFF000079
:1058A00064790020FEB51E4614460D4607460629BB
:1058B0000AD16188384612F000F9029000282ED0F3
:1058C000C168498821800BE001960A9A099902ABC8
:1058D000384607F03BFE0646002826D10298019E76
:1058E0000899017012490A78521CD2B2012A00D8D4
:1058F00001220A700271142D04D14188618021892E
:10590000C0680181009638462946234602F0CAFF46
:1059100006460298002E04D00CF028FA05E0022674
:1059200003E01E210FF00CFF00263046FEBDC046EE
:105930004A7A0020F8B511F081FBC0B211F0E0FE08
:105940000446006845680F2040012618B08800060C
:1059500009D41948002101807F218170C01C1521C4
:1059600011F00EFC01E012F0C2F914484078022850
:1059700014D38023B2881A4210D13768104979189D
:1059800000950125ED07A9439A432F40009D7B1800
:10599000B2803360A279824200D2E962204612F0DE
:1059A000A6F8012806D1A079012105F026FCA079EE
:1059B0000FF0F0FEF8BDC04610670020EC68002034
:1059C00040EDFF7FF8B5044605467735A87A0028F4
:1059D00032D02068008880280AD040282CD10429A1
:1059E00021D010290DD0F1290BD0172909D023E09F
:1059F000182904D801208840134A104201D1F12906
:105A00001AD128781A2817D11A2620467630077816
:105A1000F422204601F0D4FB012F02D1EE73F221D3
:105A20000AE0314608E028780C38C0B20F2803D2CB
:105A3000064AC240D20703D1204604F0C1FEF8BD99
:105A4000034A165CE1E7C046010020010D45000055
:105A5000E0B50200FEB5002A11D017460E460446F6
:105A600001280ED111F08CFD044611F08DFD014688
:105A700020463A46334605F051F9024623E0022516
:105A80002EE0012528460DF0B5FD0290394632463C
:105A90002B46F8F71FFD002817D102980146083958
:105AA00001913946324603F057F80246032C09D1DA
:105AB000D00002990818001F01884B0710D4042356
:105AC00019430180019CFF2A01D1002508E0D00084
:105AD0002018001D214605F0E1F9411E88414500CE
:105AE0002846FEBDFEB50C4600292DD4002C30D032
:105AF00006461C4800688047782502966E431A497E
:105B0000891B0F1F002211460F2924D001268E4029
:105B1000491C08372642F7D00190144800884543B5
:105B20007819001F00900168002901D07859884732
:105B3000B1B202980CF082F9002803D1002000993C
:105B400008607851019807E00120C0078443264689
:105B500006E0002604E016460549096888476640C5
:105B60003046FEBDAC780020F05E00207E7900203B
:105B7000B0780020F8B5044610F0B6FA002C01D138
:105B80001D480468251D28460FF00CFAA06A00285D
:105B900003D0204618300FF005FA184F7868401CE3
:105BA0007860154E3068844208D0F868401EF8606E
:105BB00020460FF0D7FC0EF091FD0AE0104830307F
:105BC000294610F059FBB868401CB86020460FF019
:105BD000C9FC10F0A3FD3068844202D020460FF0CB
:105BE000D5FA3869002802D03068844200D0F8BD68
:105BF00010F086FAF8BDC046E87900200471002054
:105C00002C700020F8B501220092D2070A430260EE
:105C100043688268C56801699A6053604B68834233
:105C200000D14A60002202610868401E08600EF040
:105C300055FD281D6969AB68EA689A6053604B6836
:105C4000834200D14A600A68521E0A60EA6A0E491D
:105C50008B699A4200D98A61142353430B4EF7187B
:105C60007C68AC60A168E9604860A0606F61F05832
:105C7000401CF05006480068C06A824202D9009871
:105C800001498862F8BDC04604710020205D0020F3
:105C9000E879002070B5044610F026FA002C01D1F6
:105CA0001D480468251D28460FF07CF9A06A0028CD
:105CB00003D0204618300FF075F9184E30464430A6
:105CC000294610F0D9FA6020205C012803D1204633
:105CD00060300021017010F021FD114D286900286D
:105CE00005D010F001FA0EF0F9FC10F017FD0A488B
:105CF00001688C4200D070BD2969002902D010F0E3
:105D0000FFF970BD716CEA68914202D10021016017
:105D100070BD01F015FB70BDE87900202C700020EB
:105D200004710020F8B50026002835D00446C06B69
:105D3000002831D00D46226C0026314633460EF045
:105D400041FB481E814127D12646443610F0CCF94C
:105D50002168E06B226C431E50430F180020A063A3
:105D60005343CA186160A760E260FF21317071700F
:105D7000002D13D021461831C2436161A261E16157
:105D80002162206121462C31A162E26221636163BC
:105D9000606210F0C3FC01263046F8BD1034206864
:105DA0000028F6D02046FDF7DBF90028F1D010F0EE
:105DB000A7F9EEE7F0B585B0029000921568280CBF
:105DC00001931E68F7433F0C1D4CB443ADB22C1930
:105DD000641C250C3E1876193504A4B22C190C60ED
:105DE000012297B20298C46F651CBD421CD9300CC9
:105DF0000390BF000098C5592E0C0198C459E34385
:105E00001B0C084604920E4AA243A9B2039C09192E
:105E100089180A0C9B199E18320489B2521801463F
:105E2000C251049A521CDCE7A0000A58521C01D04F
:105E3000002003E0081800210160012005B0F0BD3A
:105E4000FFFF0000F0B587B0059317460C460646E5
:105E500006A9204609F03AFA002833D005460497EF
:105E600006A800880FF00AFC0E2700282BD0039606
:105E70004668002E27D00D9902910C980090019150
:105E800003982946049A059BB04707460298FE28C6
:105E900019D0002F17D128780027022813D168685D
:105EA0000178407800024018084988420BD10499D3
:105EB000087849780902081882B20398214607F049
:105EC000B5FD00E00127384607B0F0BD022900000B
:105ED000FEB51C461646074602A8002505807889AF
:105EE000421C90B2904206D17A683B7802AD009590
:105EF00002F0DAFE05467A683B781548022107F081
:105F00003DFC002807D17A683B781248022107F04F
:105F100035FC002807D0788910F06AFB002C00D0EF
:105F200020802846FEBD7A683B780B48022107F0A6
:105F300025FC002808D002A8002D07D00088B04218
:105F400004D16889401EE9E77889E7E73046E3E74E
:105F50009AB702009EB7020011B202007CB5214E32
:105F6000B04200D17CBD0446022919D001290ED0CF
:105F70000029F7D120460DF0A9FD0028F2D1701CB0
:105F800080B20DF0A3FD0028ECD004807CBD20463B
:105F90000DF09CFD0028E5D00546701C28800BE024
:105FA000012120460EF0C2FA0028DBD120460DF078
:105FB0008DFD05460028D5D0287AFE2809D0FF2877
:105FC0000CD0687AAB78002100911422214606F0AB
:105FD000ADFC284601F0D7FDFF2028720020A872F2
:105FE0007CBDC046FEFF00007CB5214EB04200D112
:105FF0007CBD0446022919D001290ED00029F7D111
:1060000020460DF071F80028F2D1701C80B20DF01E
:106010006BF80028ECD004807CBD20460DF064F8BD
:106020000028E5D00546701C28800BE001212046A1
:106030000EF07CFA0028DBD120460DF055F805461D
:106040000028D5D0A878FE2809D0FF280CD0E87801
:106050000021009114221E23214606F067FC2846E9
:1060600010F08EFDFF20A870002028717CBDC04676
:10607000FEFF0000F8B5052600291DD017460D4685
:10608000044640B2002801D510F0EAF9184800781B
:10609000A0420DD93A462F460C3F3868002803D15C
:1060A000A81E0178FF2909D028460EF0CBFE03E098
:1060B00028460EF0C7FE03263046F8BD0470012ABC
:1060C0000AD10D48006880470A490A683A600D60A5
:1060D0000A490968884703E0064829460BF0C8FECC
:1060E0000120C1072046FCF7FFFC0026E4E7C0467C
:1060F000A8B70200A0690020AC780020B07800208A
:1061000070B5002900D070BD09F056FA0028FAD009
:10611000044620791021014321711B4E316800296A
:10612000F1D02546886D002805D00A78002A12D0C3
:10613000CA7812070FD4C86D00281AD0097801292F
:1061400017D12C34E96A00290FD0084611F02CFC35
:1061500030685C3008E02C34E96A002905D0084634
:1061600011F022FC3068583000681C210EF05AFEF5
:10617000206030680028C6D0C0784007C3D5287991
:1061800002210143297170BD88780020F8B50028EC
:106190001ED00446C06A1D4F3968C96A884212D2AF
:1061A000A169002904D43968C96A0A22511AA16177
:1061B000616914267043164A101881420AD0386863
:1061C000C06AE0621FE0E06C3968C96A88421AD38D
:1061D0000020F8BD251D28460EF0E4FE3868C06A90
:1061E000E0620C498A69904200D988614643084BB5
:1061F00098194168A1608A68E26055608D606061AD
:106200009859401C98510120F8BDC046E8790020FB
:10621000205D002004710020B0B5044601290AD099
:1062200000293DD10F2010F0DFFE2168012210402F
:106230009143081833E0206881071AD4410720D41D
:10624000010726D4C1062BD500250009FF214900EE
:1062500001408D4224D20F2010F0CAFB2068400B71
:1062600081B27D20C00048430BF036FE6D1C2068D3
:10627000EBE70F200125294610F0E8F820682843B5
:106280000DE00F20002110F0E1F820680121884383
:1062900005E00F2010F0ACFB216801204840206091
:1062A000B0BDB0B5044601290AD000293DD10E2069
:1062B00010F09AFE2168012210409143081833E043
:1062C000206881071AD4410720D4010726D4C106CB
:1062D0002BD500250009FF21490001408D4224D221
:1062E0000E2010F085FB2068400B81B27D20C0009D
:1062F00048430BF0F1FD6D1C2068EBE70E200125F3
:10630000294610F0A3F8206828430DE00E20002154
:1063100010F09CF820680121884305E00E2010F061
:1063200067FB2168012048402060B0BDF8B50546F4
:106330000F271446BC430CD017401009002B01D185
:10634000002F1DD02E46024628460D46FFF7B8F80E
:1063500002E02E460D461746002F25D02819311988
:10636000124A134644335432002F1DD00C78147057
:106370001C7804707F1E401C491C521C5B1CF3E7F8
:10638000202A08D3421E28460E46FFF799F8103CF3
:106390002D19361900E00E46044805490160012216
:1063A00028463146FFF78CF8F8BDC0462C000C405B
:1063B00028002A01F8B51C46154602270A46113A5C
:1063C0000C2A0CD87A4412795200974415143232B0
:1063D0003206063232321432140005270CE0052949
:1063E0000AD0D22907D0092906D0522903D006297C
:1063F0001FD1072700E003270F4A954203D0D22977
:1064000004D10C3502E00EF0ADFAC51BA8B2C119DB
:1064100088B2002688420AD10DF004FA002806D07E
:10642000002C00D0258079420DF066FD06463046EE
:10643000F8BD0127E0E7C046FFFF0000FEB5019070
:106440001D48C5781D4807780024B8B2A1B2814222
:106450002FD2EEB218488078864221D0002102AFB8
:10646000042330463A460FF0A7FC3878782817D036
:10647000FF2801D07E2803D17C2130460BF0A6FBFB
:106480000D49CD700C2070430818808BC88001998D
:1064900040180B4988420DD3782130460BF096FB0B
:1064A000641C06480778701C394609F0D1FD0D467A
:1064B000CBE7FF25E8B2FEBDC4610020DB69002008
:1064C00001080000FEB5019107461A4C85204000E6
:1064D000029005F04BFD10F0BCFF0AF0D9F9164907
:1064E000164807F0B7FC064601202060144C002532
:1064F0002560144860601448242110F041FE019882
:10650000E06227630B4C3046214609F021FD10283C
:1065100004D8204606F08CF9102800D0ED43304610
:106520000CF02EF8029805F0F5FC10F08DFF2846CF
:10653000FEBDC0467C20094070B502002020094005
:10654000802009407186000088200940FEB50D4674
:106550001D49884212D009F02FF8002824D00646A1
:10656000801D7279002400940121114002AA234663
:1065700010F03FFC002819D015241DE0152400263A
:10658000124F787D864209D2F0B202212A4605F0E8
:1065900045FD002800D00024761CF2E7002D10D025
:1065A0000B480AF019FB0CE014240AE002A800785A
:1065B00002212A4605F032FD002D02D0304610F0AF
:1065C00003F8E0B2FEBDC046FFFF0000D871002016
:1065D000C9650200F0B587B0044600796179090207
:1065E0000818A1790904E2791206511808180690D2
:1065F0002078617809020818A1780904E278120667
:1066000051180E18356870680590374608378CCFDA
:10661000143643CE009701AF43C728460599069D1F
:10662000A8472178627812025118A2781204E37800
:106630001B069A1851180860083C20780CF046FE9A
:10664000044601200DF0CEFA002805D00146422074
:10665000087020460FF0FEF907B0F0BDBFB5044644
:106660000089042834D3616803AD28460FF0E8FFA1
:10667000688817280FD82189001D814225D103A8D9
:10668000007801460C39062901D31B280ED301AA34
:106690000020108004E001AA012010801720508003
:1066A000208803A949780FF03FFBBFBD192810D8F7
:1066B000012181400A4801420BD0208861680A1DEF
:1066C00003A9F4F7D3FC002802D0208810F0DAFEEA
:1066D000BFBD208861680A1D03A9F6F783FDF2E7B4
:1066E0005405D40270B5002805D00446807910F016
:1066F00083FF002800D070BD0B20400126181848E9
:106700000068804705467079012809D1A0790AF010
:106710000BF83079012811D000200EF0CBFF0DE0EE
:10672000307900280AD1A07911F031FA002805D17A
:10673000012030711221204604F042F870790121C5
:106740004140717130684208B32040002318054869
:10675000214610F06FFD044801682846884770BD47
:10676000AC780020E5660100B0780020FFB5039208
:1067700001900A9D0998029000271C483C460C2F66
:1067800005D0EA5B824200D0641CBF1CF7E700938F
:106790000027E3B2FAB29A4207D25600AE5B8642B5
:1067A00006D08E4204D87F1CF3E7200602D119E000
:1067B0009A4215D10198884205D00120009A002AFA
:1067C00011D08A420FD803980299081A81B208485A
:1067D000814207D90399029A891A89B2814201D963
:1067E000012000E0002004B0F0BDC046FFFF000023
:1067F000FE7F0000F8B501461F4C2068383010229B
:106800000FF006FC21684878042803D10320487063
:106810000020F8BDCA78120707D4084608300A4697
:1068200018322831F9F7ECFC1AE0022821D128317E
:1068300010220846114610F04BFA2368586F996FE2
:1068400020301D4618351A4628329E687027DB5DB9
:10685000DE4080273743009581233B40FAF786FBD3
:106860000CF04AFD411E8841C000216805224A7093
:10687000F8BD0820F8BDC046887800200888704719
:10688000024670B50A4392072AD11E4DEE0104C894
:1068900008C9541B9443344017D0D0B2D9B2401A1F
:1068A0002106014310D190B299B2401A210401434C
:1068B0000AD110021902000A090A401A21020143F2
:1068C00002D1100E190E401A70BD9A42DFD010BAD4
:1068D00019BA884201D9012070BD0020C04370BDA3
:1068E00002780B7801300131002A09D09A4207D191
:1068F00002780B7801300131002A01D09A42EFD0A2
:10690000D01A70BD01010101F0B589B00893154698
:106910000F46064610F070FE0446002834D1079753
:106920000E9FF0B210F0ECFE06465B20800034189B
:106930003089217A628923460C3306970097079F96
:106940000190029103920493304639462A46089BEF
:10695000FEF765FD002801D012240BE03046903090
:10696000278065800899A180069AE2800580418091
:1069700082800024306800888038411E88410101EF
:10698000F122304600F01CFC204609B0F0BDFEB5F7
:106990001D46019202900898009014260846314640
:1069A0000DF0AAFA04460027394632460FF05AFF86
:1069B000002D01D0012100E00221A174019AE274AE
:1069C00027720320A0730098C000E37B0343E373A6
:1069D000901DA0816720029D285C012813D12846C4
:1069E0009A300078002809D023461433101DE07433
:1069F00010460A30A081284602F01EFEA86E2146ED
:106A00000BF036FE04E0A86E0C3021460DF05CFC65
:106A10000020FEBDF8B5022600283CD00C46002917
:106A200039D0054640782070A8786070201DE9783C
:106A300011F044F92F7927726879217BC207D20DB2
:106A400051184208D207920D89188208D207520DB8
:106A5000C308DB071B0D891800090003C9180818B3
:106A6000A081A979FF2290434018A08104200FF053
:106A70001FF91226B8420ED8257A05200FF018F912
:106A8000A84208D32078042804D86078012801D8C7
:106A9000002600E018263046F8BD7047F8B51346CA
:106AA0000C460646184800271F2239460FF05CFAAC
:106AB0000546000626D11548FF4339460FF054FA23
:106AC000384606F067FF20460CF048FE05200642D7
:106AD00004D00F48FB210F4A0FF046FA0A20064265
:106AE00008D00D4800900D482921CA001B21FB2326
:106AF0000FF03AFA3007800F04D0FDF71FFD204653
:106B00000CF018FEE8B2F8BD61950100454A02009C
:106B10005954020048080000684200004140020049
:106B2000B0B588B00C46002903D4E00710D100248A
:106B30002CE01848007801F09DFC002805D005469F
:106B400002F0E2FA28460EF07DF91348401C1CE0E2
:106B500008F0D4F8114A1178002807D0002905D090
:106B60000C4800780121FBF7BFFF0DE000290BD096
:106B70005078FF2808D002AB1970002200920193D0
:106B80000749652308F096F803480440204608B0FA
:106B9000B0BDC046F4690020FEFFFF7F647900208D
:106BA000FFFF0000F8B514460E46054601291BD12B
:106BB0006079C0210140402916D11A4E3078012752
:106BC000C1B2FAB28A4229D81E2151436A5CFF2A17
:106BD00008D06818C11D062220460EF013F90028BF
:106BE0001DD130787F1CEBE70E4800780127C1B239
:106BF000FAB28A4212D81E2151436A5CFF2A0BD096
:106C0000B24209D16818411C062220460EF0FAF85B
:106C1000002804D1034800787F1CE8E7FF27F8B27A
:106C2000F8BDC046056A0020F0B589B01C4615467F
:106C30000F4606461B211C4A06ABFFF7BBFB08901C
:106C400000281FD00246049705950F9D07A8831CB6
:106C500006A80088FF210027009701900291304686
:106C60002146A8470546002816D1608907A9088053
:106C70000498C00708D10E9B07A93046059AFCF777
:106C800083FC06E015270CE007A93046059A00F0C2
:106C9000D1FC0546002804D007A81B210FF0A0FE58
:106CA0002F46384609B0F0BDFFFF000080B5002830
:106CB00011D001460088421E072A0ED81648C04649
:106CC0007A4412795200974403201F211F1F1F236B
:106CD00010F026FD80BD002080BD102814D1104882
:106CE0008068006A0F49097805224A4380180179B3
:106CF0004079000240180C4941430C4809F0A8F9BA
:106D000080B210F002FF80BD486880BD034880BD9E
:106D100010F039FF80BDC04630640020A863002019
:106D2000E8770020E46900207102000040420F0073
:106D3000B0B5002928D00C46054640081949014045
:106D4000681A1949820808400A4080180109401849
:106D50001649014016484843000E022814D2082D57
:106D600000D8082508346019FAF744FD00280FD030
:106D700001466A1E28180A4210D06A42104008389C
:106D800088420CD228180AE007F0D6F8162102E053
:106D900007F0D2F80C2101600020B0BD083812C005
:106DA0000030B0BD55555555333333330F0F0F0FEA
:106DB0000101010170B504460078C3069E0F022E42
:106DC00003D0012E05D1231D01E0234608331D68A1
:106DD00000E00025002A01D1042300E00823002A56
:106DE00001D1012200E00222E15010432070204630
:106DF00001F07CFB002E0AD12078182101400829DF
:106E000001D0082000E004202058A8420ED0094DEF
:106E1000287906210140042908D1FEF745F90446E6
:106E200028680121090507F06DFE00E000242046D6
:106E300070BDC04694650020F0B58BB005920D463C
:106E400006461D4F3C68002B0FD0A06E01780AAAA1
:106E50001170417851709521405C90702078183401
:106E6000002812D008A806A911E0E06E001D10F05D
:106E700023FF3C68E16E0A780AAB1A7049785970B2
:106E80009870207838340028ECD006A808A906F0BD
:106E9000D5FB00280ED13868406F8030039406A9D6
:106EA000029108A901910AA9009131462A46059B41
:106EB000F7F7A0FD0BB0F0BD88780020F8B50D46BF
:106EC00001460220002A3AD0002D38D01446117015
:106ED0002878507068789070281D10F0EDFEE070F2
:106EE000287A2071A889C005C10F61716A7B0220D0
:106EF0000240521862716B7B04210B409B18637136
:106F00006E7B08221640F61866716F7BF0231F40D7
:106F1000BE196671AE8901273740A771AE89064058
:106F2000F019A071AE890E403018A071A9891140E6
:106F30000818A071A98919400818A0710020F8BD8F
:106F400070B5044605681B48066828460DF0CAFC63
:106F500030072DD5184820210160EA6B501E0E28FD
:106F60000AD82B4630330BCB9B1AC018C918012303
:106F7000FFF7DCF90020E863284620300EF090FD92
:106F80004820285CC00601D40020E876284606F098
:106F900043FC287E022803D108480DF0EFF970BDAC
:106FA000284648302A6C6E6C696903782046B047E1
:106FB00070BDC0460C010C4004650240D062002048
:106FC000F8B50446406841688068026816480FF0CA
:106FD000DBFFA068416880680268144E30460FF0FD
:106FE000D3FFE068416880680268114D28460FF0C1
:106FF000C5FF104F384610F06FF90F480068386031
:1070000009487860BE60FD6010F0B1F90B48006877
:107010003946F2F791FE002801D00120F8BD10F0AA
:10702000A6F90020F8BDC046206800206068002056
:107030007068002064670020906900206869002063
:1070400070B50C461D490978814233D910F058FBC0
:107050000546407900282FD0FF20E8302818AF21BE
:1070600049006A18294638316B6A23701E0EE67093
:107070001E0CA6701B0A63706B8E23711B0A637152
:107080000B79A3711288E271120A22720978617277
:107090000078A07420460A302946623105220EF09D
:1070A000B7FF0F3428350322204629460EF0B0FFE3
:1070B000002070BD1E2070BD022070BDFA69002046
:1070C000FEB501931446029105460DF04BFC0746B0
:1070D000194EB08B002804D0F18AA21C8A420CD031
:1070E0000FE00921154A00232846FFF763F9B06134
:1070F00000281FD0A01CF082B08B21183A1F9142AB
:1071000001D90120FEBDB169421CB283019A0A5423
:10711000100AB169B28B531CB3838854B069B18B28
:107120004018029922460EF073FFB08B0019B0830D
:107130000020FEBD1120FEBDF4730020FFFF000003
:10714000FEB5002835D01546002A32D00446072067
:107150008001201802902646383627466237019172
:1071600029461E31052238460EF052FF2046394688
:1071700006F07AFF2320285C1F210140317101981D
:10718000012803D10D49029801600DE0029A0948D7
:107190008078400601D4116806E02878800601D581
:1071A000064900E00449116020468847B0703078F5
:1071B0007070FEBD9E67002065CE01003FE40100B7
:1071C000F8B5002811D017460E4605460446773418
:1071D0001948006880470246F42F0AD12670A07A29
:1071E000002819D10120A07216E000200EF062FAEA
:1071F000F8BD7720812804D0295CB94207D0401C13
:10720000F8E7A07A411CA1722918773101E029180A
:1072100077380E70000602D1763500202870A07AEB
:107220000A2804D3002014460EF044FA22460348EC
:10723000016810468847F8BDAC780020B07800207F
:10724000F8B5CF214900465A2536B1B21A4CA28C66
:107250008A422BD2216880791C2242438818083048
:10726000164FB84720461C30B847254614352846E7
:10727000B8470027102F05D0E0194068FDF7AEF998
:107280003F1DF7E7A6840026102E0FD0A719A08C6B
:1072900005F0C6FC7860002806D0A18C0AF0E4FC5A
:1072A000796828460EF0C4FD361DEDE714342046FB
:1072B00002F0DEFBF8BDC046B4750020ED640200AC
:1072C000F8B50D4604461B4847691B4E3068001D43
:1072D0000DF068FE601C16D1002D14D01748014631
:1072E0004431826C33689A6093683468E360346830
:1072F000241D5C6033681B1D936032685161416CD2
:10730000491C4164F8BD3C19306844600B4805D302
:1073100080683168091D0BF0DBFAF8BD4068316800
:10732000091D0BF0D5FA0349086A844200D20C62A9
:10733000F8BDC04604710020E87900202C700020C0
:10734000B0B51B4C606A002802D00120A062B0BD1D
:1073500018480021A162184D2968096B0A68824209
:1073600008D14A68824205D18A68824202D1C9683E
:10737000814204D02868296834310FF07FFFA0696A
:10738000142141430D4A5118401C0A681439401E0B
:10739000002AFAD08A6952688A610B461C339342EC
:1073A00001D152688A61D1682960A061B0BDC04630
:1073B00004710020A5A5A5A5E8790020205D002086
:1073C000F0B587B006930592802202908058020C97
:1073D000019280B200900026344632460298C06F77
:1073E000824228D20491059802C80590080C0392A5
:1073F000069A08CA06921A0C8DB2009F3946694354
:1074000009199BB2C9180B0C4743BC19E3181C0C93
:10741000019F7D43AA189BB2D218130C7843201801
:10742000C018060C84B21004039A89B2401804995B
:1074300001C1521CD2E730042043086007B0F0BD00
:10744000F8B50446066CC26F900037180837616DB6
:10745000A56D30460FF070FCE16DE26F38460FF01D
:107460006BFC20463946F1F7EBFEA36FE06F00900E
:10747000284631463A46EEF72DFCA06F61680DF0C4
:1074800001FBA16FE26F2046F9F7ACFB216F0122EF
:1074900020460EF0C5FEA06E226FA36FE16F009133
:1074A0002946EEF717FCA16EA26FE36F2846EEF7B0
:1074B0006BFDA16B20462A460EF057FAF8BD7047C7
:1074C000F8B516480078002827D115480768154DEB
:1074D00001262E6000248460EE6013481349224682
:1074E0000EF046FE12481B210FF05AFD6E60114D42
:1074F000284628300EF0FAFFAF610F483818E861CF
:107500006C70AC70054806700CF0E2FD0446E8694A
:107510000CF060FD20460DF0ADFFF8BD7376002045
:107520000421024054200240BC6600206D7D010011
:10753000440400002C700020FFFFBFFF7FB50C4605
:1075400006460420012103AD2A460EF093F929785E
:10755000002810D1FF290ED0B14211D0154C0025C2
:1075600010F06AF90646113410F066F90546354305
:107570001DD01E251BE00025002818D1B14216D1D0
:1075800002200643032E11D101AA00259580019502
:10759000062001460EF06EF9002808D101A8062247
:1075A00021460DF02FFC002801D1D7E70025284601
:1075B00004B070BD09040000F0B585B01C46164645
:1075C0000F46054600920193184804A92A463B46F7
:1075D0000BF0E0FA002801D0049820E0002D1DD027
:1075E000039502A807808670FAF788FB002C16D056
:1075F000002814D16D89002D10D00C2010F0CCF98A
:10760000002811D00146002008608D808C60084A57
:107610001368002B06D01A461B68FAE70220C0B296
:1076200005B0F0BD1160FAE71320F8E7B975010065
:10763000F0790020F0B585B016460C46054600925C
:107640001A4804A92A4623460BF0A4FA002801D0C0
:10765000049827E0284607F0AFFF002807D003A9C9
:1076600028460BF037FF172803D117201AE0142003
:1076700018E0002E12D002AF002038802088394652
:1076800007F024FE38880FF078F80146701E424259
:107690004241284602F034FD002803D12846214605
:1076A0000BF070F9C0B205B0F0BDC04635760100F0
:1076B000FEB516460D460446184F387808210AF0E4
:1076C000BDFB002801D01620FEBD154A15480188D3
:1076D000914205D01120A1421DD13978B1421AD171
:1076E00028886988AA88EB8808F0CDF9002813D08B
:1076F0000027042000A9C1C10B4B122120462A46B5
:10770000FEF7D0F8002806D1064A1188044B9942AA
:1077100001D114803846FEBD1820FEBDE969002065
:10772000FFFF000016790020E5440200B0B50546D1
:107730001A48007807282AD114460FF07FFCFF284A
:1077400024D0174845680FF079FC7B21890041431C
:10775000681871218900405CC00717D1E00605D583
:107760001048007801218906FBF7BEF9600705D5AE
:107770000C4800780121C903FBF7B6F9A00705D52D
:10778000084800780921C903FBF7AEF9B0BD2846C7
:107790000FF082FE28460DF0A5FEB0BDF96900206D
:1077A000EC680020DA690020F0B587B00546194C76
:1077B000194E316800290BD118480090184A012051
:1077C0000223214601F070FA0146306000281FD0E4
:1077D000124F3A88FF20039002200290002001906F
:1077E00006A8009005AB2846F0F700FC002808D159
:1077F00005A80288002A04D030684189284603F091
:10780000DDFF30683A8800232146FEF761FB3060D7
:1078100007B0F0BDFFFF0000B07900202262002019
:10782000F5B20200B0B50446808807F0C5FE002816
:1078300012D0817C042906D1A28815494B889A422E
:1078400001D1144A4A8009F093FEA07812490978C0
:10785000A288A37907F002FC0D4D2878002805D0F6
:107860000DF0F0F9002801D0002028700B480088A6
:10787000A188884201D10DF005FB6868002805D079
:107880004088A188884201D107F0A8F9B0BDC04660
:1078900014790020FFFF0000A27300202A7A002044
:1078A00010B502460078D02818D0A2280FD00024A6
:1078B000912811D15078052828D03E281ED00F28B5
:1078C00020D00E2808D11046FCF70CF803E05088B1
:1078D00011490AF031FA0446204610BD907801247F
:1078E000132806D01228F7D150685178FBF7EBFC2B
:1078F000F2E7D07851680EF0EFFAEDE71046F4F7B2
:10790000EDFEE8E7104600F001FDE4E71046FFF762
:1079100089FF0124E0E7C046FFFF0000BFB5054630
:10792000448801A8294601F0B7FB029900291FD01D
:1079300001A84088811F022907D3042805D0052803
:1079400019D101A8FEF78AFE1AE0011F0C20484356
:1079500010490A5A002A13D00818807801A908F0A3
:1079600075FD00280CD101A8408804280DD1BFBDA9
:10797000012805D009E001A810F0A9F80028F6D0E8
:10798000A868002801D0FCF729FE012120460CF050
:10799000D5FBBFBDDC640020F8B51C4DFF2420469C
:1079A0000DF084FF2868042188432860E0430DF02F
:1079B0006FFF28680821884328601548046809F08B
:1079C0004BFD0546002C18D0264624680E20375E55
:1079D000BD4203DD0C20375EBD42F3DB0C4831466F
:1079E0000CF084FC002030750094B468326928469D
:1079F00039463346A047009CE4E707F053FF034AAB
:107A000050680C2101405160F8BDC04648600040FC
:107A1000AC680020FEB51E4614460D4607460FF022
:107A2000CBFFBA6BF96B8A4201D3022E28D10194A5
:107A30000290452029463D56ECB2B86B3846324696
:107A400000F0BBFEFF2C08D01048C0680126A842F9
:107A500014D94537601C387010E0786A0126002878
:107A60000CD024373846FBF77BFB0199002905D061
:107A70000028029805D001260E6002E0029800E07E
:107A800000260FF0EEFF3046FEBDC0460471002018
:107A9000F8B5451C00780023082B32D02F78C20798
:107AA0000CD16A780F241440E41C122C0BD1022450
:107AB0002E57F4B2002E08D4EE1C0EE06D1C4A1CAA
:107AC0000F7011461AE0AE1C08E02E1DED780095EF
:107AD0007F252C40009DED012C1912343D01120927
:107AE0005219094DAA420ED0D243002C05D08D5C0C
:107AF0004F1C0D70641E3946F7E7354640085B1C85
:107B0000CAE72846C5E7F8BDFF0F0000B0B50D462F
:107B1000044640680FF0B5FFE067A26A8100531881
:107B20001B1D5918091D22666366A1660C2141437D
:107B30000C3110460FF024FB206EA1680EF023FBE1
:107B4000606E29460EF01FFB606EE16F491C0EF05F
:107B50009BFC002801D0E72013E0236E626EA16E2B
:107B60002046FEF727F9012807D1A06EE16F8900B2
:107B70004058002803D0172002E0E82001E016203A
:107B8000C043C0B2B0BDF8B5044605462435083040
:107B90000DF01FFFA078192801D017281BD1207BDA
:107BA000012810D12069002815D000260827217D42
:107BB00020698E420DD2C059002801D0FCF70EFD7D
:107BC000761C0C37F3E7A069002804D0FCF706FD0B
:107BD00001E00FF0E9FE0022A270FF2666722A7013
:107BE0006878FF2804D0218800927D2304F09EFE4F
:107BF0006E700C340021182220460EF033FEF8BDC2
:107C0000F0B587B014460E46D921490003904018BC
:107C10000490002002900146200426D0069104988A
:107C20000188A0B2884200D30846C5B228460FF0AA
:107C300077FC00281BD0074631462A460EF0E8F9AB
:107C400076190596641BA0B2414241410698461C34
:107C5000C3B2581E834108010090039839462A4652
:107C6000FEF795FE3146059ED6E7029803E0812097
:107C700005F028FF072007B0F0BDFEB50C4605460D
:107C80000127F94320680078082801D0022808D18C
:107C900002912E683046214609F0CAF8002802D029
:107CA000FEBD481CFEBD30460CF02CFE0028F7D16E
:107CB000314628314878002807D0019130680EF00D
:107CC00093FB002811D0B776019934620F70301DF4
:107CD000029021680195029D8DC98DC500207061BB
:107CE00001982146FBF700FFFEBD0020F0760298C8
:107CF000FEBD704710B50246037800201C46903C3C
:107D0000042C0DD9012B26D0A02B2CD0A22B26D0B1
:107D1000B02B1CD0D02B21D11046F8F729FD10BD77
:107D20007C4424796400A744020A06190E00104618
:107D30000AF0D8FE10BD10460AF0EAFE10BD10464B
:107D400005F090FD10BD10460CF044FD10BD10462E
:107D500005F054F910BD10460AF002FD10BD1046A2
:107D60000AF0ECFE10BD0EF0D7F910BDF8B50126F3
:107D7000184806600CF0ACF917490968174A5670A4
:107D800000259570D4690F1B0DF074FBAF4207D32B
:107D90002C197F1B3046214603F08CFA0546F5E787
:107DA0000CF096F906460D4FB878012804D1002052
:107DB000214603F07FFA05460948854200D305466F
:107DC00028190CF007F900207870BC6130460DF0DE
:107DD00051FBF8BD54200240042102402C700020C9
:107DE000FFFFBFFFF8B50446416848688968097815
:107DF0000CF002F96068416880680268124D2846FC
:107E00000FF0C2F8A0684168806802680F4E3046E3
:107E10000FF0B4F80E4F38460FF0BCF80D4800686C
:107E200061C70D4800680C3F3946F5F751FD002841
:107E300001D00120F8BD61684868896809780CF0B4
:107E400041FE0020F8BDC0462068002030680020B8
:107E5000506800209069002068690020F0B585B066
:107E60000D46064600200090184A012418490223B6
:107E7000204600F019FF002824D0074602951D2156
:107E80000425002430462A462346FEF793FA049040
:107E9000002816D07A8903A90A804D800122027039
:107EA0004470FF228270C27030462246029BFBF76C
:107EB0006BFB002806D005460498FCF78FFB2C4688
:107EC00000E01524204605B0F0BDC046A0B7020072
:107ED000FFFF0000FEB500291ED403460020FF2B43
:107EE0001CD01546154A164E02240C4002940CD1A3
:107EF00001240A462240F718019700959C25019F0E
:107F00007A550E4A009D9C4014609C0001279F40BA
:107F10004B0705D4103605E00020FEBDC043FEBD72
:107F2000376008363760074B19402943064BE1504C
:107F30000299002900D01761FEBDC04610350240ED
:107F400064300240F8FFFF7F003100407FB50446F7
:107F50000020002C2DD01E460D46002B0AD0716843
:107F6000CBB2FF2B0DD0144B1B6DAB420BD0C029F5
:107F70001FD008E000200190C043029001AE012014
:107F8000307280207060A8000C490C50626030682C
:107F9000A06025600A4928460AF0EEFE317928469D
:107FA00002F0E2FA307A002802D028460BF026FCD4
:107FB000204604B070BDC04604710020386E002019
:107FC00085370200F0B585B0164604461D68002DC1
:107FD00005D0286802F0E2FDAE6028681DE01F466B
:107FE00000910C200DF062FA00281FD00546019484
:107FF00002AC20460FF066F9002020700390049533
:108000000D48019922460DF0A3FC2860002810D0ED
:1080100000996960AE603D60019C21460FF02BFD28
:10802000286801F0FDFD002005B0F0BD0320C0432D
:10803000FAE70EF015FAC0460B730200FEB51C46B7
:10804000154602910646002A02D100200DF032FBAF
:108050003746C0371548006880470190306800886F
:10806000402805D0802808D10EF0C6FB002002E091
:108070000EF0C2FB8020387102E000200DF01AFBE8
:10808000D03630460AF0A4F96019009038460299BB
:108090002A46234603F022FA0446B86B401CB86314
:1080A00003480168019888472046FEBDAC7800204F
:1080B000B078002010B5144C6478002C01D00C204E
:1080C00010BD124C6478A40601D4112010BD0446E2
:1080D0001B3CE02C01D80E4C20800F4C0F48081898
:1080E00080B2A04201D20E4801800A4811461B39D5
:1080F000E02901D80B490A80181881B20020A1425A
:1081000001D209490B8010BDEC6800209E67002059
:10811000D6690020B8FE000049410000B8FEFFFF0C
:10812000D8690020D2690020D4690020F0B587B05A
:10813000059005A881800425002B2DD0002A2BD086
:108140001C4605A86B4611461A4603F07FFA054601
:10815000002821D1124E7068002802D080470028E4
:1081600019D0243630460FF071F86F460022384699
:108170002146F0F759F80546002808D1B9890029A9
:1081800005D06846007C07F083FE05480578304638
:1081900006F040FF00E00B25284607B0F0BDC046C2
:1081A000A473002080B5032818D002280BD0012822
:1081B00020D115480079C006800F022822D003285C
:1081C00018D131201CE01048007FC006800F401EEF
:1081D00003280FD2C006010E0D4809E00A48007CB2
:1081E000C006800F401E032804D2C006010E0748B7
:1081F000C84005E007480849832200BF00BF80202F
:10820000C0B280BD3220FBE794650020383A3900C7
:1082100034363500F0B10200FCA60200F0B58DB096
:1082200008F0AEFB00282DD10CAA012414700BAE6F
:10823000022737700AA9019103200390087009A949
:10824000029104200690087007A80590052104916A
:1082500001710D4807900D4D00202146A84720468A
:1082600021463246A84738462146019AA847039836
:108270002146029AA84706980499059AA8470448F7
:108280000EF08EF90DB0F0BD01020304655201003D
:10829000F4790020BFB50546407913280AD012288A
:1082A00027D102AA00201080688829790DF03CFDB2
:1082B00001241FE0012420460DF0FAFC02460F487D
:1082C0000078082107F066FA002802D00A200DF095
:1082D000F1F9288900280DD0094D298809484288DC
:1082E0008388C08800903B2008F03AFC064828802C
:1082F00000E00024204604B0B0BDC046E96900207B
:1083000016790020DC680020FFFF000080B50146E0
:1083100082881548824220D01448824212D01448E4
:1083200082421ED113480088134B98420AD013484A
:1083300002680120002A13D01268002A10D00C48CD
:10834000904780BD0E4803680120002B08D01B68B1
:10835000002B05D01046984780BD08460FF0A7FBBC
:1083600080BD002080BDC0464420000019200000D0
:108370001320000016790020FFFF0000E4790020A0
:10838000E0790020F0B585B001920E46009002AF72
:1083900038460EF035FB80200390114C20462830E3
:1083A000104A114D14213B46A84740200390204617
:1083B00044300E4A17213B46A84700200390603402
:1083C0000B4A162120463B46A8470A4806600099FA
:1083D00041600199816008480E21016005B0F0BD3F
:1083E000C46E0020656502004D7F010051650200EA
:1083F0003D650200B878002014540240F8B51848D2
:108400000578AC0020460FF0C7FA164E3060002801
:1084100003D021460EF0B4FE02E000200DF04AF930
:108420003668002E18D01048002707600DF006FAB5
:108430000DF0FAFD6C0020460FF0AEFA0B4D6860AF
:10844000FF2221460EF01EFDF843E86000F04BFBD2
:1084500007480168891E016070427041F8BDC0463E
:10846000A8B70200C4690020A0690020D8770020C6
:108470009C690020F8B507460120C4071848006829
:1084800080470090174800263546016800290FD024
:1084900008460C38827ABA4203D1002D0A4601D030
:1084A0000EE02A46002A00D031460E461546ECE77B
:1084B0003846214607F0CCFE002D05D1002508E006
:1084C00038462146FAF710FB06482946324606F0A0
:1084D0007DFD05480168009888472846F8BDC046DC
:1084E000AC780020A0690020B0780020B0B5044628
:1084F000007802210140C20704D1002908D1E421FB
:1085000008402AE0002907D1E5210840083024E08E
:10851000E6210840103020E00EF068FE6168421A43
:10852000520F0DD00E4BA268851A9D420DD9121A1A
:10853000091A2078182398438A420CD308210BE0AB
:10854000217808200843102103E0217810200843F7
:108550000821884301E0102140182070B0BDC046BA
:10856000FFFFFF1FF0B587B01E4617460691044671
:1085700016200BF037FB00282ED0054611980590E9
:10858000109804900F9803900E9802900D98019007
:108590000C980090D02028706C700520A870EF70A7
:1085A000281D002E04D0062231460DF031FD03E0D7
:1085B000002106220EF056F9009868810198287370
:1085C0000298E881039828820498688205982875A3
:1085D000069829460CF04CF807B0F0BDF8B50093AA
:1085E000069B1A4C26688768194C3C40871B8026DE
:1085F0003E4005D002270F43062F01D10127394302
:108600001F01103F3C430C430327BD0627462F4064
:10861000AF4203D0BD0E5F1EAF40BA180260A20F7A
:10862000022A01D900990EE002252943062904D126
:108630000146002E06D18C3105E093400099C918FF
:10864000491E00E00C3141608460F8BD08600240C2
:1086500008C0FFFFFEB504460C3002901A48426A7B
:10866000521C426227692068084320600020019064
:1086700002998F421DD0384688CF1A4611490A40C8
:108680002568294611405E0102D40029F0D001E09E
:108690009142EDD10B49491C0B4000D11A4601997A
:1086A00011430191012149060D432946FDF7AAFA1C
:1086B000DEE72068019988432060F7F751FB2068C6
:1086C000FEBDC046FFFFFF0004710020FEB514464A
:1086D0000D4607460FF070F9BE6B002E17D00094C0
:1086E0000290442038560190C4B2384629460CF016
:1086F000C6F8701EB863FF2C0BD01148C068012566
:10870000019A904216D94437601C387012E0002557
:1087100011E03869012500280CD010373846FAF7E7
:108720001FFD0099002905D00028029803D00125DB
:108730000D6000E002980FF094F92846FEBDC04697
:1087400004710020F0B593B016460191044602A8CA
:1087500030210EF015FD27683D4684353C46203417
:108760000121204608F0F4FB002E04D002A8019954
:1087700032460FF0F1F8384688300E9002A80F907C
:1087800010901194E8681030129028680EA90CF02F
:1087900082FD0026002801D0F6430BE0EA6802A91A
:1087A00038460F460FF0D8F8E86803218843381898
:1087B0002EC82EC4304613B0F0BD70B51546044621
:1087C000866B026C002A18D0002D1DD0E0680FF0D7
:1087D000C3F8206CE168091AE1602268914203D273
:1087E0004042A1680818E060A81E41424141701E45
:1087F000324682410A40B61A02E02068002811D0B1
:108800000020711CA16370BD60680FF0A5F8206C9A
:10881000616809186160A26800209142F1D3216863
:108820006160EEE7A06802F089FC0021A160E8E742
:10883000B0B504460068416880680268164D284655
:108840000EF0A2FB15480560E16841602169816175
:1088500061698160E169C160A169C16161680161AB
:10886000A16820228154616AA26A41612121425497
:108870002C20215C0A480068002903D007490CF02D
:10888000EEFC02E005490CF0F8FC002801D00120C4
:10889000B0BD0020B0BDC04610680020E4650020D7
:1088A0006C690020F0B585B01D4616460F46019054
:1088B00017200AF0B7FF002807D004460A9A002ABA
:1088C00005D0201D2946904702E013251EE0002018
:1088D00027706670A070010AE17002A9019A0A80EF
:1088E00005224A800394001D08810A480078002868
:1088F00003D002A8FCF78EFF02E002A80AF062FC97
:108900000546002802D02046FBF768FE284605B041
:10891000F0BDC04664790020F8B50D46C0B20EF037
:10892000EFFE0446E8B20EF0EBFE064661794079B0
:10893000002915D0002815D020684068056A3068E5
:108940004068076A284639460AF0AAFC00280DD07C
:108950007720800030580C490840C11928460CE0A7
:10896000002801D00020F8BDFF20F8BD772080004E
:10897000205805490840411938460AF091FC014643
:1089800040424841F8BDC046FFFFFF7FF8B50446AE
:10899000054644350DF0A8FB00956E782546243534
:1089A000164F70B201280BDB2868002808D0284633
:1089B000FAF7D6FB002801D00120B862761EF0E756
:1089C000FF25009E75700DF0A9FE0DF08DFB367829
:1089D000103470B201280BDB2068002808D0204634
:1089E000FAF7BEFB002801D00120B862761EF0E73E
:1089F000009805700DF092FEF8BDC046047100208D
:108A0000B0B586B01A4D2868816E22228A5C002A91
:108A100005D1C26E5278012A01D1022026E04A789F
:108A2000002A11D0806F8A1C02AC009400230146FA
:108A3000F8F79CFA2868806E1230102221460CF05C
:108A4000E1F9012811D12868C16E4978002906D1C1
:108A5000806E2330002110220DF004FF286828309A
:108A600010210EF035F9002000E0042006B0B0BD62
:108A700088780020F8B5164604460F7A780707D4A0
:108A800078060BD4F80612D4790002208843F8BD8A
:108A900030460DF072FE0146012204E030460DF032
:108AA0006CFE01460022204601F02AFBF8BD0D466F
:108AB00030460DF062FE01460420074020463A464B
:108AC00001F01EFB002801D00820F8BD30460DF053
:108AD000A5FE002805D003460A22204629469847CD
:108AE000F8BD0E20F8BD7FB500242046F3F75AFBF1
:108AF000012006F02FFC02200CF074F90320FAF795
:108B00003BFC042528460DF0DFF80526304607F02B
:108B10007FFA06200AF0FAFD072021462246334656
:108B2000FCF79AF90094082031462A462346FAF7C2
:108B3000CBFB09200EF02AFB102003AA02AB214632
:108B400001F03EF9E0B2092805D803A909780DF033
:108B500047FA641CF6E77FBDFCB5009200282BD0D5
:108B600002780192002A27D0047945792D022C1928
:108B700085792D04C079000640190419A51C002030
:108B8000019A90421BD0C600A719A65D7F783F02CC
:108B9000BE19F7070DD00027062F05D0EB5DCA5D83
:108BA0007F1C9342F8D004E0B207D20F009B9A4298
:108BB00006D0401C0835E3E70248007800E0019841
:108BC000C0B2FCBDE1690020F8B51E461746054657
:108BD0000EF0E2FA022801D1122402E00224032F4F
:108BE00001D92046F8BD012F02D1002E06D1F8E7A9
:108BF000032F01D1002EF4D0032F14D10021052220
:108C000030460CF0B4FA002802D070798006E8D023
:108C1000FF21062230460CF0AAFA0028E1D1707933
:108C200080090328DDD3681EC0B20B28D9D80149BA
:108C30000C5CD6E708B6020010B50446164800687A
:108C400000280BD0C08806F0B7FC002806D03421DD
:108C5000415C204608F008FA04461AE00F48007804
:108C6000002C09D1022807D30D4910310D4C0020EA
:108C700022460AF097F80CE002210843084C103411
:108C8000022803D120460BF0A1FA02E020460BF0A7
:108C900079FA204610BDC04688780020E869002097
:108CA000D866002004690020F0B585B003930292D5
:108CB0000B4604900A9800901648041D0191246800
:108CC000002C25D000263746A0888742F7D2A1681D
:108CD0008D196889049A90420DD398420BD8039855
:108CE00000280BD06868895D029A039B04F046FD5A
:108CF000019B002802D17F1C1036E5E70098002870
:108D000003D00146A06840890880284605B0F0BD20
:108D10000025FAE724790020B0B5144C217806200C
:108D200048430EF039FE1249086000281BD000218C
:108D3000104A144B2578A9420AD20029154600D0C2
:108D4000551C0580438000250571491C801DF1E7F5
:108D500009480EF045FA09480EF0F2F808480BF001
:108D6000D3FB0020B0BD1320B0BDC046EA6900208F
:108D700044690020FEFF00004DB900009956020032
:108D8000E95F0100FFFF0000F8B51E4617460C46DC
:108D900005460B200EF0AAFA002828D008200AF079
:108DA00021FF002823D00146681E2A468241304612
:108DB00038434342434101201340024600D13A4622
:108DC000002B00D130460A4B0B800C238B70CD70EA
:108DD0008C800323042A1C4600D014468C7104287E
:108DE00000D00346CB71034800780BF041FCF8BD7E
:108DF000913E0000EC690020F8B5184D6868002825
:108E000002D08047002825D02C46243420460EF07E
:108E10001DFA0026124F3978F0B2884206D2FAF7CE
:108E200091F8297801432970761CF4E72D780D4ECE
:108E300000207070491EB170F070B18BF1807E21FE
:108E400008F0C4FEB078FE2108F0C0FE204606F00F
:108E5000E1F800E00B252846F8BDC046A4730020C9
:108E6000DB690020C4610020F0B589B00E9E079038
:108E700007A881800427002E26D01C46002B23D073
:108E8000154607A802AA214602F0E0FB0746002883
:108E90001AD10F48243001900EF0D8F90D49C87846
:108EA000C9880022009202AA0323F2F795FC074624
:108EB000002806D102A829462246334605F092FD35
:108EC0000746019806F0A6F8F8B209B0F0BDC04612
:108ED000A4730020C461002070B5164DE86BC00774
:108EE0001FD1154C2C66154E316842208847201D35
:108EF00028661348A8653168062088474020E86046
:108F0000A96D01200143A965A96D8143A96529685F
:108F10004906FCD5A96D0B4A0A40AA65E96B0143D5
:108F2000E9630124204609F0D7FFE003E8602861E7
:108F300070BDC046481000400D0000809400000F36
:108F400000000380FFFFFE7F70B50125284608F072
:108F500057FE0446002820D1124E05F0AFFD002830
:108F600004D00BF0FFFD3068A8433060F0690E4973
:108F70000840F061706A0840706200207062EFF390
:108F800014810A4D296080F31488094909688847CB
:108F9000286880F31488FFF79FFF0648002181703E
:108FA000204670BD84100040FFFFFF7F3069002025
:108FB0004C00000FF874002070B51248007840078C
:108FC00001D4002015E01C200EF0E6FC0E490860DC
:108FD000002812D00D4A026008680D490D4A0E4B58
:108FE0000E4C0F4D0F4E41608260C36004614561BD
:108FF00086610EF03DF9002070BD04200CF05AFB94
:10900000F9E7C04650760020D0790020ADF8000086
:10901000758C0000A52B0100ADD70000B7740200CD
:10902000E5B9010065720200FEB514460D46184907
:10903000884212D006F0C0FA00281ED0831D407965
:10904000002600960121014002AA184633460DF081
:10905000D0FE002813D0152617E0152600270D484E
:10906000407D874211D2F8B22946224602F0D6FF4F
:10907000002800D000267F1CF1E7142605E002A896
:1090800000782946224602F0C9FFF0B2FEBDC04674
:10909000FFFF0000D8710020FEB50446002747609E
:1090A0000879012502282BD10E46C988042927D327
:1090B000B068027843781B029B189AB2121D8A424C
:1090C0001ED1718802918178C278120252180D491E
:1090D000114004290AD00193009291B202980EF037
:1090E000ECFC00280CD0B068019B009A029921800A
:1090F000238162800321C9430AF0FEFE60603D4681
:109100002846FEBDFCFF0000B0B50446007890285C
:1091100021D1607801468A3902290AD26088A18863
:109120000EF0CDFC002816D061788B291CD00521CB
:109130001BE013280CD1A2780D49087852000023B7
:109140009A4209D0A568ED5C401908709B1CF7E7AE
:109150002046FEF7E3FBB0BD0006FCD005480078D2
:109160000121F9F7C1FCB0BD0421FBF7E6F9B0BD60
:1091700064790020F4690020B0B50D460446EEF78E
:1091800043FA2060002813D00121417128460EF0D7
:10919000CEFD12484178491C4170C8B20DF0E2FE84
:1091A0000F4800780F490870072D06D0802005E091
:1091B0008124204604F086FC0EE04020F8F7D6F922
:1091C0002168086020680168002901D0002403E0BC
:1091D000072421460AF0F2FC2046B0BDEC680020CE
:1091E000E0690020DF690020B0B5C0B20EF088FA57
:1091F000DD2149004318425C042A04D00021022AE0
:1092000007D1012206E019794A1E5142514102223A
:1092100000E00A464479002C17D09B7FDB0716D16B
:1092200077239B00C5189A30037800241046224605
:1092300007F069F90004400B29680122D2070A40AF
:10924000801804494018286002E0FF2400E0002450
:109250002046B0BD581B0000F8B5002830D00D46A0
:1092600000292DD00446687D2E21009160542046AF
:10927000303029461631134F02263246B847204671
:109280003230294618313246B84720463430294614
:109290001A313246B847A08E6084204636301C35DD
:1092A00029463246B8470099605C40006054208EE1
:1092B00040002086608E40006086E08E0001E086DF
:1092C000F8BDC0461160020070B514460546174847
:1092D00002781748FF2A04D04068164B1B78801884
:1092E000C0180678FF2E0FD008460CF0B5FA0146DC
:1092F000A01EFF220270002D09D0002530462A460C
:109300002346FBF73DFE08E00DF0AAF80AE0002531
:1093100030462A46234601F0D1FC002803D02046DF
:109320000BF090FD0125284670BDC046F87700205F
:10933000D8770020A8B70200FEB502930E46019030
:109340000A9C089D206B9700A52239460DF09AFDD6
:10935000206BC019001F072188432064002E0CD009
:109360003421402906D07218343A12786254491CCC
:10937000002AF6D13F2100226254099E092D00D314
:109380000925E56400210A22521B24616161A26162
:109390006462A162E5620199029A0AF073FC20609E
:1093A000002E00D03460FEBD10B51A4C2068002895
:1093B0002DD0C16E002902D00EF02EFC2068816DE8
:1093C000002902D00EF028FC2068C16D002902D0CF
:1093D0000EF022FC2068016E002902D00EF01CFC69
:1093E0002068416E002902D00EF016FC2068416F03
:1093F000002902D00EF010FC2068816F002902D0F5
:109400000EF00AFC20680EF0CFFA002020600BF06E
:1094100039FD10BD88780020F8B5002818D0044622
:10942000C26C8A4200D80A46E06A904210D0216D90
:1094300001290DD1E262A169002902D40A21891A09
:10944000A1616169142670430D4F3818814200D024
:10945000F8BD251D28460BF0A5FDE06A09498A697B
:10946000904200D988614643B8194168A1608A6872
:10947000E26055608D606061B859401CB851F8BD1C
:10948000205D002004710020FEB50AF021FE044694
:10949000124E307800281DD1114FB86802210DF00E
:1094A0007FFD6D4628460DF0ABFA3968786801906B
:1094B00001272F720B480C4A2B46FEF747FD0B483D
:1094C00000218164032101600948016804220A43E4
:1094D0000260377020460BF0CDFFFEBD437A0020BE
:1094E0002CB6020068660020350A020000600040C9
:1094F00000580040FEB5960800901418241F0291F1
:1095000008460196002E0DD06778A378E17825787B
:109510002D063F047D191B02EB18591802C0761E58
:10952000241FEFE703200240032A0CD0022A04D0B4
:10953000012A14D1009800780DE000994878097844
:109540000902081807E0009A9078517812781204FE
:1095500009020818801801998900029A5050FEBD2E
:10956000F8B514460D46042819D0012811D000285A
:1095700026D11F2D22D8144F10370026202238461E
:1095800031460DF06FF9384621462A460CF040FD71
:1095900017E0022D12D120880B4948800CE0082DDD
:1095A0000CD1A088E1880904081821886288120477
:1095B0005118054A9160D060002602E0182600E0AC
:1095C00002263046F8BDC046C874002070B5064675
:1095D0001648006880470446154801680D46002D6E
:1095E00007D06A6E1278B24205D02A68294615461D
:1095F000F5E7422513E02A7A012A01D10C250EE075
:109600002A680A6001688D4200D10260286E002835
:1096100001D00EF0C9F928460EF0C6F9002505481C
:10962000016820468847284670BDC046AC780020B7
:10963000EC770020B0780020FEB5029301920D4631
:1096400006460446C034154800688047074630681F
:109650000088402805D0802808D10DF0BBF8802074
:1096600002E00DF0B7F80020207102E000200CF0BD
:1096700021F8D036304608F0ABFE20462946019A44
:10968000029B05F0ABFE0546606B401C606304481E
:109690000168384688472846FEBDC046AC780020A1
:1096A000B078002070B5064617480078112824D1FC
:1096B00014460D46D00705D0144800780121C9058D
:1096C000F9F712FAE00605D51048007801210907DC
:1096D000F9F70AFA600707D5E80505D50B480078C1
:1096E0000121C906F9F700FAA00705D50748007857
:1096F00001210904F9F7F8F970BD30460DF0CCFEF0
:1097000030460BF0EFFE70BDF9690020DA690020E9
:10971000F8B51848C1781848067800273C46B0B21A
:10972000A2B2824223D2CDB212488078854216D0AE
:1097300000216E460423284632460CF03DFB30786B
:109740007C2803D0FF2801D07E2808D10C20684354
:1097500008490818808B381A0121C9024718641C6F
:1097600005480678681C314606F072FCD7E7384693
:10977000F8BDC046C4610020DB690020FEB5144678
:109780000E46074601AD07232A460CF015FBA681BD
:1097900027742978880820728907890D6A788918C2
:1097A000E180AA789200EB789E099219A2809B062C
:1097B0001B0D2E79B708DB19E3816F79B3013E06E3
:1097C000B60E9B19637203233B40AD79A572000668
:1097D0000903081880182060962D01D0012000E0B0
:1097E00004201843E072FEBDB0B50446042909D038
:1097F000022904D001290DD11448C58D0EE013486B
:10980000058E0BE01149488E022A05D0012A03D1AA
:10981000CD8E02E00020B0BD8D8E054320460DF0B8
:109820006FFF002804D079218900405A000606D431
:10983000074800683C2161434018458003E0A9B215
:1098400020460EF057FA0120B0BDC04640740020FB
:10985000B8790020BCB50446C2781A2A0AD1A0887B
:10986000164D2988884212D109F012FCE2781A2A92
:1098700001D10DE00120302A11D1A3880F490D88B4
:109880003022AB420BD10023DB430B8007E00120E9
:10989000A1882B881A22994201D1002803D10028DF
:1098A0000BD0A1881046054A0023DB431380E288D1
:1098B00023896489009407F053F9BCBD1679002010
:1098C0007CB50546164E3078FF2827D00C200AF0CC
:1098D00089F9002822D00446D0202070657000202D
:1098E000A0701048007802210143022904D1A01D74
:1098F0000D491031062206E06D4628460AF042FC6A
:10990000A01D062229460CF083FB0748C18AA180CE
:10991000007EE070307821460AF0AAFE7CBDC04689
:10992000A2730020E8690020D866002070B50028E6
:1099300021D004461648007802281ED10DF038FCCC
:109940001225002820D10CF07BFF00281CD11148E3
:10995000451C10262846214632460DF0FDFF2846BC
:1099600009F0ACFB022031462A460CF081FB0028AE
:109970000CD1054608E0182506E00648401C1022D8
:1099800021460DF0E9FF0025284670BD1E25FBE7A6
:10999000D866002050760020F8B5002700292BD08B
:1099A0001546002A28D0002826D16879002823D01F
:1099B0000E460888752189000091695C0EF0C7F891
:1099C0000124012819D000982A1830880C49C96848
:1099D000097E12780EF0E3F801280ED030880828AE
:1099E00005D0012808D128460DF07EFE02E0284669
:1099F0000EF0B3F8012800D03C462046F8BDC04622
:109A0000E8770020F8B50AF0D9FD002826D0174CD9
:109A1000A18C002903D0FDF713FC14341FE00920AA
:109A20004001A08420461C300CF060FD2546143512
:109A300028460CF05BFD0026102E12D0A719A08C32
:109A400003F0EEF87860002808D0A18C08F00CF93B
:109A5000796828460CF0ECF9361DEDE70024204625
:109A6000F8BD284600F004F82C46F8E7B47500204D
:109A7000FEB50290002708250DF062FE0190164CFD
:109A8000FEB230460DF03CFE00281DD04179002981
:109A90001AD079218900405A000611D4B8B2019930
:109AA000814211D00EF071F801280DD0029A106891
:109AB000084B19684851506819684919486003E013
:109AC000304602990EF017F97F1C20781C3587422A
:109AD000D6D3FEBDB4750020FA69002070B51848D1
:109AE0000078022813D1174801680A688B888C68AF
:109AF000CD68AE888E80AE688E602D680D6001687E
:109B0000C9680A600068C0688380846070BD0328EB
:109B100015D30C4D286807F07FFD044629680E46D2
:109B200020680069C9680968096909F0B9FBF1682A
:109B3000002802D028688142F1D1F460E16070BD54
:109B4000FD690020AC6900207CB50CF0CDFA144C06
:109B5000606B002820D11348034630330246283278
:109B60000021CD43C362056343638363816203467F
:109B7000443306463C36036445648364C364C1636E
:109B80000948026246620091084B2033084A1420BB
:109B9000102107F0FCFE60630CF0C0FD7CBDC046E8
:109BA00004710020987000202C700020BC6F0020F1
:109BB000D8580020F8B504460025EF431649486AF6
:109BC000401C486215480068002811D0C96B002568
:109BD0002E4688420DD04268B242134600D8334622
:109BE000BA4200D33A466D1C00681E461746F0E79D
:109BF0002E46F6F7B5F86660A760E5600CF074FADB
:109C00000549086C2060886C6061C86CA061486C74
:109C100020610CF083FDF8BD04710020BC680020B9
:109C200070B50546164E0AF053FA044615494A78AF
:109C30003068002A06D0AA681018E860012028754C
:109C4000887018E08A69831ACA698969511A8B4237
:109C500006D93068A9680818E860012028750AE06C
:109C6000A9680B18EB6001232B75101A814202D2F0
:109C7000E8680AF0AFF920460BF0FCFB70BDC04667
:109C8000042102402C70002070B51D4614460E467B
:109C9000049900290FD06368011DAA6918460DF0C8
:109CA0005BFE2868032820D06068AA698018311DEF
:109CB0000DF052FE19E0001D6168491CAA690AF006
:109CC000ADF92868032806D16068A9694018401CCE
:109CD0000DF056FA06E0301D6168AA698918491C22
:109CE0000AF09CF96068042101700220207070BDA8
:109CF00070B50C46002903D4E00711D1002421E0FF
:109D0000114E12480078FEF7B5FB002818D0054622
:109D1000FDF7C6FD002807D028460BF093F80FE0AA
:109D20000DF0B1FE08480CE02878A22801D00948BF
:109D300000E007480078FF28EED029460AF098FC9A
:109D4000701C0440204670BDFEFFFF7FE9690020C3
:109D5000A37300203F7A0020FCB50123DD4380235C
:109D6000C4588030944205D90B68541C9540AB43CD
:109D700004601CE0521C0192171B1F22FB0800927A
:109D80001740FF26B6001E408B59FB406A1C154643
:109D9000A540AB433D19212D09D389194968019D7F
:109DA000009E3540AA409143621B9140CB18611E32
:109DB000DA0703D15B080160491EF9E7D8B2FCBDA0
:109DC000F0B585B01F460492039105460220C443B6
:109DD0000DF0D0F904F07AFC00281ED00646029758
:109DE000019400270F4C0CF045FB062F18D021885A
:109DF000002904D0A9420DD07F1C1034F5E725803E
:109E000066600399A16004990F707168029A1160ED
:109E1000002400E0019C0CF0CBFC204605B0F0BD16
:109E20000DF022FE64610020F8B51448001D0068A2
:109E3000002802D000210172F9E71148006880472C
:109E40000446104E3568002D0ED0E868002808D072
:109E5000002806D0A84204D0C7680DF0A5FD3846FA
:109E6000F6E728460DF0A0FD002030600649087096
:109E70000648016820468847F8BDC046E8770020BC
:109E8000AC780020AC690020FD690020B07800208B
:109E9000F8B5154E00243470144F387801210D03A5
:109EA000294607F061FC3878294606F0D1F90DF013
:109EB00067FB05460DF068FB0146284608F08EF862
:109EC00003F0BEFE0A4D2868FF210170C01D062266
:109ED00021460CF0C7FC28680D30102221460CF0FA
:109EE000C1FC04487060F8BDF4680020DA69002005
:109EF000B4690020A0BB0D00F0B585B004931646F0
:109F00000C4605460A9F05200DF0F0F9002816D0F2
:109F10000397049F0E2009F065FE002819D0014622
:109F20000D480880062048808D80CC800E814F81AE
:109F300003988881094800780AF09AFB09E000201C
:109F4000009701900290284621463246049B0CF06F
:109F5000D7FA05B0F0BDC046913E0000EC69002084
:109F6000024612201B2A1ED3FB2A1CD8CB08292B01
:109F700019D30D4B994216D80C4B1B88934212D320
:109F80000B4B1B888B420ED30A484078800601D4C5
:109F90001120704708480280084801800848018065
:109FA000084801800020704790420000D6690020D8
:109FB000D86900209E6700200A69002012690020ED
:109FC000CC6900201A690020F0B50478042C02D373
:109FD0000B7D497D01E000210B46144AD569DE0066
:109FE0008619378B2F43D7611569778B2F431761FC
:109FF0005569B78B2F4357619569F68B2E43966150
:10A00000042C11D31468C5183626AD5D25431560A0
:10A01000994209D013691F24A402A343C900401820
:10A02000408B204018181061F0BDC046B430084085
:10A03000F0B585B0049315460E460746084605F070
:10A04000BBFA002824D0102009F0CCFD00281FD036
:10A0500004460B9803900A9802900C9801900021F6
:10A06000102220460CF0FEFBD020207067700F20DD
:10A07000A070A6802572049860720298A07203985E
:10A08000E0720198E0600348007821460AF0F0FA97
:10A0900005B0F0BDA2730020F0B589B01C4615468E
:10A0A0000E46074608A909F000FA002821D1002D24
:10A0B0000AD0308802A90880708848800E488880BD
:10A0C00028208871384601E03846314609F05EFFA5
:10A0D00000280ED102AFB81C162231460BF098FFB3
:10A0E0003D7008980094054B0922394606F056FD4C
:10A0F000002009B0F0BDC04602030000B7180200FE
:10A1000070B515460C46064605F056FA002809D0EB
:10A110000146C26A0520002A10D00979CB0606D470
:10A120000F2070BD0F48864218D0142070BD0C4B14
:10A130001B78002D03D002250D4000D170BD002BEF
:10A1400000D01024907EA04201D20C2070BD002BC4
:10A1500001D1184600E005208906EFD5002070BD2A
:10A160004B7A0020FEFF0000F8B5154C0025204674
:10A1700029462A46F9F70CFD2178382048430DF08E
:10A180000BFC10490860002818D02C200F4A2378B7
:10A190009D420BD20B681E1837462A3F3A80283E54
:10A1A000002737701F506D1C3830F0E7002006493B
:10A1B000302803D000220A50001DF9E7F8BDC04640
:10A1C000F66900208C6900200C650020FFFF00006C
:10A1D000F8B5044607208001251826463836382071
:10A1E000205C70709620205C012807D127469637A6
:10A1F00078886189401A00B2002810DD296820465D
:10A2000088470146B070A88C000604D420684068D6
:10A2100030228154F8BD20460DF06BFDF8BD21467B
:10A220006231204603F020FF296820468847014616
:10A23000B07002203870E6E770B5174D174C036810
:10A240005E69964204D22868204219D161251BE03C
:10A2500040682A68224205D0986800221346FDF71C
:10A26000D9FB06E04004C00F421E98680023F6F7B1
:10A2700099F9002801D000240BE02868204202D080
:10A280000020C44305E00B250020C44303F054FE26
:10A290000560204670BDC04604ED00E0FF010000EF
:10A2A000B0B5184D2968CB6D0724002B27D049780D
:10A2B0000D2924D10124018819821233811C08221E
:10A2C00018460BF0A5FE2868816E9822895A8A05E7
:10A2D00004D56202C36E9B8913420BD1490504D594
:10A2E000A102C26E92890A4206D10024204606F0DD
:10A2F00009FD04E00E2100E01021417000242046F9
:10A30000B0BDC04688780020B0B50446174D296816
:10A310004878172809D018280DD13831102208465E
:10A3200021460BF075FE17201AE00879052804D1A4
:10A330008A6E233203E00820B0BD0A460832084680
:10A34000483028310023FCF777FD28683830102288
:10A3500021460AF057FD012806D109F025F806200C
:10A36000296848700020B0BD0B20B0BD887800205F
:10A37000FEB5019314460F460546FF2801D0032081
:10A3800000E002200019C2B202A8294604F06EFCC7
:10A3900000281FD00646FF2D09D002990120087021
:10A3A0004F703A0AC81C8A70019922460DE0019B41
:10A3B0001878029908705878487098788870CF702B
:10A3C0003A0A481D0A71D91CE21E0DF0C5FA304642
:10A3D00002F054FFFEBD704770B516460D460446A8
:10A3E00009F076FE13490978012902D1617E00291E
:10A3F00005D00BF03FF80020C543284670BD012171
:10A4000061760BF037F82576022D00D00026266005
:10A41000042D04D008480321016004214160002577
:10A42000A576E5762577112001F0A0FD102001F03A
:10A430009DFDE2E7F7720020105C0240BCB51446B7
:10A440000D46014613481A462B460BF08DFD0106BA
:10A4500001D0C0B2BCBD0798002808D0069B29785F
:10A4600000900D4800220BF07FFD0106F1D1099804
:10A47000002808D0089B29780090074801220BF09B
:10A4800073FD0106E5D12978044822460BF06CFDE6
:10A49000DFE7C046759B0000DDF400008DD10100B0
:10A4A000FCB50192920800240092002A0ED00619F1
:10A4B000075D7378B578F67836062D041B02DB1934
:10A4C0005B199B190B51521E241DEEE70322019BC1
:10A4D0001340032B0BD01A46022B03D0012A10D1B4
:10A4E00000780BE0027840780002801806E00278DD
:10A4F0004378807800041B029A181018009A920082
:10A500008850FCBDF8B5144606460D461348007841
:10A5100000281BD012480078002817D10C310846BB
:10A5200009F060FB002817D007460E483880BD7040
:10A53000BE8038460C30B86021462A460BF068FDD4
:10A540000648007839460AF093F8F8BDFF203146F6
:10A550002A462346FFF70CFFF8BDC046EC690020F1
:10A56000417A002091FF0000FEB50D4604460F2001
:10A57000C043102C00D208300719102C01D3124808
:10A5800000E010480290A007C00E0190FF26864010
:10A59000204607F0D5FE0090204609F01BF9032065
:10A5A0008743029AD059B043C0210D4001998D4094
:10A5B0000543D5510098002802D0204609F01EF925
:10A5C000FEBDC0461CED00E000E400E070B50120D7
:10A5D0000DF016F8002801D00C2070BD114800685D
:10A5E00080470446104E3568002D15D0286830602D
:10A5F000286E002801D00DF0D7F90CF031FB696806
:10A60000884202D140680CF047FF281DFAF78CFB06
:10A6100028460DF0C9F9E6E7044801682046884756
:10A62000002070BDAC780020EC770020B0780020CE
:10A63000F8B515460E46074607200CF057FE0028D1
:10A6400024D0442009F0CEFA00281FD004469420DC
:10A6500020703E2060700820A070E770201D002F41
:10A6600004D0002140220CF0FDF80AE020273146FA
:10A670003A460BF0CDFC2046243029463A460BF0F2
:10A68000C7FC03480078214609F0F2FFF8BDC04638
:10A69000EE6900201249C871242805D811494143A8
:10A6A0000A280AD8134812E00246253AD2B2032AF1
:10A6B00005D290000D49085870470D4807E0024642
:10A6C000403AD2B2272A04D806494143064808181E
:10A6D000704740B2002801DA0868704700207047D0
:10A6E0000061002080841E00807C8A8714B60200EE
:10A6F00080A5688F00214A8F002828D0144A12684C
:10A700008A4201D1002104E012498969511A41604D
:10A710000121417010494A8B82700A8802724A886E
:10A7200042728A888272CA88C2720A8902734A890E
:10A7300042738A898273CA89C2730A8A02744A8AF6
:10A7400042748A8A8274CA8AC274098B01757047FE
:10A750009C200940006100207220094010B5044689
:10A76000032912D0022922D113492331204605F0B2
:10A77000AFFC00281ED002461048C06A002819D03D
:10A780004368002B16D005210EE00B49204605F04A
:10A790009FFC00280ED002460848C06A002809D055
:10A7A0004368002B06D004212046984710BD204660
:10A7B00005F0AEFC10BDC046A62A0000D8710020EE
:10A7C000F8B5002805D0064607467737B87A0A2834
:10A7D00003D300200AF06EFFF8BD0D460F48006855
:10A7E00080470446B87A39460246002A05D00B78DD
:10A7F000521E491CAB42F8D10BE03018772145546A
:10A80000B87A401CC1B2B8720A2902D300200AF0FB
:10A8100051FF0348016820468847F8BDAC78002006
:10A82000B078002010B5002826D00368DC68002925
:10A830000DD0C92149004018032A0DD87A44127955
:10A8400052009744010C09120B21C90109E00B20A9
:10A85000C0012018D86010BDB521890106E02D2166
:10A8600009016118D960074903E004496118D960FA
:10A87000034909880180C18010BDC046B80F00009F
:10A880001A690020CC690020F8B5144D0540691EF6
:10A89000284688411249002D01D0203100E02431A2
:10A8A0000C6881000F4E7058002804D077180CF007
:10A8B000D3FE00203860684268418100705800284B
:10A8C00000D0F8BD7618002D01D00AF0EBF806484C
:10A8D00021460CF0C9FE3060F8BDC046FFF900000B
:10A8E000407400205479002024620020F8B504460A
:10A8F000164FB869002828D015460E4611200CF0D6
:10A90000F5FC002821D006200DF04AF8002C1CD0C0
:10A910000146002813D0122008704E70606E007837
:10A92000887000200871CD70226F5279002A00D003
:10A93000207B4871BA69002A07D0052004E0FA6B31
:10A94000002A02D00E2000219047F8BD6463002049
:10A95000F8B50E4607460DF02FF80446BA6BF86BB3
:10A9600082420FD245203956C8B2521CBA63FF2822
:10A970000ED00F4AD26801258A4204D94537401CBF
:10A98000387000E0002520460DF06BF82846F8BD31
:10A99000786A01250028F6D024373846F8F7E0FB1E
:10A9A000002EF0D00028EED001253560EBE7C04640
:10A9B00004710020F0B587B01F461546069105903A
:10A9C0000020C4439000F6F715FF002821D006466A
:10A9D00004976420F6F70EFF002817D007460D985D
:10A9E00003900C9C642138460CF0CAFB3E63009433
:10A9F000039801900297059806992A46049BFEF752
:10AA00009BFC3846F3F76EFE012402E0304604F06A
:10AA1000AFFF204607B0F0BDF0B58BB014460390F1
:10AA2000062021222507029501D5154600E02225A2
:10AA30004843082B00D01546461904AF00211C25B9
:10AA400038462A460BF00EFF304629463A460AF0B1
:10AA500011FF00280FD104A8807EC01F09280AD842
:10AA6000109801210C400299CA0F009004AB039882
:10AA70002146F9F7A1FE0BB0F0BD704770B5044652
:10AA8000056813480668284609F02CFF70071ED594
:10AA90001048102606602846FAF754FD4820285C26
:10AAA0003043112801D00020E876284602F0B4FE99
:10AAB000287E022803D1084809F060FC70BD2846B2
:10AAC00048302E6C6A6C696903782046B04770BDC7
:10AAD0000C010C4004650240D0620020FEB5054622
:10AAE00086890120002E28D00C46AA6800215756DE
:10AAF000002F01D4084610E00D2E1ED302910C3E0B
:10AB0000A888B3B2D118009101210191F5F738F866
:10AB10000028019800D00220029920707806C00F0A
:10AB200060703F203840A070701EA080000408466E
:10AB300001D0A868401CA0600846FEBDF0B587B0F3
:10AB400002AC20460BF0A4FD0546114F38680068A2
:10AB5000019001A920460BF0A5FD06462E4338685A
:10AB600042680025204629460CF022FF074637435D
:10AB7000012120460CF0A9F906463E430548064A45
:10AB800021462B46F6F7CAFD304307B0F0BDC0465C
:10AB900008780020C46800208D06010070B50546C5
:10ABA00009F096FA044600202875114E70780128A5
:10ABB00002D10120B07017E0E868F169884213D132
:10ABC0000C490D68B169691AB269801A81420BD2C9
:10ABD0000020294600F06EFB0749884200D3084652
:10ABE000401909F0F7F9B56120460AF043FC70BD41
:10ABF0002C70002004210240FFFFBFFFE0B50828B1
:10AC000001D004281DD188780C281AD1C8780028D2
:10AC100002D08B880B4A10E0C879012803D00228A3
:10AC200003D10A4806E0084804E0032801D0094897
:10AC300000E007488B880090074A0620002108F0B2
:10AC40007DFE8CBD1FAE020033B7020041B702008B
:10AC50004EB7020041B40200ECAD0200F8B5002886
:10AC60001DD000291BD01446002A18D00546208884
:10AC7000002814D00F4F38780026012818D1788882
:10AC8000002809D100200BF013FC788804E021880B
:10AC9000401878806D1E241D002DF8D108E06C4608
:10ACA00012202070044801212246FAF71FF9267865
:10ACB0003046F8BD72790020350C0000FEB505461F
:10ACC0000220C743052925D8052D23D81C460E464A
:10ACD00001920BF0CFFB31010F4A511800914968E6
:10ACE00002910BF065FD0298002813D00098071D13
:10ACF00020460C3805714671019981713868083019
:10AD0000214609F0ADF8386840680121090309F0CF
:10AD100079FE00273846FEBD64610020F8B5FF24A7
:10AD2000002829D00D46002926D01E46074600924D
:10AD3000294605F0AAFB0446C0003818878801227E
:10AD4000002E03D003213943164604E0394611434F
:10AD500016460A229143082291438180801D0622D3
:10AD600000990CF0F9FD3740284621463A4601F09B
:10AD7000E4FB002800D010242046F8BD10B504469E
:10AD80000CF03AFC002800D010BDE0B20CF0B8FC8A
:10AD900004460068008840280BD1FF2006302118A7
:10ADA0002046FC300278012A05D10620C87602210F
:10ADB0000EE00C2010BD0978490703D4062141702C
:10ADC0000D2105E00321062220460CF095FC1121FF
:10ADD000F4222046FCF7F4F9002010BDF8B5054632
:10ADE000134F7868002802D08047002814D03C46D2
:10ADF000243420460CF02AFA0E480678002E11D191
:10AE00000D48C0880121C902081A00B2A84205DB1A
:10AE1000002D03D0042605E00B2606E00020E8F70D
:10AE20009BFB3E78204604F0F5F83046F8BDC0465E
:10AE3000A4730020F3760020C4610020B0B586B072
:10AE4000022827D10D460CF053FB044629881248EE
:10AE50006A460BF089F800281CD168464078FE212C
:10AE60000140022916D1684608300021062209F067
:10AE7000A9FD00280ED128880BF0ACFAC0B2FF283B
:10AE800008D00C2141436018801C6946891C0622A9
:10AE90000CF062FD06B0B0BDF5E30100F8B5074661
:10AEA0000120002924D014460D46096891421FD97B
:10AEB0000F2C1DD809F00CF90646E0002818398837
:10AEC0007A8812045118BA88FB881B049A184160CA
:10AED00082600848C169A94206D104740648006826
:10AEE0000121890403F00EFE30460AF0C3FA002067
:10AEF000F8BDC0460061002094650020FEB51649EB
:10AF00004D7D0C6A01952B0607D0EBB25B1EE65C0B
:10AF10006D1E8642F7D1019801E001980346401E5C
:10AF200002901C46E5B20298A84209DD0A48066A6A
:10AF3000775D6A1CB15C7155016A8F54641CF1E73E
:10AF4000DBB20298984205DD0348026A05200199A8
:10AF50000BF08EF8FEBDC046D8710020B0B586B0AB
:10AF600004466D46294603F045FAA87B042808D01C
:10AF700008280CD16846417800222046F9F7F2F8FB
:10AF800018E00BF025FD002803D0112012E001206D
:10AF900010E00948017A4A1E91414279531E9A41B4
:10AFA00092005118C07B421E9041C00009182046F3
:10AFB00001F042FB06B0B0BDD8710020B0B588B03A
:10AFC00003AD14222A8100240394FF22AA720C35B7
:10AFD0000790069106F09CF8102103222B4608F0FA
:10AFE00052FF029402A800900A490B4822462346C9
:10AFF000F2F7C4FF002809D10298002802D00C38CB
:10B000000AF086FE0698006808B0B0BD01280BF073
:10B0100027FAC046AD74020088130000F8B5002876
:10B020001AD0044605467735A87A002814D026465B
:10B030007636104800688047A97A491EA972090629
:10B040000FD00821C94300290AD062188123D35C9C
:10B050008027D355491CF6E700200AF02BFBF8BDEA
:10B060000935F421297000213170034909688847A6
:10B07000F8BDC046AC780020B0780020BCB50C46C6
:10B08000054614480078012816D1134800680028A6
:10B090001ED0816900291BD001A888470198012191
:10B0A0000170A988C180E98901820830A91D0822A0
:10B0B0000AF0AEFF00200AE007480068002807D029
:10B0C000C368002B04D0A888A91DEA89984720707E
:10B0D000BCBDC0465B7A00208C780020B0B5044629
:10B0E000144800684178152904D013290DD1142182
:10B0F000417008E00CF02CF8002808D0204608F039
:10B100003DF903F0E1F80020B0BD0820B0BD0A4DC4
:10B1100020222046294609F075FE0028EED0204660
:10B12000203020352022294609F06CFE0028E5D089
:10B130000A20B0BD887800208874002070B50446CD
:10B140000020002C25D0216D491E2165E26AE36CA8
:10B150009A421ED000291CD1251D284609F022FF45
:10B16000E06CE0620A21091AA1610A498A699042E9
:10B1700000D9886114214143074842185368A360ED
:10B180009E68E66075609D6062614258521C425044
:10B19000012070BD04710020205D00207CB50446B4
:10B1A0000078801E042827D80D46C04678440079D0
:10B1B0004000874402160A21020000222046294648
:10B1C000FBF76BFCA61D142212E0207AA61DE18875
:10B1D00000220092019213232A4603F06BFD1222F3
:10B1E00006E0002220462946FCF769F9A61D062242
:10B1F0003188052006F0D4FD7CBD704770B504464B
:10B20000056812480668284609F06CFB30071CD513
:10B210000F48202101602820285C042101430529D2
:10B2200001D10020E876284602F0F6FA287E0228AE
:10B2300003D1084809F0A2F870BD284628302A6AD0
:10B240006E6A696903782046B04770BD0C010C40F6
:10B2500004650240D0620020F8B500920C46054615
:10B2600001260220294607F092FA0128304616D11D
:10B270000C200CF071F90746002830460FD03D60D5
:10B280007C600098B8600120394608F0EFF900288A
:10B2900004D038460CF054F9304600E00020F107A5
:10B2A0008D4206D0002C04D0002802D020460CF09D
:10B2B00047F9F8BDF8B50C460546144F283700206D
:10B2C0000090C6433F68002F1DD0397D0029F9D07A
:10B2D000002D0ED0F968A1420BD13969F869002917
:10B2E00003D0FA685118F96001E000993975B9691D
:10B2F0008847397D0029E5D0F968091BB14200D3A0
:10B3000031460E46DEE73046F8BDC0462C700020C0
:10B31000FEB508F0DDFE04460F4F3878002817D13F
:10B320006E4630460BF06CFB0025E8430190357209
:10B330000A480B4A19213346FCF708FE0948012642
:10B34000314607F080FA0848294607F07CFA3E703B
:10B3500020460AF08FF8FEBDB3760020A0660020DC
:10B36000697D020080620020D0620020F8B5154D92
:10B3700028781224012823D16878002820D00026BC
:10B3800004270BF055FE864218D26868C15D4A0753
:10B390000ED5F0B20BF0CDFF1E24002810D0006FA8
:10B3A000012101700CF0E4F8002809D16868C15D42
:10B3B000E3220A40C255761C0837E2E700246C708D
:10B3C0002046F8BD0C7900200021002825D04068D7
:10B3D0000278521E082A20D87A44127952009744E3
:10B3E00017041C1A0D1C1C1C0400C17800790002F3
:10B3F00040180B49884209D2411D0EE041788078FF
:10B40000000240180649891C884205D3002104E047
:10B41000C078011D01E08078C11C88B27047C04629
:10B42000FAFF0000F8B506464F1C104C7F1E1BD0DB
:10B430003546103520460BF08BFB7068A060B06875
:10B44000E06030680A490860F06848606160094857
:10B4500020600948214608F0A3FF08490860002839
:10B460002E46E3D10AF0FCFFF8BDC0467867002005
:10B47000CC680020C8B60200112302009879002091
:10B4800070B50C4605461A2913D80120A040124970
:10B4900008420ED028460CF0AFF80646002818D116
:10B4A000E8B20CF02DF97721415C022907D13A2648
:10B4B0000FE03B2CEED0292CECD0122609E009211C
:10B4C000490141180C700026C6830221F422FBF7C3
:10B4D00077FE304670BDC04620003804FEB51D46DC
:10B4E00014460346089801902320084002A90870DA
:10B4F0000F480D2701220F4E066043608760034608
:10B500000C3326C38461C56104210462019B43623C
:10B5100081622C214254FDF78BF90646002804D0A5
:10B520000021284622460BF09DF93046FEBDC0465C
:10B53000AC64002068780020F8B505461220012D83
:10B5400022D8002920D00091104800780126104C04
:10B55000F2B2C1B28A4211D821681E275743CA5D90
:10B56000AA4209D1C819401C0622009909F04AFCD8
:10B57000002805D105480078761CE9E70220F8BDCF
:10B580002068FF21C1550020F8BDC046056A002093
:10B59000B469002070B50446002810D0012C21D1D8
:10B5A0001149087800281BD1104800784A68012109
:10B5B000090304F0EFF8002810D0032070BD0A48FA
:10B5C000007800280CD0094E307801210D0329465F
:10B5D00006F0CAF83078294604F03AFE02480470B2
:10B5E000002070BD122070BDF4680020DA690020D0
:10B5F000B0B500281FD004460CF07DFA0C250128B8
:10B600001DD00CF076FA012819D00CF009F80128A9
:10B6100015D020780B49087060784870A078887041
:10B62000E078C87020790871607948710648012176
:10B630000170002503E000200AF03CF81E25284692
:10B64000B0BDC046146900207077002070B50B0BA8
:10B6500001D0052070BD03783F2B01D9092070BDB2
:10B660004488A50A01D0072070BD0D4E8588B542DB
:10B6700001D9082070BD0B480078032801D10320B0
:10B6800070BDD18100209081190626030E432E4300
:10B6900016609580D48013729621917270BDC04659
:10B6A000FF030000F3760020F0B58DB00293019205
:10B6B00006460B1D880004A9087000201904C7B2B3
:10B6C00014D003939CB2202C00D32024B1B205AD3A
:10B6D00002982A4623460AF06FFB3846294622463E
:10B6E00009F094FF039B1B1B3619E7E704A901220D
:10B6F000384609F08BFF0199401A411E88414000ED
:10B700000DB0F0BD70B5114C114E0125A8050BF020
:10B710004FFA002060653560F1680029FCD0606553
:10B7200005213160F1680029FCD00A4908600A4906
:10B730000A4A8A600860E5602060E06010200AF034
:10B7400055F90AF0C9FE09F0C3FF70BD003008408A
:10B75000641008400050084000200840FFFF00002F
:10B76000F8B50E460546632008F03CFA00281FD0C5
:10B770000446C2202070E87860700021A170002883
:10B7800011D1E01C0B4B202731463A461E46984704
:10B7900020462330291D3A46B04720464330243501
:10B7A00029463A46B04704480078214608F060FF31
:10B7B000F8BDC04611600200BB6F0020FEB5144604
:10B7C0000D461349884210D003F0F6FE00280BD036
:10B7D000861D4079002300930121014002AA3046D2
:10B7E0000BF007FB00280CD0FEBD0026094F787D2A
:10B7F0008642F9D2F0B229462246F3F7DDFF761CE5
:10B80000F5E702A8007829462246F3F7D5FFFEBDEA
:10B81000FFFF0000D871002070B50646124D0024CD
:10B820001C22284621460BF01DF81048411C0246F8
:10B8300011326960AA6006700D4800780221014348
:10B8400028461030022902D108F0C0FC01E008F0BF
:10B8500099FC002802D02C70122403E001202870EB
:10B8600006F0AEFC204670BDD86600205076002061
:10B87000E8690020F8B50446134800780026134F05
:10B880003546002D1ED186421CD279687B2292005B
:10B890007243891849790025012911D1F0B20BF0C2
:10B8A0002FFF806E011D084800780968002907D025
:10B8B000A142FAD88A898A181132A242F5D3012509
:10B8C000761CDEE7E8B2F8BDFA690020EC680020DB
:10B8D000F8B50E4607461148006880470446022521
:10B8E0000E2F15D8F8000E490858002810D00D4822
:10B8F00000780121B9408FB2394606F09FFA00283E
:10B9000006D0084800783946324603F043FF002548
:10B9100005480168204688472846F8BDAC780020D5
:10B92000F05E00207E790020B0780020F8B50BF0A2
:10B930000FFE13490C68134A1368C51A7D21CF0006
:10B94000BC4217D000262846314622460093334693
:10B9500008F038FD3A4633460AF02CFE05463A46D2
:10B96000334608F02FFD224633460AF023FE054AEF
:10B97000009908181060284601F028F9F8BDC04663
:10B98000A869002098690020144D154EA868002869
:10B9900012D00AF0A9FBF06BC468201D09F002FB6D
:10B9A000E868401EE860A868401EA8600AF0B6FE7D
:10B9B000204609F0EBFBE9E706F074FA0228E5D32C
:10B9C000686A401C686206F06DFA022802D3A86516
:10B9D0000AF022FAF4F7C4F9D8E7C046047100204F
:10B9E0002C7000201FB5154C2168084648302831BE
:10B9F000F8F75CFC2168082801D11E201CE00879BA
:10BA0000052802D1886E821C01E00A4608320846E9
:10BA1000283048310123FBF70FFA216848781728AE
:10BA200009D138316C46102220460AF0F1FA20463E
:10BA3000FEF76AFC1FBD172048701FBD88780020E4
:10BA4000F0B591B014460D460BA902F0D3FC0028C6
:10BA500021D10BA9881C497800260096012739407E
:10BA600003AA33460BF0C5F9002814D103A80290AD
:10BA700001780620484321301C2104AA09F0FAFE6F
:10BA80000298007808F0B7FE012800D12F7004A8B2
:10BA9000807E2070304611B0F0BDF8B50E214158BF
:10BAA0000024002924D0058B002D21D001460E3121
:10BAB000097D1F291CD801461E31C28A0092868B3F
:10BAC000478B084603F09AFD002811D03001B900D9
:10BAD000091D694381420BD20098A84208D8192059
:10BAE000C001864204D8092E01D8002400E00124B8
:10BAF0002046F8BDF8B51D4614460E46017E0429C1
:10BB000001D00F2D05D82A0930462146F9F7E4FC6B
:10BB1000F8BD0B4FF969012212069143F9610949F9
:10BB20000AF0FEFE3046294605F02EFA2046294648
:10BB300005F046FA0448082101603960F8BDC046A6
:10BB400010000C402102020004010C401FB50F4CF4
:10BB500020600F4801600F480CC00024009403943B
:10BB60000820019002900C48012149026B462246B0
:10BB7000EDF734FE094948600BF0E8F9FEF7DEFF07
:10BB80000748214603F06CFE1FBDC04674690020C3
:10BB90005869002008780020D0B30200C468002053
:10BBA0006865002010B504460078D02802D1A0783E
:10BBB00000281AD0D2B20846214602F0D3FC2078E1
:10BBC000B02805D12046083021790AF009FF2078F5
:10BBD000012809D16068002806D00178FE220A40B9
:10BBE000022A01D1F8F7FAFC10BD034801680029C8
:10BBF000FAD02046884710BD586900207CB5124E07
:10BC00003178124D68680379002006F0ADFF68684E
:10BC100000682946083109F05BFB2A68107A317800
:10BC2000D268FAF73BFF2868047A3178502006F092
:10BC300027FB02462868837EC0690090044821469D
:10BC40000AF092F97CBDC046BF670020087800204A
:10BC5000614B01001CB5FE200190FF200006009002
:10BC60000AF00EF8002800D01CBD0120FCF7E4FF0C
:10BC700081786C46A17001784278120251182180B7
:10BC8000631DC11C032218460BF066FE002008212C
:10BC90002246F2F7B1FF0028E6D1034A062014211C
:10BCA000F2F7AAFF1CBDC046A5B40200FEB51446BB
:10BCB0000D4606460BF05EFA05F0ECFE002819D0A2
:10BCC000074602950AF0D6FBBD68002D15D00194F9
:10BCD0002C460C3C2168B96000272760FF21A17227
:10BCE0000AF066FD20793070607902990870019839
:10BCF000056005E00420C74302E00AF059FD022771
:10BD00003846FEBDFEB50025EC43019002950029A2
:10BD10000ED01646002A0BD00F4630460BF01CFC06
:10BD20000290002815D00546394632460BF014FE25
:10BD300009488069002805D001A9002202F064F8B2
:10BD40000446029D002C04D0002D02D0284609F0A4
:10BD5000DFFF2046FEBDC046F466002010B5044655
:10BD600000780BF0E6FA01464220002921D0496E06
:10BD700000291ED04878C00606D420460BF023FFC9
:10BD8000002812D0072010BDE01C01784278120272
:10BD90005118202909D3611D002242700270CA7017
:10BDA0008A704A700A70122010BD01212046F3F7F4
:10BDB0000FFC10BD80B50978012920D1817B0429B1
:10BDC0001DD801228A4013210A4218D00D49097852
:10BDD000002905D00C4A52788A4203D1092080BD3F
:10BDE000122080BD416E4978490708D54321415C46
:10BDF0003C300BF07DFC002801D00B2080BD0020E2
:10BE000080BDC046FA690020EC680020F0B5A3B000
:10BE1000014601AC661C402230460AF0F9F80420C5
:10BE200020700F4F202530462946B8472046213044
:10BE30002946B84712AF2046394600F09DFE064617
:10BE40007C1C20462946064A9047002E00D01F261B
:10BE50003046214600F06EFC002023B0F0BDC04605
:10BE6000C54A0200FEB514460D46064603200BF0F7
:10BE70003DFA002821D002A804210C2209F036FC4A
:10BE800000281AD002990E704D702A0A8A706278C2
:10BE9000019222780092E578A67867792379E27991
:10BEA000A4794C728A72CB710F724E718D71009AA7
:10BEB000CA70019A0A7101F0E1F9FEBD10B512498C
:10BEC000124A12681206930D83420CD901280246C9
:10BED00000D801220C68A218D41A00D322468C681C
:10BEE000944205D110BD0A4A1278012AFAD10A6893
:10BEF000834201D8002400E001240831104608F0F4
:10BF0000BFF90348047010BDAC110840C4100840CC
:10BF1000537A002070B5054608F0DAF80446284642
:10BF200006F016FB401EC6B22846314606F0A8FFB2
:10BF3000002E04D0204609F09DFA002070BDFF209D
:10BF40000102294001200202914206D00029F1D1CC
:10BF5000E9B2884004490860ECE7E9B2884080B261
:10BF6000002109F0CDFAE5E72000024070B5054652
:10BF700008F0AEF80446284606F0EAFA0646401CE9
:10BF8000C1B2284606F07CFF300604D0204609F0F6
:10BF900071FA002070BDFF20010229400120020239
:10BFA000914206D00029F1D1E9B2884004490860E5
:10BFB000ECE7E9B2884080B2002109F0AFFAE5E78A
:10BFC00014000240010C4A424A41110110224A4029
:10BFD000D040FF221202024053425341DA000823AC
:10BFE0005340D8405118F0220240534253419A0026
:10BFF00004235340D84089180C2202405342534135
:10C000005A00022389185A40D0401A1A40080123C6
:10C01000DB430343581C104008187047FEB5164612
:10C020000F46062444432034082101AA204609F083
:10C0300021FC002500281BD1009601A8FF2606221E
:10C04000314609F094F8002812D101A8C179F8B25C
:10C05000009A002A01D0084301E070400840012501
:10C06000884205D001AAD071082120460AF000F8C4
:10C070002846FEBDFEB50C46019000273E460097BF
:10C08000A088874216D22568A819A95D40780002C9
:10C09000401880B202A903F019F900280CD001461B
:10C0A00002A802880198FCF7E5FC002806D17F1C55
:10C0B000B61CE5E70098FEBD012000E02568A95DFB
:10C0C000297021688A1952784A70FEBDF8B502209D
:10C0D00007F090FA002820D00446102109F034FD22
:10C0E00000260F4F00963978F0B2884213D20BF039
:10C0F00007FB00280DD0417901290AD1532189007D
:10C1000041188A79002520462B46F2F7E3F90728E3
:10C1100004D0761CE7E7009D00E01E252846F8BD08
:10C12000FA690020F0B585B0054601910E46760803
:10C1300022D0344601988442F9D2285D0BF0E0FA0F
:10C1400000684068006A0490285D02900394E7B29A
:10C15000BE420CD8BC1B285D0BF0D2FA00684068C8
:10C16000006A0499884202D9285DE855EFE70298F1
:10C17000E855039C641CDDE705B0F0BDB0B505468D
:10C180000AF08EFD044645620AF08AFD0121C16174
:10C19000A06A002806D0016802698A624168806846
:10C1A0008847F5E7204602F069F8207C002806D091
:10C1B000204603F0DDFB0020F9F7DCFCB0BDA068F1
:10C1C0000024214622462346F4F7ECF92046F9F7ED
:10C1D00061FDB0BDB0B51824042820D804291ED8AC
:10C1E000104D2A68D3781B070AD5042801D00128EE
:10C1F00006D1042901D0012902D1062010710DE0D9
:10C2000005234B430849C918085C10710AF0A6FFC2
:10C21000002803D028680079012800D00024204697
:10C22000B0BDC04688780020C3B2020070B590B09F
:10C23000124E3068406F20300021202208F097FF16
:10C24000002801D0012017E03068416F20316C4692
:10C25000202520462A4609F0DBFE204620303168A2
:10C26000496F40312A4609F0D3FE3068C088044B3C
:10C270004121224600F048FE10B070BD88780020B1
:10C280000F20020010B5F5F78DFB0E490E4A0F4B3B
:10C290005020FDF795FD002801D00AF0E1F80C4888
:10C2A0000068804704460B480AF0CAFF09F0D4FE34
:10C2B000FCF7A4F8084801682046884705F038FADA
:10C2C000002010BD95460200036A0020A4690020EA
:10C2D000AC78002025570200B0780020BFB50F4889
:10C2E00002900F480190002400940E480E494C2201
:10C2F000234601F01BFA0D4DE86100280BD002F037
:10C30000F5FE002807D072B6E043286201202861BC
:10C310006C6105F099FA06480068BFBD38600020DE
:10C32000185A002089B9010059B702000471002091
:10C3300094B70200FEB5002825D014460D460646E7
:10C34000002739462A463B4608F03CF8481E814102
:10C350001AD1304668435021C943884214D8029408
:10C360005030F5F747FA00280ED004460246503206
:10C37000462000212154009430462946029B08F0B3
:10C380008FFA274600E000273846FEBD7CB5002A1C
:10C390001CD0154603460024009401AA08461946FD
:10C3A00023460AF026FD002810D1FF211C2628462E
:10C3B00032460AF057FA01A8017806204843213096
:10C3C00031462A4609F056FA002802D03424204685
:10C3D0007CBDFF212846224608F0C9FE0028F6D180
:10C3E000F4E710B5044600780AF0A3FF01464220A6
:10C3F00000290AD04A6E002A07D05078C00605D41A
:10C4000020460BF0E2FB002811D010BDE01C0178A3
:10C41000427812025118202909D3611D002242706E
:10C420000270CA708A704A700A70122010BD002112
:10C430002046F3F7CDF810BD1CB5002922D04C08DA
:10C44000002900D5494242105440002800D54042FE
:10C4500000230A00904201D95200FBE790425B4161
:10C46000904200D3801A914201D25208F6E7190097
:10C47000002C00D54042640000D54942020008006B
:10C4800011001CBD010000200BF06BFC1CBDF0B5C1
:10C4900085B00E4605460A79062100242346F9F7A1
:10C4A00089FF0490002819D0318801AF3980718844
:10C4B00079800221B9802821B97132793A81711DC0
:10C4C00009F0A6FD2846394605F07CFA002806D07A
:10C4D00005460498F8F782F82C4600E0132420461D
:10C4E00005B0F0BD10B50D2A23D0042A24D19C300C
:10C4F0008268C3680B710A701C0ECC711C0C8C71A5
:10C500001B0A4B71130ECB70130C8B70120A4A70FE
:10C510000268406808730A72030ECB73030C8B73B6
:10C52000000A4873100EC872100C8872100A487204
:10C5300010BDFD300078087010BDF0B503461E2018
:10C54000002B01D00F2900D9F0BD0020C443022ADE
:10C55000264600D00646022A00D001245D5C5E54C7
:10C560000646102EF0D09F5DFF2F07D0B14205D0B8
:10C57000012A05D1AF4203D23F199F55761CF0E73F
:10C58000022A02D1AF42F7D8F8E7002AF6D1F3E742
:10C59000F8B505F031FA0F4F791C0F4C06200090CA
:10C5A000A047122528463946A0470D263046394671
:10C5B000A0470C2709493846A047B92000F06EFD76
:10C5C000074C0098A0472846A0473046A047384669
:10C5D000A047F8BD00040020E372020002200460BE
:10C5E00091210200B0B50446006841688068026885
:10C5F0000E4D28460AF0C8FC0D4805606168416090
:10C60000A1688160E168C160217C0A480068002956
:10C6100003D0074909F068FA02E00549FBF72DFB52
:10C62000002801D00120B0BD0020B0BD106800205E
:10C6300040680020706900207CB50D46044602F079
:10C64000BBFF002818D0817C042917D10421405653
:10C65000002815D40B480068002801D09921455CBA
:10C6600001AE304629460BF029FB074B022120463C
:10C67000324600F049FC7CBD14207CBD12207CBDFC
:10C680001C207CBD18790020454F020080B502288F
:10C6900014D002461820012A0AD0002A1AD10E4AC4
:10C6A0001278022A08D0002914D00C48401C0DE052
:10C6B000094A1278022A05D1122080BD0846FDF7EA
:10C6C00035F980BD002905D00448113010220BF047
:10C6D00043F9002080BDC046D86600205076002077
:10C6E000F8B50F4600900AF045FD01F0EFFF002875
:10C6F0001AD0064600240D4D09F0BCFE062C13D0BE
:10C700002988002902D0641C1035F7E708492980E0
:10C710003A4600276E60AF6000990C707168116036
:10C720000AF046F83846F8BD0BF09EF96461002027
:10C73000F8FF000070B50D46064608200AF0D6FD49
:10C7400000281DD0242007F04DFA002818D00446F8
:10C75000942020703E2060700920A070E670201D9B
:10C76000002E04D0002120220AF07CF803E02022D1
:10C77000294609F04DFC03480078214607F078FF70
:10C7800070BDC046EE6900207CB50C460546114ED2
:10C7900001A8032109F018FD0198FF210A060146AE
:10C7A0009143F5D0B142F3D00B4908404018401CEA
:10C7B000019001A9284603F04BFB2070010A61702B
:10C7C000000CA0700198E070010A2171000C6071EA
:10C7D0007CBDC046FFFFFF00FFFF3F00F8B50A46E3
:10C7E0000F49104B1C68E405650D0C680326B44323
:10C7F00065190D4EAD191646002E03D080CD80C0B0
:10C80000761EF9E7900020185A681206920D821AD7
:10C8100000DB104607F034FD044801210170F8BD2B
:10C82000AC110840C010084000300940537A002085
:10C8300070B50446C568002805D10F480F4933225A
:10C84000120100BF00BF002D06D133200001421CA1
:10C850000B480A4900BF00BF2C60261DA0880004B9
:10C86000800E02D00020286004E0281D0021C9436A
:10C8700004F068F8707870BD93B40200FFA702005E
:10C88000D0B50200B0B50D460446002804D11048CA
:10C890001049A92200BF00BF2079012804D1E07906
:10C8A000002808D1032207E002222946203420462E
:10C8B000F0F798F9B0BD0222216A6B1A5B0F00D124
:10C8C00029460028F2D1002BF0D18620B0BDC04609
:10C8D000C9B40200FCA60200F8B500920C46064658
:10C8E00002F06AFE00281DD00546142007F07AF9F0
:10C8F000002817D00746D02038800B20B870F81CCD
:10C90000A91D062209F084FB7E8100983861012070
:10C9100020403873A007C00F787303480078394669
:10C9200007F0A6FEF8BDC046A2730020F8B5FF28A8
:10C9300018D016460F4604460093202007F052F9FF
:10C94000002811D005460699B02028706E706F80BF
:10C950000098287128460830002907D0182209F0CD
:10C9600057FB07E00220F8BD1320F8BD0021182274
:10C9700009F078FF2046294607F07AFE0020F8BD2E
:10C98000104801218268930008D4520016D5890707
:10C9900002688A4302600161032010E049070268CF
:10C9A0008A43026001610848042101600748007859
:10C9B000042803D2C1000648C84000E00020C0B2ED
:10C9C0007047C046440008405C200240327A002094
:10C9D000000102047FB5011F0C224A4310498A1846
:10C9E0005368002B17D00F4909780124002913D070
:10C9F000151D568901A90E8048800293108908816F
:10CA00000846F8F707FF002802D02868F7F7E6FD88
:10CA10000020286000E00024204604B070BDC0461D
:10CA2000DC64002064790020F8B50D460446E5205A
:10CA30004700E6190AF002FB0146E05B0E4A128845
:10CA4000904202D972888A2003E0A84205D27288F7
:10CA50008B2003F0A5FE0020F8BD1D2109016418FC
:10CA600006F008FF2060002801D00120F8BD8120D9
:10CA700001F028F8EFE7C046CE69002080B50F48E6
:10CA80004068002801D00AF08FFF0D480068002898
:10CA900001D00AF089FF0B480068002801D00AF095
:10CAA00083FF09480068002801D00AF07DFF07488D
:10CAB0000068002801D00AF077FF80BDEC680020F4
:10CAC00054690020B8790020B4750020F87900205E
:10CAD000B0B5C9214A008118825A0B899A4200D305
:10CAE0001A460A83438E0D4858430B8A8C89A40149
:10CAF0003D252D0164199C4200D31C46001B084BA8
:10CB0000C018488283B2934200D8024690B28A820B
:10CB1000A9210901884200D80846B0BD7102000071
:10CB2000D4FEFFFF10B50246104B9C78002024076E
:10CB300018D5CF2464001219147F042C12D15B780D
:10CB40009B060FD50A4848439188128892013D23DD
:10CB50001B01D2188A4200D30A460649511888425E
:10CB600001D3002010BD012010BDC0469E670020EB
:10CB7000E2040000BC0B0000B0B58EB041220D9263
:10CB80000C9208AA0123137009900DA80A900024A2
:10CB90000B9404AD2B7005910CA806900794684681
:10CBA0000470084901AB26C3FAF70AFA064D28605B
:10CBB000002803D0002008F07DFD2C6860B20EB084
:10CBC000B0BDC0465878002094690020F8B50446EE
:10CBD00010480068804705460F4F786806197E6048
:10CBE000F0087D280CD37D20C100304603F030FAD8
:10CBF00039680918064A521C4243B01A39607860F5
:10CC000006480168284688472046F0F7F1FEF8BD3F
:10CC1000E7030000AC78002044790020B0780020C1
:10CC200070B506460F48864201D9002417E0344605
:10CC300008340D48006880470546A0B20AF0ACFEF3
:10CC4000002807D004468680084841682160446077
:10CC5000083400E00024064801682846884720463A
:10CC600070BDC046F7FF0000AC7800203C79002082
:10CC7000B078002010B5002808D0022805D110484F
:10CC80000078002801D00BF069F810BD0C4C20781A
:10CC90000028FAD00BF063F8A078022801D3012015
:10CCA000A070012000BF00BF064C20680028ECD017
:10CCB00009F0B2FC2068006909F09AFF10BDC04677
:10CCC000FC68002094650020B0B50446124D286829
:10CCD00041780F2919D1006E1130611C062209F02C
:10CCE00097F921782868026E1174816E9922895C07
:10CCF000490705D501218902C26E92890A4207D1EE
:10CD00000024204603F0FEFF00E007242046B0BDCB
:10CD1000102141700024F9E788780020B0B504465E
:10CD20000007800F04D00AF03DFA002107F0B6FB9F
:10CD30000AF042F906F0C2F90A20044209D0082597
:10CD400025400AF0B0FE002D03D0F7F7A4FB0AF04F
:10CD5000A2FE0520044209D0042004400AF01CFC75
:10CD6000002C03D00AF01CFC0AF012FCB0BDB0B5D8
:10CD7000002906D00C4605460AF03EFC002802D0E9
:10CD8000B0BD1220B0BDE8B20AF0BAFC0168098853
:10CD900040290AD10021102909D0625C0F234B40A1
:10CDA000C318E0255A55491CF5E70C20B0BDF12108
:10CDB000012242540521F422FAF702FA0020B0BD04
:10CDC000FCB50190002008701F2A00D9FCBD002589
:10CDD0000095ACB294421AD21E5D002E17D0641C8E
:10CDE0003719974213D81F5DFF2F05D038461738E3
:10CDF0001524E443A0420AD3AC1C701E0870C0B2D4
:10CE0000251801988742E4D1A0B21818FCBD0098FB
:10CE1000FCBDF0B585B01E461746019105461621AA
:10CE200000241A462346F9F7C5FA0490002815D0C5
:10CE30000A993A4602AF019B3B807A80BE80324617
:10CE400009F0E6F82846394605F0C8FD002806D066
:10CE500005460498F7F7C2FB2C4600E01324204651
:10CE600005B0F0BDB0B50446054638354089218986
:10CE7000401A80B2012800D8012069782A794243FB
:10CE80005018252103F0E4F838202154EA78204690
:10CE90003D301346002B05D005785B1E401C8D42AB
:10CEA000F8D106E00846114603F0D2F860183D219B
:10CEB000415CC8B2B0BD70B50446806E0C3007F05E
:10CEC000F1F9054626469A36002D1CD03078002808
:10CED0000FD0A889A97B411ACA1EA97CEB7C1B1D17
:10CEE000EB742B461433001DA881D2B22046FCF708
:10CEF000A3FBA06E294605F0BBFBA06E0C3007F02B
:10CF0000D1F90546E0E770BDFEB51D46174604465B
:10CF100068460480062242800181084606F082FCB1
:10CF20000190002811D0064638463146A8470546EC
:10CF3000002806D16846F8F74DFB00280BD00546BF
:10CF4000019E3046F7F74AFB00E01325204606F025
:10CF5000FDFE2846FEBD0025F8E770471FB50C46CC
:10CF600001460020009003900290019052BA68465A
:10CF70000280012C04D1087869468870012406E0FB
:10CF8000801C0E2C00D90E2422460AF0E5FC0098E5
:10CF90000549086001984860029888600398C86055
:10CFA000204604B010BDC04690000C40F8B51546B0
:10CFB0000E460F211C468C430C490A6801273F0688
:10CFC000BA430A609C4201D00A4900E0084909F0CE
:10CFD000A7FC3046214603F0D7FF2846214603F040
:10CFE000EFFF0548082101602046F8BD2C000C40E9
:10CFF000120301001203000004010C4070B50C463E
:10D0000001790120522913D07D2907D07E2909D02A
:10D010007F2905D0D22907D105070AE0450708E096
:10D02000C50706E0850704E0880007490D5800E0C1
:10D03000C50605263046294605F0A9FB002801D083
:10D040002560267170BDC04664A60200FEB502933D
:10D0500015460C4607460620002105F098FB0028DF
:10D060001BD010200AF078FA002816D0064608983F
:10D070000190F4800622304639460AF06DFC357284
:10D08000029870720198F0600420314606F0EEFAC2
:10D09000002802D030460AF053FAFEBD70B50446AF
:10D0A00006200025294609F0D1F91220002109F0B7
:10D0B000CDF9072D11D8072068402146C14001262F
:10D0C00031400D2009F0C2F91220314609F0BEF9B5
:10D0D000082009F094FE6D1CE7E70620012109F005
:10D0E000B5F9AF20800009F08AFE70BDF0B50C4D97
:10D0F0000C4E0D4F0D4B104C45608660C7600361B0
:10D10000054B4361054B8361C461094B03620170A8
:10D11000084941628262F0BDB4B00200D8B002009A
:10D1200044B1020020B1020024B002006CB0020041
:10D1300048B0020090B00200FCB0020070B50E468C
:10D1400011490978491E022901D2122070BD1446E6
:10D15000002A14D002F030FA002812D00546002E22
:10D1600003D0287902210143297128461830102262
:10D17000214608F04DFF2069A862002070BD022002
:10D1800070BD142070BDC0465076002070B50546B5
:10D19000114E3078012806D10C46F320C0430142DD
:10D1A00003D0182070BD122070BD28460AF0C1F8C7
:10D1B000002804D0017A002903D0102070BD34204B
:10D1C00070BD7168EA0089184C71F1212140406EF0
:10D1D0000176002070BDC0460C790020F0B589B002
:10D1E000044603AD294601F005F900281CD1A97BAE
:10D1F000082919D103A9881C497800250095012622
:10D20000314002AA2B4609F0F4FD00280CD102AFF0
:10D21000387807F0F0FA0246397803A8837B009645
:10D220002046FDF7F9FB284609B0F0BD70B50C4665
:10D2300005460F4E3078002813D00E48007800289D
:10D240000FD1062006F0CEFC00280FD001460A4878
:10D2500008808D700120C8708C80307807F008FA43
:10D2600070BD0F202946224608F08CFB70BDC046D9
:10D27000EC690020417A0020910F0000B0B5002831
:10D280001ED004460F480068002814D00568002D01
:10D2900011D02046FEF798F801466068A8476068FC
:10D2A0000178022903D1F7F799F900206060204640
:10D2B00007F0C8FDB0BD04480078214607F0D8F952
:10D2C000B0BDC046CC790020EF690020F8B5154606
:10D2D0000E4607460D48006880470446384605F06C
:10D2E00077F80B480B49102242C0056042600021CC
:10D2F00001720838FFF776F9002802D0002008F004
:10D30000D9F90548016820468847F8BDAC78002067
:10D310005067002068780020B0780020002811D0E5
:10D32000114A51617F231382002141708370037879
:10D33000DB0709D111805180D18011815181816039
:10D34000C1600BE000207047018911804189518044
:10D35000817BD18081891181C17B5181007802213B
:10D36000014048087047C0467C20094070B50D4612
:10D370000446066806F0ACFE3178002903D008F0B8
:10D3800079F8002070BD002CFBD00121317008F02D
:10D3900071F8002D09D029780648027800209142C2
:10D3A00000D00446012903D170BD0348C0687060F5
:10D3B000204670BDA4B7020080B50200B0B50E488B
:10D3C0000178002916D1012505700C480C4A04216A
:10D3D000002306F003FB11242046FEF7C7FD094891
:10D3E000FF21816285640849096841600560204623
:10D3F000FEF790FDB0BDC046487A002028670020A7
:10D40000D11C02000460024088B7020070B50025FC
:10D41000114C2E46607D864217D206207043203084
:10D42000A16A4A1980B2082108F024FA002809D01C
:10D43000A06A4019FF21062209F014FAA06A4019D7
:10D440000021C171761C0835E4E7607C002801D01A
:10D4500004F056F870BDC046D87100207CB5002895
:10D460001FD00D460646104800683246F9F79AFB71
:10D470000124FF2816D00023009301AA3046294634
:10D4800009F0B7FC00280DD101A8007807F0B3F926
:10D49000C00607D501A8007807F0ADF94007C40F12
:10D4A00000E0002420467CBDB46900201CB50328A0
:10D4B00019D0832809D00F4A904210D00E4A9042CA
:10D4C00016D1887808F0BEF810E0C8788C88CA8831
:10D4D0000B8949890091214603F024FB06E00846A8
:10D4E000FAF7D8FE1CBD0846FCF7B4F901201CBDB4
:10D4F00000201CBDFFFF00001320000080B50E4877
:10D500000078400703D4002009F058FE80BD0420B5
:10D510000AF042FA09490860002805D0084A02606A
:10D52000086809F04BFE02E0042008F0C3F8054843
:10D530000549018080BDC04650760020C879002092
:10D54000ADD4010016790020FFFF0000F8B5002BD4
:10D550001BD01C4616460D460746012106F0E6FF85
:10D56000002814D03046F6F74FFE002811D0C780AF
:10D57000002E06D0F57A08490968711A0909C268AF
:10D580001177057220600020F8BD0120F8BD14203D
:10D59000F8BD1520F8BDC04680690020B0B5002850
:10D5A00016D00446807A0AF0ABF800280BD0617BD5
:10D5B0008A0708D571229200835C01251D4385549A
:10D5C000FD2001406173616E18200856002800D4C8
:10D5D000B0BD607BC007FBD103488268002AF7D04A
:10D5E00001209047B0BDC04664630020F8B50646F0
:10D5F0000E4800688047044602250E2E0FD8F00022
:10D600000B490A58002A0AD00F180A48007801214D
:10D61000B14089B204F0A8F800253D607D6006485D
:10D620000168204688472846F8BDC046AC780020EF
:10D63000F05E00207E790020B0780020F8B50C461E
:10D640000646F4F793FC00900F4D2868C08801F05F
:10D65000B3FF1427002814D0408808F09DFC002850
:10D660000FD0014628680078002800D034460622F2
:10D67000204608F0CDFC06F001FA411E8841A07159
:10D68000009F3846F8BDC04688780020F0B585B0C8
:10D690000446114F786800281BD00068002818D075
:10D6A0000D46088801AE3080301D89780AF006FBEF
:10D6B000E878307268680490786803680121204631
:10D6C00032469847002804D069460870608807F001
:10D6D000C9FB05B0F0BDC04688780020F0B58FB01A
:10D6E000029301920C4601460F4B03AE10253046C3
:10D6F0002A46984730461030082721463A460A4BBA
:10D7000098473046183001993A46074CA0472746BB
:10D71000304609F0D5FA04462036029831462A46AA
:10D72000B84720460FB0F0BD41600200F0B587B0A9
:10D7300004460D9D0020002D1ED00E9F002F1BD0F3
:10D740000E460C980590642138460493039209F024
:10D7500017FD3D63612002213954029706A801900C
:10D760000598009020463146039A049BFBF7E4FDA0
:10D770003846F0F7B7FF069807B0F0BD7FB51446FE
:10D780000A4605460020102901D0022A1BD1102B81
:10D7900001D0022B17D19A4202D12846214610E02F
:10D7A0006E46102A06D12046314605F0A9F810220F
:10D7B000284605E02846314605F0A2F8102220460A
:10D7C000314607F01FFB04B070BD70B50E4600284F
:10D7D00016D0002E19D00546304603F071FF002800
:10D7E00017D00446281F0268083AB24200D33246D6
:10D7F000204629460AF0B0F8284609F0B1F909E0B8
:10D80000304603F05DFF044604E000F095FB16216E
:10D8100001600024204670BD70B504460E4D0F4EC9
:10D82000007E042808D000202860F060192005F050
:10D83000D1FF0B4830210160012030600F202861AA
:10D84000A07E002803D00020A07609F0A9F8204689
:10D8500008F066FD70BDC04604010C4014000C4089
:10D860002C60024070B50C464078FF2815D00E2879
:10D8700011D00F2807D0102809D03E2805D0052840
:10D8800007D101250AE0042508E0082506E0202547
:10D8900004E0002502E0022500E010250B263046BA
:10D8A000294604F074FF002801D02560267170BD60
:10D8B000B0B5EEF712FF0E4C204609F081F80D4886
:10D8C0000078042801D0022800D1207008490024E3
:10D8D000204608F09DFD084D2860002805D1002055
:10D8E00007F0E8FE2868444244412046B0BDC046E7
:10D8F000C0670020F869002068690020F0B585B095
:10D900000C460546084601F057FE002804D00D4895
:10D91000854203D9022012E0122010E001AE002758
:10D9200010223046394608F09DFF3570280A707085
:10D93000280CB070F77030462146F2F7FDFF05B0B5
:10D94000F0BDC0463F420F00F8B506460F4F38788D
:10D950001225002801D02846F8BD0C460C48864206
:10D9600008D1204607F06EF905460028F3D13C7037
:10D970000025F0E7304601F01FFE0028EBD03046CE
:10D98000214605F075F90546E5E7C0461479002003
:10D99000FDFF00001CB504460E4801A9224605F013
:10D9A000F9F8002801D0019812E0E00701D1002029
:10D9B0000EE009484178002904D0083001211022E6
:10D9C000002303E01830054B04211022F9F7F4FD81
:10D9D000C0B21CBD95D90100F8720020B0B602009B
:10D9E00070B504460498002801D00B2070BD022BAE
:10D9F0000AD10598137852781202D618324682431B
:10DA0000100403D0802070BD0D2070BDC86805686B
:10DA10002046294608F0A8FEB2B2904201D100206B
:10DA200070BD2046294605F0F7F870BDFEB51446D6
:10DA30000D46064600920E4802A932462B4605F0D6
:10DA4000A9F8002813D10B4F3878FF280FD00A20EF
:10DA500006F0C8F800280AD00146B120088000204E
:10DA600008714E80CD800C81387806F001FEFEBD35
:10DA70002DDA01002E7A00207FB50D4604460F48AE
:10DA800003A922462B4605F085F8002801D0039E05
:10DA900011E02046294605F00FF8064600280AD175
:10DAA00002A90D8006480078009100267F232146B8
:10DAB0003246FEF73BFFF0B204B070BD79DA0100E8
:10DAC000407A0020B0B504460F2009F014FC00286D
:10DAD00019D00D4D2878002812D00C480078002865
:10DAE0000ED1032006F07EF800280CD001469120CC
:10DAF0000870102048708C70287806F0B9FDB0BD11
:10DB0000204606F09AF9B0BDEC690020417A002069
:10DB1000B0B5114C90202072882060720120A07254
:10DB20000220E0720025257380206073A5732021F8
:10DB3000E17325746574A07420461330052109F043
:10DB40001FFBFF2020706070A070E5702120207105
:10DB50006571A571E571B0BD10770020FEB51C465A
:10DB600015460E4607460AF012F8002806D0384639
:10DB700009F0BBFF002801D00C240CE00A98099999
:10DB8000089A009201910290384631462A4623466F
:10DB9000F0F768F9044603492046FFF747FB2046A3
:10DBA000FEBDC04613200000F8B514460D460646DB
:10DBB00080000C3006F016F8002816D001467000E0
:10DBC0000A4A0A808E700A460C3213184A608B602B
:10DBD0000026B04205D0AF5B9753A75B9F53B61C9E
:10DBE000F7E70348007806F043FDF8BD9013000006
:10DBF000ED690020014610391F2904D80120884012
:10DC00000E49086015E00F280DD00E2806D0022816
:10DC10000FD1094801680122D20708E006480168CF
:10DC20000122120703E004480168012292060A4318
:10DC30000260BFF36F8F704704ED00E000E200E088
:10DC4000F8B50125104F0F480178E8B2884217D87F
:10DC500039681E2646438819FF228A55C01D0024B4
:10DC60000622214608F0FEFD386880190D3010228A
:10DC7000214608F0F7FD3868801944776D1CE2E70B
:10DC80000020F8BD056A0020B4690020F8B50E4CEC
:10DC90002078002505260F4F85420ED27968895DD0
:10DCA000012905D1E8B209F02BFDEEF7CFF9207874
:10DCB0006D1C7B2189007618EEE700F0FBF9034824
:10DCC000007803490870F8BDFA690020FB6900205C
:10DCD000016A0020EC6800200F4802680F490B8899
:10DCE0004988194392070BD4002910D00222826080
:10DCF00002689207FCD50120814309480160704702
:10DD000001220B469343064A1360002900D0704756
:10DD1000022141617047C0460C0002403869002072
:10DD200004000840B0B50F48457DC48A09F024FEC0
:10DD3000002D12D06105890E19384543E817000EF1
:10DD4000281800124018012800DC01203F2800D3C9
:10DD50003F20400104490C400443A0B2034908603D
:10DD6000B0BDC046F47600201FF80000AC3008407B
:10DD7000F8B50A460E490F4B1C68E405650D0C68A2
:10DD80000326B44365190C4EAD191646002E03D078
:10DD900080C880C5761EF9E7900020185A681206E0
:10DDA000920D821A00DB104606F06AFAF8BDC046F2
:10DDB000B8110840B810084000380940F8B50646C8
:10DDC00000240028204618D00D460E480068C005E3
:10DDD00005D0002230462946FAF778FC0DE01746B8
:10DDE0007D20C100104602F033F90246781C00D1B4
:10DDF0003A4630462946F2F767FF012800D0E4434F
:10DE00002046F8BD04ED00E070B500280CD00C46AB
:10DE100005460F480068C00508D000222846214664
:10DE20001346F9F7F7FD10E000200EE016467D20BE
:10DE3000C100104602F00CF90246701C00D13246B7
:10DE4000002328462146F2F7ADFB401E40B270BDCC
:10DE500004ED00E07CB50D4604465C2109F090F924
:10DE60006E46304609F074FD01203070201D0021FF
:10DE7000324600F015F8094E3078002808D102F03B
:10DE800025FD08F0E5FD09F06AFF08F099FE3078FD
:10DE9000401C3070A56520467CBDC046FC68002053
:10DEA000BCB50D460346002A15D01078002812D0C4
:10DEB00003200090012000210A4603F068FD04467B
:10DEC000002D0ED0002C0CD0002120460A460B4617
:10DED000F2F768FB05E0044829461A4605F039FBCD
:10DEE00004462046BCBDC046FFFF000080B50428A4
:10DEF0001DD8C046784400794000874402130D10B5
:10DF000005000C4800780FE00A4B0833052208464C
:10DF1000194609F021FD08E00648807804E005482C
:10DF2000C07801E0034840780870002080BD0220DE
:10DF300080BDC046D4760020B0B50F4801690F4DB2
:10DF4000002915D0406A0E4C2068002800D12068B6
:10DF5000816D00290DD10420F3F74CFC00282946DF
:10DF600007D02168002900D121688865014600E0BA
:10DF700029460846B0BDC046047100203C69002017
:10DF8000E8790020B0B50146002000291DD00C78AA
:10DF9000002C06D00D490A78012A16D100200870FD
:10DFA0000FE04A788B781B029A18084BDA82C978FE
:10DFB00019761D78012D08D10220187090B208F052
:10DFC0006DFA2046FBF77CFC0120B0BDD86600202E
:10DFD000F8B5009000273C460E488078844214D261
:10DFE00000984068C15B00290FD0C519A8680028B7
:10DFF00001D0F6F7F3FA00260C222846314608F045
:10E0000031FC2E80641C0C37E6E703480099088039
:10E01000F8BDC046F8720020FFFF000070B5414017
:10E0200000220E4B0E4C0F4D022A13D80E091E4033
:10E030001940090171188E08264021408900711885
:10E040004E082E4029404900711811264E433118C0
:10E05000521CE9E7414088B270BDC0460F0F000076
:10E060003333000055550000FCB50A791F231340D7
:10E070000B7102463B3200923B2400230190035572
:10E080001C461D46052D14D00026082E0ED04F5DCF
:10E09000F740FF0708D09F19E2B2019882183D208F
:10E0A0001754641C00980470761CEEE76D1C08334E
:10E0B000E8E7FCBDF8B5002505270F4E307885420E
:10E0C00011D20E484068C019401E00210180ECB2F8
:10E0D000204609F0F8FD204609F02BFD6D1C7B2041
:10E0E00080003F18EAE700200449088008F03AFF62
:10E0F000FF2008F0B5FFF8BDFA690020EC680020A9
:10E1000010B5002101720E4801680E4802780846D9
:10E1100003681C7A002C03D15B6E1B78934203D0FA
:10E12000C0688842F4D110BD074C21780229FAD387
:10E1300003F072FA09F038FC2078401E207010BD00
:10E14000AC690020DE690020FD690020FEB5019168
:10E15000029002F07DFD0446012002F079FD0646A2
:10E160000025002C2F4600D06768002E00D075686F
:10E17000002F0ED0029802F04DFD002809D0002D8E
:10E1800007D0386A296A019A891A05F089F80028A7
:10E1900000D034462046FEBDB0B50C46C0B209F0F2
:10E1A000AFFAFF2100281BD04279002A18D0002C9A
:10E1B00009D0012C14D10F21490142580123DB075A
:10E1C000134343500BE00F214901421843589488F0
:10E1D0000725AC430125ED07AB4343509480002154
:10E1E0000846B0BDF8B50E46054607467737FCF73A
:10E1F000E7FAB87A0024002818D03878B04215D150
:10E200002E467636286800880124802806D04028CB
:10E21000204607D1284609F0AFFA02E0284609F067
:10E22000C0FC00203178002900D004462046F8BD0B
:10E2300080B50F48017B427B12025118827B120489
:10E24000C37B1B069A18511809780A4A1170017F7E
:10E25000427F12025118827F1204C07F000680188C
:10E260004018806804490860FFF722FB80BDC04663
:10E2700034B20200F869002090690020B0B504466D
:10E280001048416A491C4162E06A002816D00168C2
:10E29000E162056906CD083D002A00D01160002921
:10E2A00000D04A6081680968002903D0C06800284E
:10E2B00000D08847284601F05BFBE5E7F1F750FD09
:10E2C000B0BDC04604710020F8B5104E002030707B
:10E2D000402009F061FB002817D004460C4F386835
:10E2E000816F202520462A4607F092FE20462030E6
:10E2F0003968896F20312A4607F08AFE204604F0EB
:10E30000CDFC3070204609F04FFBF8BD096A0020B3
:10E3100088780020F8B50D46064607F0E5FE0F4860
:10E320004269296800244B1C14D037687368006B5D
:10E33000B84201D09A420AD2D21A914207D9881A19
:10E3400028600649086B30604869706002E0002070
:10E350002860012408F0E2F92046F8BD047100208D
:10E36000F8B500281FD0036801229202009393425F
:10E3700001D90220F8BD041D00202346220704D045
:10E3800004CB04C1401C241DF8E7009AD21E904221
:10E3900006D2F0CBF0C1001DF9E704CB04C1401C4C
:10E3A000009A9042F9D30020F8BD70B500280FD034
:10E3B0000A4600242146234606F004F80546481E76
:10E3C000814101290AD1FFF7B7FD8B2101600FE0E0
:10E3D000FFF7B2FD16210160002409E0284603F092
:10E3E0006FF9002804D00646294608F0C9FE3446D5
:10E3F000204670BD70B50C4601F0DEF805460120E0
:10E40000002C1BD0002D19D0A8882080A01CA91D8D
:10E410000626324607F0FCFD2046083029460C311E
:10E42000324607F0F5FDA87CA073A88A2082E88A0E
:10E430006082288EA082688EE082002070BDF8B5D0
:10E44000044606463836406A020C4240618990B262
:10E45000FFF7E4FD0546252101F0FAFD382021549F
:10E46000F07822463D320346002B05D017785B1E1C
:10E47000521C8F42F8D105E04543280C20183D215D
:10E48000415C3170C8B2F8BDF0B513681C0C802532
:10E490004559AEB29BB2F618330C2D0C2C19E3186B
:10E4A0001C04B5B264190C6001241B0CE5B2C66FE4
:10E4B000AE420CD9AD005659370CB6B2F618330C33
:10E4C000DB191F04B6B2BE194E51641CEDE71846A5
:10E4D000F0BD70477FB514460A4601460D4D0E202B
:10E4E000801A002300930393029301936E463070C9
:10E4F000701C09F031FAF473009868670198A867F6
:10E500000298E8670398044908602868C007FCD1AE
:10E510007FBDC0461C000C409C000C40B0B50D46B1
:10E520000446C1690D48002900D0801C0C490860D0
:10E5300020692021615C0022FFF7CCFF284607F00C
:10E54000F7FA284607F0E8FAE269002A04D0A06842
:10E55000E1680123F7F7EAFEB0BDC04628002A01B2
:10E560002C000C40F8B514460D4606460E4808F03F
:10E570006DFE0020214606F005FA074600280ED061
:10E58000062C05D0082C03D038688068304204D0AF
:10E59000386842683046294690473846EAE70248DC
:10E5A00000F038FDF8BDC04668650020F8B50124CC
:10E5B00000281DD00D460746082008F0CDFF002892
:10E5C0000FD00646076045600820314605F04EF83A
:10E5D00000280CD0002D02D0284608F0B1FF3546A7
:10E5E00001E0002D04D0284608F0AAFF00E0002436
:10E5F0002046F8BDFEB50D460024019400946946FE
:10E600002846F9F777FB0127012814D10C2008F0E0
:10E61000A3FF002810D0064605600198009971609C
:10E62000B06000242046314605F020F8002803D0D1
:10E63000304608F085FF3C462046FEBDB0B5044696
:10E64000002818D01D46002B00D10C4D68682061B1
:10E65000A260A161A868E06100202075F8F730FF92
:10E6600007482830214605F02FFE2878002802D0E0
:10E670002046FBF7D5FA2046B0BDC04638B60200AA
:10E680002C700020BCB50C460546502003F0F8FD68
:10E6900003460C4801A92A4604F07CFA002801D060
:10E6A00001980CE008488168284608F05DF880076A
:10E6B00001D4012003E028462146F9F7CFFBC0B280
:10E6C000BCBDC04685E60100F473002070B5064667
:10E6D000002407F0CFFE05460D482146242912D01C
:10E6E0004258002A03D0B2420CD00C31F6E744184D
:10E6F00046500020A06008F0FFFE6060002802D1B4
:10E7000009F0B2F94418284608F052F8204670BDC6
:10E71000C06500207CB504460420C64308F02AFDED
:10E7200003F0B8F9002817D00546002C0BD0601C68
:10E7300001D1341D07E001A9204602F005FD06467F
:10E74000002809D1019C68680121090400222346A0
:10E7500003F0CCF84642464130467CBD10B50C482B
:10E7600010210170FF200024214603F001FE08F073
:10E770004BFF08F0F5FE0748047007480078202199
:10E7800002F0F2FF0548047005480470204610BDF1
:10E7900064630020E0690020DA690020E469002059
:10E7A000E3690020F8B51C4615460E4607460220D0
:10E7B00008F09CFD002813D00C2005F013FA002867
:10E7C0000ED001460698074A0A8003228A70CF704D
:10E7D0008E80CD800C8148810348007805F048FF89
:10E7E000F8BDC046913E0000EC690020F8B5074630
:10E7F0000D480078C00716D01C4615460E460C2062
:10E8000005F0F0F900280ED001460698074A0A8064
:10E8100083228A70CF708E80CD800C81488104481D
:10E82000007805F025FFF8BDF1690020913E000059
:10E83000EC690020F8B51C4615460E460746062032
:10E8400008F054FD002813D00E2005F0CBF9002865
:10E850000ED001460698074A0A8007228A708F80E8
:10E86000CE800D814C8188810348007805F000FF3F
:10E87000F8BDC046913E0000EC690020F8B5154691
:10E880000E460746102005F0ADF9002814D00446C6
:10E890000A4820800520A070A780A01D08223146CC
:10E8A00007F0B6FB2878697809020818E081044867
:10E8B0000078214605F0DCFEF8BDC046923E00001F
:10E8C000EE69002070B50D46064608F095FE044638
:10E8D000002819D1F0B208F013FF0646FF200630D9
:10E8E000315C490708D430180F2101770721F12244
:10E8F0003046F8F765FC07E03046FCF78FFB0F2148
:10E9000030462A4600F0D2FA204670BD70B5302459
:10E91000002816D00C49884213D87D21C9004143F4
:10E920000A4841600078002401280AD1084E307856
:10E9300001210D03294602F017FF30782946F4F72C
:10E94000D3F8204670BDC046B8A10000F46800208E
:10E95000DA69002080B5002817D00C494A880C4B92
:10E960001A404A800A881A400A800A49CA687F23E6
:10E970001B029A43CA600A6878239A430A600A69AC
:10E98000054B13400B61E7F72DFB80BD286809405C
:10E99000FF80FFFFE83008400FC0FFFFB0B50A4A14
:10E9A0000A4B00210A4C0B4D0CC001604160816094
:10E9B000C46001614561084A084B094C8161C1612D
:10E9C000016224301EC0B0BD513A0000DDAD01002F
:10E9D000698E01002D810100B9590200F98D0100F5
:10E9E00011970100F8B51C4600920F460646808933
:10E9F000F189451A727A337CA8B2FCF755FE0028DB
:10EA000000D0F8BDE81981B2009BC818B2899042C5
:10EA100004D9F089984207D30620F8BD307C2246FD
:10EA200007F0CAF90020F8BD0520F8BDB0B50C46C6
:10EA300005460C480078002801D104F00BFA0A487A
:10EA40000078A8420BD9002C00D1084C0C20684358
:10EA5000074908588269284621469047B0BD0020E2
:10EA6000B0BDC046447A00204BAF020068B7020038
:10EA700074B60200F8B50F4C0F277D060520460638
:10EA800005F026FB216D2940B14210D1E26F390318
:10EA90008A430121CB03D218E267074A2260226D24
:10EAA0002A40B242FBD02268C9078A43226006F09E
:10EAB000E1FCF8BDA010004012000180B0B5104884
:10EAC00001687F230B40C90BFE240C40E11A002291
:10EAD0009C4200D21146406B0004030F0120102914
:10EAE000044600D81446032B054600D815462C4092
:10EAF0006242082B00D310460A2900D31046B0BD4D
:10EB0000E810004070B500280CD00C46064605F011
:10EB1000DFFA05467079FE210140881E0E2803D3D6
:10EB2000002602E000260DE001260D2807D8064841
:10EB300081680C4320212143816008F094FC284621
:10EB400006F098FC304670BD946500200D494143A5
:10EB50000122D243904201DC0C4800E00A484018F0
:10EB6000C117890A41188A15FF21CB439A4200DC5C
:10EB70001A46074B984202DCD005C00B70470802CA
:10EB80007047C0463C553D00F2FF8600F2FF46004C
:10EB9000FFFFFF3FB0B504460E4D1C352D68002D1C
:10EBA00017D02889A042F9D1E87A01280BD106F0C4
:10EBB00059F8002806D0084800780421F3F794FF9C
:10EBC000E87A00E00120401CE872C1B22046FBF761
:10EBD000C5FDB0BDD87100209F68002010B5104C55
:10EBE000606800281BD0A4214158002903D00846A2
:10EBF00008F0DAFE6068A8214158002903D00846D1
:10EC000008F0D2FE6068AC214158002903D00846C4
:10EC100008F0CAFE606808F0C7FE0020606010BD02
:10EC2000147900207CB50D46088849880124884263
:10EC300017D8002815D06E1D2B790B4802213246BB
:10EC4000FEF79CFD00280BD0288869882B790024CA
:10EC500000943246FAF728F8002802D10A2400E08E
:10EC6000102420467CBDC0469AB70200F8B517466E
:10EC70000E46054610460B3004F0B4FF044600284B
:10EC80000CD00B48208020460830606004202072A1
:10EC90006672A77220460B30286006E000202860CC
:10ECA000102E02D00720FEF70DFF2046F8BDC0460B
:10ECB00001FF0000F8B51E4614460F4600902020C4
:10ECC00004F090FF002818D0054607990698A22264
:10ECD0002A706C706F8028716E7128460830002988
:10ECE00003D0182207F094F903E00021182207F05E
:10ECF000B9FD0098294605F0BBFCF8BD10B505200C
:10ED0000FDF768FE0124002817D10620FDF762FEFA
:10ED1000002812D10420FDF75DFE00280DD1072048
:10ED2000FDF758FE002808D105480078002803D0D8
:10ED300008F0CFFE044600E00024204610BDC04687
:10ED400068790020F8B50C46C0B208F0D9FC054639
:10ED50004079002815D028684068066AEB204000FA
:10ED60002F183046214604F09BFA002807D0688E01
:10ED70000549484304193888401C3880F1E70020D1
:10ED8000F8BDFF20F8BDC046C4090000F8B5002852
:10ED90001AD004468079FAF735FE0C4D2868A1791F
:10EDA0001C2632464A438018094A136814274F43E9
:10EDB000D8511068C019A06605F0F4FF2868A17941
:10EDC0007143401808302067F8BDC046B475002074
:10EDD000F8790020F0B5FF22063280180722D243CE
:10EDE000002A17D01446083403D00024E4430A4B09
:10EDF00001E0094B5C788D182E7A26408418267421
:10EE00009E18777C2B7A3B432B72757A1D402572B6
:10EE1000521CE5E7F0BDC0469E670020B0B5044631
:10EE200008460F38052802D20020E083B0BD04292F
:10EE300002D00929F8D0F9E725469C352046A430B0
:10EE4000082105F03FFE0421284605F03BFEC520C1
:10EE5000CD28EBD00146C53907224A40A95C215490
:10EE6000401CF5E7F8B50F4DEC6800260E4FF0B2E8
:10EE70003978C91D81420BD91C21414360180022F9
:10EE800082706252001D761C182108F079F9EEE7B5
:10EE900000246C606C80204608F05EF82C70AC603A
:10EEA000F8BDC04600680020FA69002010B504468D
:10EEB000FF200630235C5B0708D420184079400609
:10EEC00004D42046114608F077FC10BD204608F017
:10EED00013FC11212046E8F74DFA002800D010BDA0
:10EEE0000348007801218903F3F7FEFD10BDC046F9
:10EEF000DA690020F8B50B460446DF2045006219A8
:10EF0000C9204600A0190090DD204700E1191846ED
:10EF100005F042FBE15D042901D0074800E0054807
:10EF20000088A053009AD080A079625DFAF75CFC5B
:10EF3000F8BDC0461A690020CC690020B0B50C4667
:10EF400000280BD0FF2813D1256A08F01DFD0B49BE
:10EF50004118284604F0A4F9002809D108F014FD4E
:10EF600037210901401820620548006808F0F2FEC8
:10EF70000120112106F046FCB0BDC046A86100008A
:10EF8000AC69002010B503685C69944201D9612422
:10EF900012E040680C4A1268D20504D0986800223A
:10EFA000F9F794FB05E04004C00F421E9868F1F7A2
:10EFB0008BFE012805D00B24FEF7BEFF0460002065
:10EFC000C443204610BDC04604ED00E070B51546B0
:10EFD0000C4606460D48006880473168A14207D0BC
:10EFE000002D09D021460C3909680C3D296003E049
:10EFF00021460C39096831600C3C00212160FF2159
:10F00000A17203490968884770BDC046AC780020EA
:10F01000B078002070B505468068012805D1E86801
:10F0200003F086FB0124444011E00A48416A491C70
:10F030004162E8680024214622462346F1F7B2FAED
:10F0400006466C60F0F78CFE002E00D1024C204684
:10F0500070BDC04604710020D1070000F8B51D4600
:10F060001646009107460E4C2078082102F0E6FE75
:10F07000002803D02078082102F076FB082004F055
:10F08000B1FD00280AD00146D02008704F7006203C
:10F0900088708E808D71009805F0EAFAF8BDC04640
:10F0A000E9690020B0B504460F4D2868002816D045
:10F0B000406E002806D1142008F06EFC29684866CE
:10F0C00000280FD01022214606F0A2FF2868406ECB
:10F0D0000024E1430161204601F014FE00E0072412
:10F0E0002046B0BD0824FBE7887800201FB5FAF75A
:10F0F0002BFD0B4C606B00280FD00A4802900A4889
:10F100000190052000900948094964220023FEF778
:10F110000DFBA063411E884100E0002004B010BD3B
:10F12000047100209C6000204857002021C8000086
:10F1300024B70200B0B50C4605460C480C490161E5
:10F14000002141678167C1670A4A11600168C907E8
:10F15000FCD1204606F0D4FC204602F091FB012DA4
:10F1600002D1204602F08CFBB0BDC0461C000C4012
:10F17000280000019C000C40F8B50446800718D018
:10F180001F200D468543014000910027AF4209D260
:10F19000E619304607F0D4FB1036304607F0D0FBB6
:10F1A0002037F3E70098002802D0E01907F0C8FBE9
:10F1B000F8BD09092046F6F77BF9F8BDB0B5002483
:10F1C000022918D889000D4A55582968002913D1F9
:10F1D000C0000C3008F0E0FB2860002821460BD06E
:10F1E00001460C3101710A0EC2710A0C8271090AC2
:10F1F0004171014600E021460846B0BDFCB5020061
:10F20000B0B50E4930220A7078224A708A1C401D1F
:10F2100006210B4B0C060DD0047824091C5D1470DC
:10F2200004780F2525405C5D951C5470491E401ED6
:10F230002A46EFE7002010700048B0BD906800201B
:10F24000ECB40200B0B505460D4807F0FFFF0820FA
:10F2500008F082F9002810D0002405604460094AB3
:10F260001168002904D00A4649680029FBD1121D03
:10F2700010600348FFF7CEFE00E001242046B0BD39
:10F280006865002080790020F0B513460A460B4DD2
:10F290000B4E0C4F0C4C002145608660C76004612A
:10F2A000044C4461044C8461C1610162027041629A
:10F2B0008362F0BD94AF0200B8AF020000B002005C
:10F2C000DCAF02004CAF020070AF020070B50F4A15
:10F2D000131D1B68002B16D09D686C898442F8D8DA
:10F2E0009A8816198642F4D90A35561C2A461032D5
:10F2F000761EEED02D8885421546F8D11A3A00299F
:10F3000002D00C8000E00022104670BD247900205D
:10F3100080B501460E4A13781220012B12D1527883
:10F32000002A0FD1084608F004F800280BD0017A13
:10F3300000290AD0006F0021017008F019F9002897
:10F3400000D01E2080BD342080BD112080BDC0466D
:10F350000C79002010B50949087009480024047090
:10F36000084804700848047008480470FEF7D0FB91
:10F37000074804700748047010BDC046EF690020BC
:10F38000F0690020EC690020ED690020EE690020A2
:10F39000417A0020F1690020B0B50C46002918D54B
:10F3A0000D480078F9F766F800280FD00546007878
:10F3B000012804D0032806D128460C3000E0281D7F
:10F3C0000068F5F70BF9284605F03CFD0120C00761
:10F3D00084432046B0BDC046EF690020F8B504461E
:10F3E00023200840694608700B480C4D0D26012764
:10F3F000056044608660C160076143618261C361EA
:10F40000991804230262416283622C210022425433
:10F41000F9F70EFAF8BDC046AC6400206878002009
:10F42000FEB50C460646C11C02AD032728463A46E7
:10F4300006F0EEFD01A831463A4606F0E9FD0298D5
:10F44000074908400290019808400190204629464B
:10F4500000F0FEFC0199411A48424841FEBDC046F9
:10F46000FFFFFF00BCB50E4D2846FFF7EBFE04463C
:10F47000002813D10C352846FFF7E4FE0446002887
:10F480000CD1084801AC214600F0E2FB2478002CA6
:10F4900004D104480021012203F090F92046BCBDAC
:10F4A00058770020046A0020B0B50D4604460028B5
:10F4B00004D10B480B49C42200BF00BF002D04D16A
:10F4C00009480849C52200BF00BF25602868606060
:10F4D000002801D0808900E000202081B0BDC04616
:10F4E000E7B302007FA7020080B40200B0B5024675
:10F4F0000020002A1BD0137A012B01D1D38903E00D
:10F50000012313720023D3605C185589AC420DD9D6
:10F51000002B0CD0022313721268002A07D05389E3
:10F520008B4204D3012010720020D0601046B0BD81
:10F5300000224B1F182B14D87B441B795B009F447F
:10F540000C170C0E0C0E0C0E0C0D0C0E0C0C0E0EE3
:10F550000E15150E0E0E0C0E0C00001D0268104646
:10F5600070475229F9D0D229F7D0F8E70830F5E7EB
:10F570000C30F3E710B5022A11D3034608784A7815
:10F5800012021018188082B20020022A09D0012A23
:10F5900011D18A78C97809028918598010BD0120D3
:10F5A00010BD8A78CC782402A2185A800A79497949
:10F5B00009028918998010BD70B501460C4A0D48A2
:10F5C00003780D4800685B1C5B1E0ED04588914295
:10F5D00004D1941CA6B2B54201D005E02C463830C7
:10F5E000A4B28C42F0D1383870BD002070BDC04646
:10F5F000FDFF0000F66900208C690020B0B501799C
:10F600001F220A400271002211461346052A0BD020
:10F61000845C002C00D05B1CDDB2012D0CD8002CCA
:10F6200000D02146521CF1E7180607D0481E0840BA
:10F63000C0B2411E8841B0BD0120B0BD0020B0BDA8
:10F6400010B50F48007807F074FE00280DD004466E
:10F65000406E002809D0E17A007E002906D080069D
:10F6600003D50749022006F0A3F810BDC00603D554
:10F670000349002006F09CF80120E07210BDC0464E
:10F68000E0690020F8B500281DD01446002A1AD0E1
:10F690000E460546FF20E8302F18A9204000291803
:10F6A00020784006C20F5320800028180A70A11C41
:10F6B000062206F0ADFC3E7024350E3404222846A6
:10F6C000214606F0A5FCF8BD10B55C1EA3419C00C8
:10F6D000042804D002280BD190080B210FE00A481F
:10F6E000022900D0A2308018022904D0102103E0A2
:10F6F000D0080A2103E04021FCF79EFE02210C43C2
:10F70000001B80B210BDC046B0FDFFFFB0B588B091
:10F710004121079103A901220A70049007A80590CE
:10F720000024069468460470074A01920291F8F793
:10F7300059FB064D2860002803D0002005F0BAFFD1
:10F740002C6860B208B0B0BD5878002094690020E1
:10F7500070B514460D46064606F062F8002801D042
:10F76000446070BD142008F017F900280DD006730E
:10F77000002132C04160064A11680C38002902D0CD
:10F780000A460968FAE7106070BD002070BDC046E7
:10F79000C8690020F8B514460D4606460B480068B7
:10F7A000002801D1FCF7C2F80948006880470746E5
:10F7B000304629462246FFF7CBFF444244410548E4
:10F7C000016838468847E000F8BDC046C869002097
:10F7D000AC780020B0780020B0B50E4A114612680F
:10F7E0008242FBD34C680D194368854202D11B1934
:10F7F0004B600846C418944207D1074CE46BA24200
:10F8000003D05468E318436012680260814200D05C
:10F810000860B0BDBC68002004710020F8B5054642
:10F820000D4E7469B06E84420BD20C4F386A016879
:10F83000002908D0C06800680021C94300F028FDF5
:10F84000F4E7002003E0796A3962786201202860D9
:10F85000B4662046F8BDC046047100202C7000201C
:10F86000B0B50446002900D10D490868A060002504
:10F87000E5606560496821600221C943084201D002
:10F88000042000E0012006F002FD002801D0E06025
:10F8900003E0204607F0FCF90C252846B0BDC04621
:10F8A0008CB60200F8B50F4FFF26350204F010FCAD
:10F8B00004463F68002F0CD036B20C20385E8642DA
:10F8C00000DB06462DB20E20385E8542F1DC05468F
:10F8D000EFE730B229B201F051FA204605F0CAFD37
:10F8E000F8BDC046AC68002070B504460E4E3068C6
:10F8F000417807250C2915D1C06D002806D11C20A0
:10F9000008F04AF83168C86500280BD0102221465B
:10F9100006F07EFB04F0CAF93168CA6D90760D20BE
:10F9200048700025284670BD8878002080B5017A8F
:10F930000F2908D80C490968896E3322895C01298E
:10F9400001D1062080BDE9F76DFD182808D00028F8
:10F9500008D1064800780421F3F7C6F8002080BDDE
:10F96000032080BD082080BD887800200B6A00201D
:10F9700010B5002803D0011F0A68002A00D410BD6A
:10F9800008380368002BFAD10123DB079A430A6089
:10F99000074C626A521C62620968226C5118216429
:10F9A000FFF71AFFE06C401CE064F0F7D9F910BDD6
:10F9B00004710020F8B515460E4604460746443744
:10F9C00006F092FB4420205CFF2801D10020387013
:10F9D0007878FF2801D10020787006F09FFEA06B98
:10F9E000002805D12046243031462A4601F0E4F9AA
:10F9F0002046F8F7CBFFF8BD80B506F069F880BD6A
:10FA0000EFF309800E4B1A6820381060F0C04446AE
:10FA10004D4656465F46F0C008B572B6F7F790FC03
:10FA200062B60CBC116808681030F0C8A046A94640
:10FA3000B246BB4680F309882038F0C81847C04654
:10FA4000E879002070B5062B1BD31D461446049E92
:10FA5000107851780902081830809078D17809021E
:10FA60000818708002223271701D211D06F0D0FA34
:10FA7000A91F88B23181002800D0A01DF0600020AD
:10FA800070BD042070BDB0B504460020062C18D30C
:10FA90001925ED01AC4214D8062912D3A94210D879
:10FAA000A1420ED394087C2C0BD80A2B09D3AB426D
:10FAB00007D8D800521C92B24A435100814201D368
:10FAC0000020B0BD0120B0BDF0B591B06C46412121
:10FAD000204607F055FB2046FFF718FE0646651C3A
:10FAE00020272846394604F0EDFF213420463946C8
:10FAF00004F0E8FF002E00D01F263046294622469B
:10FB0000FAF796FD002011B0F0BDF8B51C46154679
:10FB10000E4607460B2007F0EEFB002815D068467E
:10FB20000C210822FFF7A2F800280ED00699009AAF
:10FB300017705670330A9370D5701471230A53717D
:10FB40009171090AD171FDF799FBF8BDB0B5054671
:10FB50000078A02810D0942809D00024922814D12D
:10FB600068783E2811D1284600F0ECFC02E02846D7
:10FB7000EAF7D2FD044608E02846F1F77FFFA868BF
:10FB80000124002801D0F4F729FD2046B0BDFEB5C0
:10FB900000AC0EC4014600252846AEB2CF6FB74276
:10FBA00015D9B600019A97593C0C029A93591A0C30
:10FBB0009BB2BFB23818C318180C12191218100CC7
:10FBC00012049BB2D218009B9A516D1CE5E7FEBD52
:10FBD00070B504461E20002C19D02178002916D0BB
:10FBE00000252E468E4210D220796179090208182C
:10FBF000A1790904E279120651180818401904F095
:10FC000091FE761C21780835ECE70020607070BD0D
:10FC10007CB514460A4605460020019001A910460D
:10FC200004F0C0FE012812D10C2007F095FC00283A
:10FC30000DD006460580019870603472032031466D
:10FC400003F014FD002802D0304607F079FC7CBD9B
:10FC500010B586B00C46002812D001A907220A80F0
:10FC60000A4A13460F3302931E230B811346343383
:10FC700004931832059203F00DFD002C03D103E02C
:10FC8000002C01D00120207006B010BD5073002060
:10FC9000F8B50446002901D00D4600E00B4D287848
:10FCA000002601280FD0276804F012FA39780029BD
:10FCB00002D005F0DFFB06E00121397005F0DAFB28
:10FCC0002878787026463046F8BDC04640B5020018
:10FCD000B0B5054602200E2D14D80C460A498C42B8
:10FCE00010D00E2D07D0022D08D13C20604380B2E9
:10FCF00005F0A4FB02E0E0B205F03EFB680003491A
:10FD00000C520020B0BDC046FFFF0000B4760020BA
:10FD10001CB504460D4801A9224602F03BFF00280D
:10FD200005D12078B02802D16078002800D01CBD11
:10FD300020791B2804D01228F9D1607C0128F6D143
:10FD40006088012104F0FAF91CBDC04611FD0100D4
:10FD50001CB50820014606F08BFE0C4CA061002863
:10FD600012D00021CA436946FEF728F8002809D1BD
:10FD700001980099002804D08847019805F0C8FF31
:10FD800000E08847A069ECE71CBDC046F46600208F
:10FD900070B504460B4800680B490E1D80470025CE
:10FDA0003668002E09D0012C02D0002CF8D102E0D8
:10FDB000317A0129F4D16D1CF2E7044909688847BA
:10FDC000E8B270BDAC780020E8770020B078002061
:10FDD00010B5F4F7A3FC0324002812D1F2F74AFC73
:10FDE00000280ED10848017A427A12025118827A0C
:10FDF0001204C07A00068018401800780349087081
:10FE00000024204610BDC04634B20200F76900202D
:10FE1000F8B516460D4607460C2003F0E3FE002811
:10FE200010D00446084820808220A070A780A671C8
:10FE3000E01D0522294606F0EBF80448007821462B
:10FE400004F016FCF8BDC046913E0000EC690020AD
:10FE500010B588B000220792069205920492039290
:10FE60000292019200928B7804AA53734B78937399
:10FE70000978D1736C4611462246FDF727FA607B5C
:10FE80000004A17B09020818E17B401808B010BDEE
:10FE900070B50446481D85B22046294606F000FE8E
:10FEA000FD2207F0D9FC0C20604308490E18707E33
:10FEB00000280AD0193602252046294606F0F0FD12
:10FEC000FC2207F0C9FC0020307070BDC461002026
:10FED000F8B515460E4601460320C0438F689919B0
:10FEE0007A68914211D81C4608498A68C11C10469C
:10FEF00000F028FD386881192846224607F02CFDBD
:10FF00000248806804F03AFA0020F8BDA07800208A
:10FF100010B502280AD001280DD10B4806F024F8AC
:10FF200004460A4806F020F8844205D2054800211C
:10FF3000012202F043FC10BD02480021012203F01F
:10FF4000BDFB10BD046A002041680200117202006E
:10FF500070B505464879401E8B260F2813D30C46F2
:10FF60000A48006888420ED007F0E0F8A0420AD0A4
:10FF7000261DE5602846214602F0F0FF022801D147
:10FF800007F07BFA7678F0B270BDC0469465002029
:10FF9000002817D00C4A53698B4201D1002104E09C
:10FFA0000A498969591A416001214170118A817099
:10FFB0001188018151884181D188817311898181A2
:10FFC0005189C1737047C0467C2009400061002000
:10FFD000B0B504F07DF80C49CA68930853405A0044
:10FFE0008C68CC604C688C600C684C602501554076
:10FFF0005D4065400D600A69044BD2180A61AC1877
:020000022000DC
:1000000005F038FA2046B0BD3C670020C5870500E2
:1000100010B50B4C20700B490A78FC2313400B7071
:1000200006F0F4FF2078062104F09AF8064804F060
:100030006BFA0648FF2141700021017010BDC046D7
:100040000B6A0020BA6F0020FD3C0200EC63002028
:100050001CB50A0017D000230124E407A04200D2F7
:100060000400944201D95200FBE790425B41904268
:1000700000D3801A914201D25208F6E7190002001B
:10008000080011001CBD0100002007F06AFE1CBD25
:10009000F8B500260D4D37466C7DA7420AD2A86AF6
:1000A0008019FF21062205F062F800280BD17F1C81
:1000B0000836F1E72878002806D0286A0478204618
:1000C000EDF7BAF900E03C46E0B2F8BDD871002087
:1000D000B0B586B004466B46012018800A485880A7
:1000E0000220187159712A209871084D2A782046EB
:1000F000194600F0A1FA162803D12978204602F00B
:10010000A1FD06B0B0BDC046FFFF00009F68002003
:1001100010B50E490B461C33002422461C68002CE7
:1001200012D0238983422346F7D12068002A01D0C8
:10013000114600E01C3108606068002801D007F01B
:1001400033FC204607F030FC10BDC046D8710020BB
:1001500070B50C4605460846FFF72EFA002814D065
:10016000062003F03FFD00280FD00646002106229E
:1001700006F078FBD020307075700E20B070B4801F
:1001800002480078314604F073FA70BDA273002073
:10019000B0B50E48007807F0CCF8054607F0D5FC5E
:1001A0000C2401280FD007F0CEFC01280BD0002D25
:1001B00008D0686E002805D0297A012902D1807CF8
:1001C000002800D100242046B0BDC046E0690020D0
:1001D000F8B50C4606460C480068804705462046A0
:1001E00004F060F8002807D0074607F0A9FB304666
:1001F000394605F01DFEF2E7204606F077F9034880
:10020000016828468847F8BDAC780020B078002007
:10021000F0B50D494B780D490A68012B04D11178CE
:10022000814201D1FF210DE05C1E0025EEB2FF21CD
:10023000B44207DD975D6D1C8742F7D1701C984270
:1002400000D0115C0846F0BDEC6800205469002025
:10025000B0B505460A480078A8420ED90C460948B0
:100260000068804708490968AA008B58A3438B504F
:100270000649096888470020B0BD0320B0BDC046CC
:10028000A8B70200AC780020C4690020B078002034
:1002900070B50D4606460D48006AC068C468201D4A
:1002A00004F080FE2820205C410705D42146283137
:1002B000FA221040087004E0204631462A4603F036
:1002C000CDFC216A2046884770BDC0462C700020B6
:1002D000BFB50C4D286800280AD06C46204600F0B7
:1002E00017F828680178C088002903D0074B02E07E
:1002F000012004E0044B07212246FCF705FE04B070
:10030000B0BDC04688780020E76E0200D96E0200BA
:10031000B0B504460D480068002810D0816E002951
:100320000DD00D469835088895312080201D09781C
:1003300007F0C4FC287920722868E060B0BD002175
:100340001022204606F08EFAB0BDC0468878002004
:10035000B0B514460D46FFF72FF9002805D0817C73
:10036000082904D109498A6803E008210BE00749FC
:100370004A680521002A06D01368002B03D02946BD
:100380002246984701460846B0BDC04688780020FE
:1003900070B50B460121CC071C430C4B1D68AC61AA
:1003A00044681D68EC61A5681E6835621E681836D1
:1003B0006E601D681835A5601B68986203685B1C39
:1003C00003601046F6F77CFF70BDC046E879002058
:1003D000B0B50A7802704A7842700A88022A06D0BC
:1003E000012A11D1821C8B1C0421032407E08A7886
:1003F0008270CB78021DC3700B1D062105241D7869
:1004000015705A78025500E002210846B0BD70B55B
:100410000E46044606F044FC05466068A168A84202
:1004200003D1022901D12D2070BDE068012903D13B
:10043000314602F0E5FF02E03146EDF791F8012880
:1004400002D16560002070BD912070BD70B50E4670
:100450000446102003F0C6FB00280AD00546A02061
:100460002880281D002E06D00C22314605F0D0FD34
:1004700005E0012070BD00210C2206F0F3F92046B2
:10048000294604F0F5F8002070BD70B5FF22002861
:1004900018D0002916D0001D0022FF241346102A70
:1004A0000FD00588ED070DD08E5CDBB2B342154648
:1004B00000D32546B34200D83346521C08302C46A0
:1004C000EDE72246D0B270BD70B5C0B207F018F9A2
:1004D0000024002815D00546C089082811D34608F5
:1004E0001421FFF7B5FD04460A213046FFF7B0FDA1
:1004F000002900D0641CC3204000285AA04200D824
:100500000024A0B270BD10B55C1EA3419B00022860
:1005100005D0012809D1D01880002C3010BDD0188A
:10052000801C002905D0042204E0D018C0005030FF
:1005300010BD06229040D7225200002900D1A232DD
:10054000101810BDBCB5054601A801240470A87898
:1005500008280DD0052811D1A88806F07AF90428BA
:100560000DD101AC2846214607F03EF9247806E07B
:10057000A888A979F3F7ECFE044600E000242046A1
:10058000BCBD704770B514460E46014605682A6624
:10059000EA656A6640680278084803F0D3FC012ED9
:1005A00006D10021012328462246E7F751FF70BDFE
:1005B00028462146F3F73CFC70BDC04665AD0000FF
:1005C000F8B5828801AB1A80827B9A7200290AD022
:1005D000C18801AA5180018991804189D180808997
:1005E0001081012000E0002001A9C872024805F036
:1005F000BBFCC0B204B080BD7129010010B5044637
:1006000006F0D0FD0021102204F0B1FD012806D132
:1006100003201021224605F02DF9002800D010BD3E
:10062000FF211022204604F0A2FD0028F7D101206E
:100630002146FCF72BF810BD7CB514460D46064646
:100640005020114601F01CFE0090094801A93246D5
:100650002B4602F09FFA002801D0019805E0002205
:10066000304629462346F9F717FDC0B27CBDC04687
:100670003906020070B50023DC4355091F231340DF
:10068000EAB292008958D940802545592646AE40A5
:10069000B143ED18212D09D3006C80184068203D2E
:1006A000AC40A0432022D21A90404118C8B270BD7D
:1006B000B0B50B4D2C1D204606F04AFA082001214A
:1006C0008902E8602961074868600748214603F00D
:1006D00067FE2860002801D00020B0BD05F0C0FEF4
:1006E000F4660020EFB5020051FD010070B514461C
:1006F0000D4606460C2003F075FA00280DD0014681
:1007000007480880022008714E80CD808C60054823
:10071000007803F0ADFF002070BD132070BDC0460F
:1007200090FF0000F469002010B504463D2006F05B
:10073000E2FD002811D0172006F0E2FD00280CD0C1
:10074000062003F04FFA002807D00146034808802E
:100750004C800348007803F08BFF10BD90570000D9
:10076000EC690020B0B50C460546132006F0BEFD2E
:1007700000280FD0082003F035FA00280AD00146DF
:1007800005480880142088708D808C71034800789B
:1007900003F06EFFB0BDC046913E0000EC69002042
:1007A000F8B505460C4F3878002810D014460E4690
:1007B000062003F017FA00280CD00146902008709C
:1007C0004D704E808C80387803F052FFF8BD28467B
:1007D000FDF778F9F8BDC046ED690020F8B50C4684
:1007E00005460C4F38780026C1B2F2B28A420ED8C4
:1007F0001E215143625CFF2A07D061180D31284643
:10080000FEF70EFE002803D13878761CECE7FF26B1
:10081000F0B2F8BD056A002000280CD00C4B1B7804
:10082000012B0AD1012904D14079C021014040297E
:100830000CD0042002E0FF2070470020012A01D1E3
:1008400002210843022A00D1083070470120F5E751
:10085000F4680020B0B50A4D0120E86409490A4A4D
:100860000A6102F039FB03F033FC044628680004F7
:1008700002D4064803F09EF8204604F0FBFDB0BD0C
:1008800044100040F8740020793F0100020200008B
:1008900010B5094C207800280CD1084800210160CF
:1008A000416007480749084AF7F76CFD07F068F808
:1008B0000120207010BDC046467A0020FC68002050
:1008C000CD180100F9EE00007D88000010B5094C3C
:1008D0006078002803D1084804F024FA6078401CAE
:1008E000C1B26070814204D004480549054A00BF86
:1008F00000BF10BDFC68002075CC010068B102008B
:10090000FFA70200A2020000B0B50546232003F0B5
:1009100069F9002812D00446C2202070E87860707F
:100920000121A170002804D1E01C291D202205F01E
:100930006FFB03480078214603F09AFEB0BDC04625
:10094000BB6F002010B504460C480068C00505D0F8
:10095000002120460A46F7F7B9FE09E07D20C200D3
:1009600008461146FFF774FB01462046ECF7F8FDF8
:1009700001460020012900D0C04310BD04ED00E075
:1009800080B5042006F0E8FD014608480160002912
:1009900009D0074800F084FB0648074B19211022B4
:1009A000F6F70AFE80BD132080BDC04648690020CE
:1009B000FFFF0000106A0020BCB6020070B50546BB
:1009C00003F086FB04460A4E7561F068012D0AD1DA
:1009D000002808D03078002805D10648006DFDF7C2
:1009E00009F901203070204604F044FD70BDC04676
:1009F0002C70002004710020B0B503F069FB0446A0
:100A0000094D287800280BD1F8F73EFD07490C2046
:100A100004F06CFC06480168C907FCD0012028706E
:100A2000204604F027FDB0BD457A002099790100E9
:100A300034600040B0B50B4805680B4CA0682840F6
:100A400003D0E168002900D088472068284003D0FF
:100A50006168002900D088470448006806F064FDFA
:100A6000B0BDC0464C600040187800202CB6020093
:100A7000B0B505460A4800680A490C1D804724683D
:100A8000002C07D021460831A942F8D8A28889183D
:100A9000A942F4D30449096888472046B0BDC0463E
:100AA000AC7800203C790020B0780020020A534244
:100AB0005341FF2800D802460F2A01D8114600E012
:100AC0001109D8000F2A00D8001D032901D80A46B1
:100AD00000E08A08032900D8801C022A01D30021E3
:100AE00000E00121401870477FB50446FEF764FD21
:100AF000417901220A4002ADAA71811D06222846D1
:100B000005F086FAA9790023009301AE2846324603
:100B100006F06FF93078ECF78FFC05212046FCF7E2
:100B200013FF7FBDF8B51C4615460E4607460C2040
:100B300003F058F800280FD001460698D0220A701A
:100B40004F7018228A70CF708E80CD800C814881C2
:100B50000248007803F08CFDF8BDC046A273002067
:100B6000F8B51C4615460E4607460C2003F03AF829
:100B700000280FD001460698D0220A704F70072235
:100B80008A70CF708E80CD800C81488102480078B9
:100B900003F06EFDF8BDC046A2730020F8B5069EB6
:100BA000FF2E16D017460C46054600930346083321
:100BB00008481E22294606F073F96E72AF7000983D
:100BC0006860002C05D00C3518222846214605F017
:100BD0001FFAF8BDDF0E0200F8B5002813D0044656
:100BE0000948017800270A4D3E468E420BD207483D
:100BF0000068C0194288AA4202D0A0470248017882
:100C0000761C3837F1E7F8BDF66900208C690020C2
:100C1000FFFF000070B501460B480078C21D0B486D
:100C2000C36800200446E6B2B2420BD91C257543C6
:100C30005E5B8E4203D15D19AD78012D01D0641C3D
:100C4000F1E7012070BDC046FA690020006800206D
:100C500070B501460B480078C21D0B48C3680020E0
:100C60000446E6B2B2420BD91C2575435E5B8E4248
:100C700003D15E19B678012E01D0641CF1E7581932
:100C800070BDC046FA6900200068002070B50446B7
:100C9000000515D50B4E3088FF280CD0C0B206F0E9
:100CA0002FFD002807D005468079162100F0A0FA14
:100CB0002846EBF7CBF9FF2030800120C0028443A7
:100CC000204670BD147A0020F8B515460E4607463A
:100CD0000A48006880470446384631462A46FEF7EF
:100CE00037FD002802D00561002500E008250448F2
:100CF0000168204688472846F8BDC046AC780020E9
:100D0000B0780020F0B585B004460C480068002893
:100D100012D00178C288C37807465837E0CF406EBA
:100D200000950196029703902046EDF757FCF8F7DF
:100D30003BFB204602F0CEFF05B0F0BD88780020D6
:100D4000B0B504460C4D286841780E2912D1006ECA
:100D5000002806D1172006F01FFE29680866002823
:100D600004D01022214605F053F929680F2048705D
:100D70000020B0BD0720B0BD8878002070B50C46BB
:100D80000B4D00210B4E715E814205DD04F08EFD9E
:100D900028680421014329600220305EA04206DA5F
:100DA000204604F075FD286808210143296070BDC4
:100DB000486000407A79002070B543680C4C256883
:100DC000EB619D6826683562266818366E60256876
:100DD00018359D602368986203685B1C0360002AD5
:100DE00001D00020C14308461146F6F769FA70BDEC
:100DF000E879002070B50A480A4C84420CD00A4DAC
:100E00000A4EB54208D02A686968501C12789200D0
:100E1000A25890470835F4E700BF00BF70BDC04638
:100E20006CBC020060BC020094BC0200C4BC0200A6
:100E3000B0B50A4603460720C4434868810702D17B
:100E400091688D0701D02046B0BDD268E41D002A0C
:100E5000F9D00F251540F6D11B7E042B03D005F0E9
:100E600055FA0028EFD00024EDE710B5062B03D08B
:100E7000142B15D1102300E002230298037111787E
:100E800054782402611801809178D4782402611882
:100E90004180401D111D1A4605F0BAF8002010BD12
:100EA000042010BDFCB4020C0B0CFF242402FF3400
:100EB000204021400C00444315005D4306005E4382
:100EC0000F005743320C3B0CA818C01832043B04E7
:100ED0000025A1186841C9186841FCBC7047BCB521
:100EE000002818D00446007AFF2814D0607A2188A0
:100EF000A378002500951722FBF718FDA078182885
:100F000004D101A90D70208804F05AFEFE20207241
:100F10002046F6F738FEBCBDB0B504460068024670
:100F20004932002900D109494B78492543554B687E
:100F30000364012353700B788A681946F9F74CFA59
:100F4000002800D000242046B0BDC04610B50200E5
:100F5000B0B50D460446102105F0FFF806CC002080
:100F6000083C491942410346434106C4083C012B51
:100F700005D1A168E268491C4241A160E2601021EC
:100F8000204605F0EAF8B0BD7CB504468E08084D51
:100F90000849284605F0A4FE00960121064B284684
:100FA0002246F7F71BFB0548102101607CBDC046B7
:100FB00040040020008000EA24000C402860024029
:100FC0007CB504468E08084D0849284605F088FE81
:100FD00000960121064A28462346F7F7FFFA0548FE
:100FE000202101607CBDC04650040020008000AE7E
:100FF00028000C4028600240BCB50C4605468878A5
:10100000411E0220012910D8218800290DD06268D4
:10101000002A0AD00221104602F06EFF0090034918
:1010200005222846234600F033FABCBD615B02006E
:10103000B0B50446006803222146FDF793FA206804
:101040000125A905884206D160688069002805D07D
:1010500006F076FA2068E907884204D06068002824
:1010600001D006F06DFAB0BD10B5002809D10229F3
:1010700007D309491031094C0020224601F092FEA5
:1010800004E0C80701D0034C00E0014C204610BD2D
:101090000C69002014690020D86600200469002033
:1010A00010B50B4CA04207D003F00AFA002802D07A
:1010B00004800021817010BD0020064A13789842F8
:1010C000F9D20C8000238B70401C091DF6E7C04646
:1010D000FFFF0000F6690020B0B50B48046804610A
:1010E0000A4D002C0FD02046FAF76CFF1F2141401B
:1010F00001208840844368688A008258002AF0D022
:10110000C8B29047EDE7B0BD5430024050B5020080
:10111000F8B506F02FF8044600250A4E05F0AAF9A6
:10112000FF27062D0AD03188002907D07168096889
:10113000A14202D06D1C1036F2E72F4605F038FBB5
:10114000F8B2F8BD64610020F8B50D467D21CA00F3
:1011500000242146234603F035F906460F4606F0E3
:1011600088FC024630463946234605F023FAC20F72
:101170000A4302D00220C44300E028602046F8BDA4
:1011800070B508CAC46F641CA34200D323460C4642
:101190001D46002D03D040CA40C46D1EF9E79A00D9
:1011A00089181A46C46F641CA24203D2002410C1DD
:1011B000521CF7E7184670BD0F2806D00E280BD139
:1011C000094801680122D20603E0074801680122AC
:1011D00052060A430260704710381F2803D80121C5
:1011E000814002480160704704ED00E080E200E0C9
:1011F000B0B50C460546082002F0F4FC00280AD0E1
:10120000014607480880002088708D808C71054851
:10121000007803F02DFA2846214606F0AEFCB0BD5A
:1012200091050000EC6900200B480178002011298D
:1012300011D10A49096800290DD00A7A012AF9D189
:101240004A6E5278D206F5D542228A5C02231343B5
:10125000032BEFD101207047F9690020EC770020C3
:10126000B0B504460B4D0621204604F0ADFF2068C2
:10127000411C05D0002808D1A0880028F3D002E046
:10128000A088A842EFD0000A00E06079C0210143A5
:101290006171B0BDFFFF0000B0B514460A460146BB
:1012A0001220012C0FD801290DD8002A0BD0074D90
:1012B0002868F5F777FCFF2806D029681E224243EC
:1012C000881844770020B0BD0220B0BDB46900206A
:1012D000B0B5044605880846114604F055FD094995
:1012E00069180A290CD8C0467944097949008F4405
:1012F00005050505070707070505050031342070BA
:10130000B0BDC046FFEFFFFF10B5014601200B4AFC
:1013100054680B689C4202D0002B00D010BD94682A
:101320004B689C4201D0002BF8D1D2688868824279
:1013300002D0411E884110BD002010BDF47600206F
:1013400010B5C1B200247F290ED008488068F3F799
:1013500081FA010C064A914201D1012404E0054AB8
:101360009082D182FCF7DEFC204610BD8068002010
:10137000FFFF0000F4760020F8B50E4607460B4943
:101380004868002807D014461D46804707492B4669
:101390002246002808D08868F9028919042400949C
:1013A00005F0EDFCC00FF8BD0B20F8BDA4730020C4
:1013B00003220A40022A04D0012A07D1B0210422C4
:1013C0000FE00422114004D0062203E0052291011F
:1013D00007E00822002902D0E721C90001E02D2101
:1013E000890190404018704710B5094C607800287A
:1013F00005D108480849094A00BF00BF6078401E6F
:101400006070000600D010BD04F096FD10BDC0460F
:10141000FC68002068B10200FFA70200AB020000D8
:1014200070B50A4D2A6D002482420DD203208243FA
:101430002A6507480668B11A0648801801F0A4FD1D
:10144000002800D070BD2E65204670BD485B00208E
:101450007CB702000866002009480068C0034115F7
:1014600008484843062906DC08494018C117890A7C
:101470004018801502E004494018800D00B2704702
:10148000306000401CB210007785B4FF778574FF90
:10149000F8B51E4615460446069800902046EEF71D
:1014A00025FF074600280AD106480268002A06D010
:1014B000012D01D13078451CE9B2204690473846CD
:1014C000F8BDC046A8790020B0B50446002901D077
:1014D00000250BE009491046FEF7BAFD08462146F3
:1014E000FCF70CFA002806D005460121204603F03F
:1014F00098FD2846B0BD0025FBE7C04640420F00DE
:1015000070B503F055FF00240A4D2646687D8642DB
:101510000FD2A86A0019FF21062203F028FE002836
:1015200004D1A86A0119887903F09CFA761C083462
:10153000ECE770BDD8710020F8B5009316460C4654
:101540000546102002F04EFB002810D00746D020A0
:1015500038800920B870FC70381D0622314604F02E
:1015600057FD0098F8602846394603F081F8F8BD29
:10157000B0B5002813D004464088012102F0E8FFEE
:10158000E06A002801D006F00FFA00253822204634
:10159000294605F067F903486080257100E00225BF
:1015A0002846B0BDFFFF000070B50C4605460A4E48
:1015B0003068002808D1094801780620484306F021
:1015C000EBF93060002805D006225543401921462A
:1015D00004F01EFD70BDC0464C690020F669002075
:1015E00010B506F08DF80021002810D0712292006D
:1015F000835CDB070BD08418064907220A7005219B
:1016000002F0DCFA2078FE21014021700121084619
:1016100010BDC046F9690020B0B50146C0680A682F
:101620000A4B1C68A04200D1196003680B608B88CC
:101630008C6885888D80838083688B60846002607D
:10164000C268CA600021C160B0BDC046AC6900205C
:101650000B4800780B49496800280CD0752292008D
:101660008A180B79012B02D11378032B05D018327D
:10167000401E1146F0E70020704708680088704758
:10168000FA690020EC680020B0B50C460546002041
:1016900028720A480078002802D0281DF3F744FB7E
:1016A0002846FBF77BFF432C01D03C2C04D1FF22C2
:1016B00028462146F9F71AF9B0BDC046FD69002059
:1016C00010B5002804D004460720C043844205D347
:1016D000FCF732FC16210160002010BD08342046C2
:1016E000F0F788F8002803D000604460083010BD8F
:1016F000FCF722FC0C21EEE7B0B50546084800686F
:10170000804704460748C068A84203D106480068DD
:1017100005F020FB0548016820468847B0BDC0465B
:10172000AC780020F8770020A4690020B078002071
:101730000024204606F01BFB0848C268084B08330B
:1017400008490120F6F73EFC002801D004F088FE8D
:10175000E9F77CF9E043FCF7DDFFF9E7F8770020D3
:10176000D8770020F916020070B50D4606460A48E3
:101770000068804704463046294604F051F80028A6
:1017800002D00025856000E0062504480168204657
:101790008847284670BDC046AC780020B07800204D
:1017A00010B541600061914206D90A4C20349A423A
:1017B00008D2994206D30BE0D11A8269914207D22E
:1017C000044C2434011D206801F082F8002010BD73
:1017D000012010BD2C70002010B50C4C2068002892
:1017E00012D00078002801D0A06800E060680028CE
:1017F00003D04068002800D0804720684078122835
:1018000002D10020FFF77EFA10BDC0468878002084
:1018100010B50C4C2068002813D0806F002801D030
:1018200006F0C2F8402006F0B7F821688867486FD4
:10183000002801D006F0B8F8902006F0ADF8216835
:10184000486710BD8878002010B50B480168FF225A
:1018500013040B430360016812060A43026002F09E
:101860009DFA06480024046000F052FBF5F768FD7D
:1018700005F001F8204610BD20ED00E0FC790020C5
:1018800070B500228156002A09D0102A0CD0841885
:10189000835CDD09641E26787519257000E00378E5
:1018A0005B008354521CEEE7C90987220A40C17BC2
:1018B0005140C17370BDF8B50424002914D01546F9
:1018C000064607785780022F0ED3481E009080B23C
:1018D000B9B2FEF7BDFB47430099C91B090403D108
:1018E0002880701C686000242046F8BD7CB5154631
:1018F0000C4606467D20C1001846FEF7A9FB009065
:101900000122304621462B46F0F774FF2040002D7F
:1019100001D1014600E00021A04200D10146084665
:101920007CBDF0B500280FD008C8102B00D31023C1
:101930001C46002C0DD060C855400F46083760C1CA
:10194000641E00303946F4E7002302E00A600831E3
:101950005B1C102BFAD3F0BD80B50146F93905297F
:1019600013D888207944097949008F440F0206086A
:10197000040C872080BD822080BD892080BD03208B
:10198000F6F710FC80BD8A2080BD802080BD7CB52C
:1019900005460020002D06D01C46002B03D0002950
:1019A00002D1002A00D07CBD002901D0002AFAD043
:1019B000069B4620012626540094284602F070FF1C
:1019C00020467CBDBCB505460879022807D10C46E7
:1019D000C868002805D0072102F08EFA02E0022034
:1019E000BCBD002000900349062228462346EEF79E
:1019F0007DFCBCBD1D360200B0B506240A49204658
:101A000005F06FFC0021204604F020FD012528464A
:101A100005F0F5F92046294604F018FD23200001C1
:101A200005F0EDF9B0BDC04601040020F8B5084846
:101A3000806A019007480290074800900748039089
:101A400068460121F9F7EEFCFEF732FE8FBDC04675
:101A500054AE0200DC050000E55802005C7900206D
:101A600070B5044600250A4E04F004FD062D07D08B
:101A70003188002904D0A14206D06D1C1036F5E74C
:101A800004F096FEFF2501E004F092FEE8B270BD7E
:101A90006461002070B504462F20C64304F0EAFCC0
:101AA0000849324600250C3208D08B191B6B002BDD
:101AB00004D0A3421646F5D18D18243504F078FEE3
:101AC000284670BDC0650020082A15D10A784B78D9
:101AD0001B029A1802808A78CB781B029A184280DF
:101AE0000A794B791B029A1882808A79C97909028E
:101AF0008918C1800020704701207047F8B514464E
:101B00000D4606460827384602F06CF800280AD031
:101B10000146054808808F708E808D71CC71034816
:101B2000007802F0A5FDF8BD923E0000EE690020AD
:101B300070B50C4605460826304602F053F80028DA
:101B40000BD00146054808808E708D808C71012075
:101B5000C8710348007802F08BFD70BD923E000012
:101B6000EE69002010B50124FF2810D0094909684A
:101B70001E2213464343CB185B7F002B07D1424301
:101B800088180D3004F015FB002800D100242046F1
:101B900010BDC046B469002003290BD0022905D02E
:101BA00001290FD1504308300009704750431030CD
:101BB000400970475043044941430120C0040818BC
:101BC000000D70470020704755550000B0B50C4619
:101BD00005460021224604F0FBF80748007800285B
:101BE00000D0B0BD7C2C01D10448C5700C206843E6
:101BF000024908188475B0BDA4730020C461002098
:101C0000F8B505460A4807680024002F0DD0B868CB
:101C1000284207D0FB683A69002628463146984793
:101C2000002801D13F68F0E7F4432046F8BDC046E4
:101C3000B468002010B5044602F04AFA08490A5D6B
:101C4000521E0A55095D002905D10121A140054A0E
:101C5000D3688B43D36003F00DFC002010BDC04659
:101C600028690020F8740020B0B50D4604460846E7
:101C700011380749884204D306480749722200BF39
:101C800000BF103D658100202072E060B0BDC046FD
:101C9000FFFF0000A8B202007FA702001FB50222CA
:101CA000D243002911D00B78042B0ED18B6801246C
:101CB0006404A34209D84968DA0000230093019321
:101CC00002930123EAF718FB0246104604B010BD48
:101CD00010B504280FD111242046FAF747F9074818
:101CE000FF21816201218164054A1268426001601E
:101CF0002046FAF70FF9002010BDC04604600240EC
:101D000088B702000A498A6D0020002A00D0704777
:101D1000084A936A002BFAD1D36A002BF7D1486C9A
:101D2000D168491E884201D00120704702207047C7
:101D30002C70002004710020B0B514460D4604F04C
:101D400088FD042801D1084800E006480168012008
:101D5000002905D00A68002A02D02846214690476B
:101D6000B0BDC046E0790020E4790020B0B504465B
:101D7000C568002D0CD0E868002801D0F2F72EFCD1
:101D80006869002801D0F2F729FC284605F00CFE0E
:101D900000211022204604F065FDFF206072B0BDD6
:101DA00010B5001F0C2343430948C31858898842C3
:101DB0000CD15868002809D0FF2A02D0017891423E
:101DC00004D11C1DF2F70AFC0020206010BDC046A3
:101DD000DC640020B0B50146094802680948037870
:101DE000002004469C420AD2002A04D015688D4285
:101DF00004D0D26800E00022641CF3E71046B0BDB6
:101E0000AC690020FD69002070B5014609480078E2
:101E1000C21D0948C36800200446E6B2B24207D991
:101E20001C2575435E5B641C8E42F6D15819807880
:101E300070BDC046FA6900200068002070B50D46EC
:101E4000064609480068804704463046294603F0A4
:101E5000E7FC002801D0456800E000250348016840
:101E600020468847284670BDAC780020B078002016
:101E7000B0B50C46054609480068804721460C3934
:101E800000220A602968002902D00D460C3DF9E7BE
:101E90002C60034909688847B0BDC046AC78002073
:101EA000B078002009498A6909480068C36A00209F
:101EB000002B00D07047074B1B68012BFAD8002A73
:101EC000F8D1086A4969401A7047C0460471002079
:101ED000E8790020205D002080B50A49884206D3B9
:101EE000FCF72AF8162101600020C04380BD064996
:101EF00040187D21C900FEF7ABF8401C01F062FFDD
:101F0000002080BD40420F00E703000008887047B2
:101F10000B4A13681868203080F30988022080F388
:101F20001488BFF36F8F3FBCAE4608BC04BC62B6DA
:101F30001847C046C046C046C046C046C046C04618
:101F4000E8790020F0B514688023C5580023651B8C
:101F50001C465C410D600125EEB2C76FB74209D93E
:101F6000B6009759E7191C465C417F1E5C418F51B2
:101F70006D1CF1E7E043F0BD10B5042B13D30298BC
:101F8000117854782402611801809178D478240261
:101F9000611841801B1F99B28380002900D0111D58
:101FA0008160002010BD042010BD83B0029001911B
:101FB00069460020087082420AD00299095C019BA0
:101FC0001B5C4B40009919436B461970401CF2E7AB
:101FD000684601784842484103B0704710B51E2258
:101FE000002812D0002910D00422842A0AD0831895
:101FF00000248452DC809C805C80FF230B700832BC
:10200000491CF2E7102101600022104610BD70B596
:1020100005460220002D12D00C4600290FD0601C6E
:102020000C21217020262946324603F0F1FF21348D
:10203000203520462946324603F0EAFF002070BDD5
:1020400010B50446084809490160E06A8121615CD5
:102050000022FCF73FFA4434204603F069FD204695
:1020600003F05AFD10BDC0462C000C4028002A0188
:1020700010B504460068002900D108494A68426446
:102080004922012383540B788A681946F8F7A4F98A
:10209000002800D00024204610BDC04620B5020014
:1020A00010B504460068002900D108494A68426218
:1020B0002922012383540B788A681946F8F78CF992
:1020C000002800D00024204610BDC04630B50200D4
:1020D000BCB50C4605460988022000290DD062686F
:1020E000002A0AD00121104601F006FF00900349A2
:1020F000072228462346FFF7CBF9BCBDE174020056
:10210000BCB50C4605460988022000290DD062683E
:10211000002A0AD00221104601F0EEFE0090034989
:10212000112228462346FFF7B3F9BCBD016D02001A
:10213000BCB50C4605460988022000290DD062680E
:10214000002A0AD00221104601F0D6FE0090034971
:10215000092228462346FFF79BF9BCBD0F6D0200FC
:1021600080B508797F2807D07E280BD1074A082040
:10217000002101F0E3FB80BD0B89034A0820002108
:1021800001F0DCFB80BDC0468CB1020080AE0200D5
:10219000F8B5FF2810D0044604F044F9074E306823
:1021A000A700C159204605F09CF800252046294685
:1021B00003F0C6F8B068C551F8BDC04650B502007E
:1021C0001CB501AA00241470064800885070000A4B
:1021D000907005480078D07004480421F2F786FE1C
:1021E00020461CBDCE690020FB69002002200000B3
:1021F0007FB5044608AE61CE009001950296204658
:1022000004F07EF903AA10705470200A90700348FD
:102210000321F2F76BFE002004B070BD2020000007
:1022200010B50C46014609480078012801D13A2032
:1022300010BD1220002A08D0FF2906D8002B04D098
:10224000084619462346EEF7B1FD10BD417A00203D
:10225000B0B504460120C5432088FFF701FC0146C4
:10226000681CFF2909D00901044A511805D0896862
:102270000029284601D020468847B0BD646100206F
:102280007CB50C46064602F0ADFB00280AD06D4630
:102290002E8000206880AC710448816828468847F9
:1022A000002801D0FF207CBDE8797CBDAC780020FF
:1022B000B0B505F0DEFB094C0025294622462B4629
:1022C00002F080F87D22D2002B4604F073F9A04280
:1022D00000D32046002900D02046B0BDFFFFFF7F7D
:1022E00000200949242805D00A1800230B509360C8
:1022F0000C30F7E700200549602803D000220A527D
:102300001030F9E77047C046C065002064610020C6
:1023100070B50668446804F0ADF8054604F02AFF7D
:10232000FCF7D4F9002806D0284604F041FA034807
:102330002146B04770BD05F097FBC04644B6020089
:102340000F2805D10948006802210140480870475C
:1023500010381F2805D804490968C14001200840E9
:10236000704700207047C04600E100E010E000E048
:10237000FF2803D00F280AD9122070470749087890
:10238000091D002807D0002204C1401EF9E7800083
:10239000024A1018416000207047C0466463002064
:1023A0001221020A0E2A0DD8074A1278824209D950
:1023B000064949687B22920042438818407941428D
:1023C0004141490008467047FA690020EC68002046
:1023D000B0B504460748006880470546064840688F
:1023E0001022214603F014FE04480168284688475D
:1023F000B0BDC046AC78002068780020B0780020DE
:1024000007480021018007480521816001600648D6
:1024100003218160016005480121816001607047EE
:102420000420094000100840002008400030084007
:10243000002811D00246C01713464340181A203016
:10244000800941430120C0040818000D002A02D56C
:10245000414202480840704700207047FF0F0000CB
:1024600010B50A4949680A0C030C1C46544380B253
:102470005043400889B2594349080818012189038B
:102480004018C00B2018401C400810BD4C7900209B
:10249000084909680A18084841680906890D006852
:1024A00080001018054BC0188A4200DB401A0068F3
:1024B0007047C046AC110840C010084000200940D9
:1024C000F8B504460026094F3978F0B288420AD29E
:1024D00000216D4604232A4603F06EFC2878A042B2
:1024E00002D0761CF0E7FF26F0B2F8BDDB690020D1
:1024F000F8B514460D460646084FB8680021C94392
:10250000FEF720FA304629462246F2F73FFA044603
:10251000B86801F033FF2046F8BDC046A07800201F
:1025200010B5044608484461C068C0060BD401F0E9
:10253000CFFD06490A683F239B061A409C431219A7
:102540000A6002F097FF10BDF8740020A41000404C
:10255000FF210902014001221302994206D00029FD
:102560000AD1C0B2054908183C3003E0C0B20349A3
:102570000818143000787047D04370479C720020D0
:1025800080B50A4A1178491E1170806D53689842CF
:1025900001D100205060080600D080BD05F0DEFBB0
:1025A00004F04EFAFEF720FF80BDC046FC68002014
:1025B000FEB50C468D08019007462E46FDF708FD36
:1025C000002E02D001C7761EF8E70290A8000199FC
:1025D000081803210C4002A9224605F0BDF9FEBDF2
:1025E0007CB50D780124022D0ED14D682E786D78C2
:1025F0002D02AD19054EB54206D1069C0225009468
:102600000195FBF7EDF9044620467CBD0229000048
:10261000074901220A705107064A1161064B1860EA
:102620001068084310600548042101607047C046E7
:10263000327A0020440008402821024058200240FD
:1026400010B504460948844209D0012908D002295E
:1026500005D10121204601F069FF002800D010BDFE
:1026600000212046F0F7C8FC10BDC046FEFF000068
:1026700070B50C460546084800688047064601CDFF
:10268000214603F005FC2846214601F01DFE0348C3
:1026900001683046884770BDAC780020B0780020D3
:1026A000B0B50A49096809685D228C5C01220023E3
:1026B000032C114600D319467525AD00405D8442B8
:1026C00000D81A4611400846B0BDC046AC6900208B
:1026D000B0B5034601240025814208D98A4220462C
:1026E00000D928469A4200D82C462040B0BD9A42D4
:1026F000204600D828468A4200D92C462043B0BD47
:10270000B0B5094C094D2888A04208D0FCF754FF09
:10271000002803D0017980220A4302712C801720FF
:10272000FEF7F0FAB0BDC046FFFF00002A7A002095
:1027300010B58168094A1268914201D000240AE06C
:10274000C168491EC1600124002904D100210A4644
:102750000B46EDF727FF204610BDC046E879002064
:1027600070B50C46406801788A1E504250410429D9
:1027700001D0450201E0012005020E26304629461F
:1027800000F005F8002801D02560267170BD70B5F5
:102790000C46054600263046294602F0F3F800288C
:1027A00009D00121062D07D0082D05D002689268B6
:1027B0002242F1D000E03146084670BDF8B5064629
:1027C00000200090002E0FD014460D460F46002C1E
:1027D0000AD03078694603F03BFA002D00D03870FB
:1027E000641E7F1C761CF2E7F8BD10B5044604F0A9
:1027F000E3FBFF21102202F0BAFC012806D10220DF
:102800001021224603F036F8002800D010BD002029
:102810002146F9F73BFF10BD70B50C460546002078
:1028200000F0E8FE0646FDF7B3FC002800D070BDBE
:10283000012C01D9122070BD0123304629462246C1
:10284000EBF748FE70BDBCB50D4603460320009073
:10285000012000210A46FFF79AF80446002D07D010
:10286000002C05D0002120460A460B46EDF79AFEC3
:102870002046BCBDB0B515460C46FCF79DFE0028B1
:1028800004D0002D04D00179214303E01520B0BD10
:102890000179A14301714088022101F059FE002015
:1028A000B0BD70B505460220002D10D00C460029A1
:1028B0000DD0691C20262046324603F0A9FB2034A7
:1028C000213520462946324603F0A2FB002070BD88
:1028D000B0B50C68621C07D0024608321346526835
:1028E0001568A542FAD901E003695A684A60916007
:1028F0008B60596008610168491C0160B0BD704778
:10290000B0B505460020002D0CD00C46002909D09A
:1029100005491022204603F07BFB28782073687855
:1029200060730120B0BDC046A0B50200BCB504462E
:10293000002100911E220B46EDF7D8FC0546002829
:1029400006D104480268002A02D01E212046904782
:102950002846BCBDA4790020BCB50C460546486895
:10296000002803D0032101F0C7FA00E00020009006
:1029700003491D2228462346EDF7B8FCBCBDC046DE
:1029800051690200BCB50C4605464868002803D0D2
:10299000032101F0B1FA00E00020009003491B225E
:1029A00028462346EDF7A2FCBCBDC0465169020093
:1029B00010B5022B10D3029C2072617210785178EE
:1029C000090208182080991E88B26180002800D072
:1029D000901C6060002010BD042010BDBCB50C46EA
:1029E00005468868002803D0052101F085FA00E03B
:1029F000002000900349162228462346EDF776FC76
:102A0000BCBDC046795B0200BCB50C460546886873
:102A1000002803D0052101F06FFA00E000200090AB
:102A20000349172228462346FEF732FDBCBDC046A7
:102A3000915B0200BCB50C4605464868002803D0EF
:102A4000012101F059FA00E00020009003490D2215
:102A500028462346FEF71CFDBCBDC0467D6801002C
:102A6000BCB50C4605464868002803D0012101F09A
:102A700043FA00E00020009003490F222846234635
:102A8000FEF706FDBCBDC0460D1F0200BCB50C46DE
:102A900005464868002803D0012101F02DFA00E026
:102AA0000020009003490B2228462346FEF7F0FC45
:102AB000BCBDC0466F7A020070B5064601240848C6
:102AC00086420BD00D46172908D304F0ABFAA84272
:102AD00004D33046294602F041FE0446204670BD2C
:102AE000FEFF000070B50C4641780A46573A504246
:102AF0005041132901D0C50100E040250A26304687
:102B00002946FFF744FE002801D02560267170BDDC
:102B100070B50C4641780A463E3A504250410E2963
:102B200001D0C50000E002250C2630462946FFF7FB
:102B30002EFE002801D02560267170BD70B50C46B0
:102B40004079800006494018064945580926304614
:102B50002946FFF71CFE002801D02560267170BDB4
:102B600070B2020080FEFFFFB0B51A460D4607485E
:102B70000024214603F0F8F950202946FFF780FB96
:102B80000146034803F0F0F92046B0BDD1FC010036
:102B9000D16F020082B07CB50C46064606920793C0
:102BA00001F020FF0546002805D006A90191304616
:102BB000F8F704FA206028467CBC02BC02B0084743
:102BC00080B5EDF7BBF9FDF745FE07480168012226
:102BD0000A430260EEF7F2FBFAF7F0FBF9F7D8FCD4
:102BE000E6F72DFB80BDC0461400004010B5074835
:102BF00007490180074C2046FCF724FB002800D041
:102C000010BD0C342046FCF71DFB10BDA068002051
:102C1000FFFF00002877002070B514460E460546D9
:102C200001F04EFC002806D10548314601F048FC71
:102C3000002803D005808470002070BD112070BD75
:102C4000FFFF0000BCB50C460025019501A900F06E
:102C50002CFC02280BD0172809D001982521415CB3
:102C6000FF2901D01520BCBD253004702846BCBD0D
:102C7000B0B50C46054604F08AFF002801D00C24AC
:102C800004E028462146F8F7FBFB044602492046AB
:102C9000FAF7CCFA2046B0BD0604000010B5044691
:102CA00000200749FAF7C2FA064840222146F9F700
:102CB00029F8401C01D03A2010BD072010BDC046A5
:102CC000262000000DBE010010B500240749204653
:102CD000FAF7ACFA064821462246F9F713F8401CE9
:102CE00001D03A2010BD072010BDC04625200000AD
:102CF000C9FA01007CB514460D46014601A82A46D2
:102D0000FBF7B4FF00280AD00646002D04D0019836
:102D100021462A4604F020FE3046FAF7AFFA7CBD81
:102D2000B0B588B0044603F0A5FB054601A8F6F748
:102D300041FF284603F03CFD01980349029A2160B7
:102D40006060A26008B0B0BD504D000010B50246F2
:102D50000023D843052A09D81201054CA25A002A9B
:102D600004D0044CA24201D00A80184610BDC046CF
:102D700064610020F8FF000070B5084B1C68084A29
:102D8000944208D01C6800258C2D03D066595651FA
:102D90002D1DF9E71A608000115070BD08ED00E0AC
:102DA0000000002080B503461220012B0CD800291A
:102DB0000AD0002A08D005480068C11D0623104625
:102DC0001A4603F025F9002080BDC046B4690020F2
:102DD00007480121C16200220260C2620548816584
:102DE000026082650448C1600260C2607047C046EC
:102DF00000100840002008400030084010B5074986
:102E000001220A60064803680324A3430360886A1A
:102E100000234B6103490A7010BDC046A011084051
:102E2000B4100840537A0020B0B5094D0120287035
:102E3000287101F04DF90446A868002803D101204B
:102E400000F0F4FDA860204602F014FBB0BDC046BF
:102E5000A0780020B0B507480478074D002C05D0B5
:102E6000286800698047641E0C35F7E70348012194
:102E70000170B0BD4BAF020074B60200447A00206E
:102E8000FF221202024001231B029A4206D0002AAE
:102E900009D1C0B2044A10183C3003E0C0B2024A63
:102EA00010181430017070479C7200200848816F20
:102EB00003220A40012A09D106490968490E00681F
:102EC000012252040240500C084070470120704714
:102ED00048100040E010004010B5044601F0F8F83A
:102EE0000121A140054AD3680B43D36004490A5D20
:102EF000521C0A5502F0BEFA002010BDF8740020E2
:102F000028690020B0B504460848C0897F2501061D
:102F10000AD50321C901084000F09DFA2188081A4A
:102F2000801E01D42018057968B2B0BD0061002070
:102F3000B0B505460848C089FF24C1060AD51F213F
:102F40000901084000F087FA2988081A801E01D478
:102F5000281804792046B0BD0061002010B50C4649
:102F600004F0E4F8002803D08C202321890204E037
:102F70000448046002200121490222790A43A28008
:102F800010BDC046EC79002080B50A4601460748CE
:102F90004078012806D106485430EBF78DF902F04D
:102FA0006DF880BD0720C04380BDC046B2750020CB
:102FB000485B002006484178032900D8803000781B
:102FC000FD2804D303480449016004494160704767
:102FD0002F03004E18110040E3887F09E3387F4932
:102FE000E0B501A900220A7003280CD0022806D0FF
:102FF00000280AD1002001A9FAF778FF8CBD022031
:1030000001A9FAF773FF02F0E5FA8CBDB0B50C46E2
:10301000022809D001280BD1049D104619462246EA
:103020002B46F3F7C7F9B0BD204600F0FBFBB0BD5F
:103030002046F9F7F5FDB0BD10B5002901D40024F4
:103040000BE00C4606480078F5F714FA002801D08A
:10305000F3F7C0FA0120C0078443204610BDC046E4
:10306000F269002080B5FF214140074802780A40FC
:10307000027007D105480068002803D04068002886
:1030800000D0804780BDC0463E7A0020DC79002019
:1030900080B5064800880649884205D005490A7867
:1030A0000549F4F705FB80BD182080BD1679002086
:1030B000FFFF0000E9690020DC68002010B5094C22
:1030C0006060FF21102202F052F8012803D16068ED
:1030D000102103F0FDFD606804F07EFA012002F08B
:1030E00091F910BDD866002008490978084A13688C
:1030F0004A1C9B1F521E05D0991DDB8883420B463C
:10310000F8D100E0002108467047C046EA69002077
:10311000446900201CB500280ED004468078400881
:103120007E2809D8E07821880022009217221E23E9
:10313000F9F7FCFB014860801CBDC046FEFF0000A3
:1031400007480021416101220260016005480168D1
:103150005207914301600448042101607047C04652
:1031600014210240440008405C20024082B008491B
:1031700001910090FFE701980099884206D2FFE78D
:103180000198011D019103490160F4E702B0704705
:10319000008C0020A5A5A5A501460848027808488E
:1031A0000068002A08D04388002B02D003798B42A4
:1031B00003D01030521EF4E700207047F36900205E
:1031C0007C6900204188091F0C224A43074989185D
:1031D0004A68002A01D0162070470A1D4368136010
:1031E00002890A810088488100207047DC64002041
:1031F00010B504460748007804F09BF8002801D079
:10320000408D00E000206107090F034A515A081859
:1032100080B210BDE069002090B5020080B5817BCE
:1032200001290CD10021017206490978002901D039
:1032300004F02DF93C2000F01DF8012080BD002095
:1032400080BDC046FD69002070B5002811D0002A5D
:103250000FD00C460546AF2040002E1829462C31D1
:103260002320105C40090870FFF7C2FF6882001B32
:10327000308070BD80B58AB008490891FF220021D6
:103280000091019102910391049105910691079299
:1032900001220B46EAF73CFC0AB080BDFFFF0000AC
:1032A00070B5421A084D6E1C01230024B2421A4622
:1032B00000D322460E1AAE4200D82346884200D8D8
:1032C0001A46104670BDC04600E0707280B50C21F1
:1032D000084A102906D0535CFF2B07D0834206D042
:1032E000491CF6E703F0BCF8FF2101E050547431AB
:1032F000C8B280BDD8770020BFB5084D2968183105
:103300006C461022204602F083FE2868C088044BD9
:1033100011212246F9F7F8FD04B0B0BD88780020ED
:10332000E54E0200BFB5084D296828316C461022D1
:10333000204602F06DFE2868C088044B1121224609
:10334000F9F7E2FD04B0B0BD88780020254F0200F7
:10335000B0B586B01346044601AD2980A81C0822EA
:10336000194602F055FE044B0B2120462A46F9F778
:10337000CBFD06B0B0BDC0462935020070B504468D
:10338000084E3068806F202521462A4602F040FE14
:103390003068806F2030203421462A4602F038FE03
:1033A00070BDC04688780020BFB5084D2968183127
:1033B0006C461022204602F02BFE2868C088044B81
:1033C00011212246F9F7A0FDBFBDC0468878002034
:1033D000054F0200B0B50446084D68690019296A16
:1033E000884207D102F080FEE86A401CE86203F0E0
:1033F00095F9641E686900196861B0BD0471002008
:1034000010B504468068084A1268904206D02046EB
:10341000EAF7A6F8002802D1002010BD0120E168DB
:10342000491CE16010BDC046E8790020F8B51D4692
:1034300013460E460446069F0868421C184603F0D1
:103440007BFC6069A169E66222463032A3C2204655
:1034500001F0A8FBF8BD70B5C106C90F8206D20FF6
:10346000830901241C400506ED0F04261E40511857
:10347000091949198919000700D5C91C084670BDEA
:103480001CB503460024009401AA084619462346A9
:1034900003F0AFFC002806D101A8007801F0ABF9D9
:1034A000C00600D4012420461CBD10B50C4600F017
:1034B0000DFB002807D0002C00D02060017AFF29E6
:1034C00003D0162002E0022010BD0020FE2900D10A
:1034D000172010BD10B50C46FFF706FE002807D0D8
:1034E000002C00D020608178FF2903D0162002E054
:1034F000022010BD0020FE2900D1172010BD10B5FC
:10350000062002F0D5FB044600060CD0022000F095
:1035100069FB002807D00146102008700020487081
:10352000E0B201F0A5F810BD80B5022200290ED04E
:1035300000280CD007220A7002784A704278CB1C0F
:103540008A70811C0822184602F062FD0022104693
:1035500080BDBCB5002500280ED00C4681420BD89A
:10356000134602210091002529462A46FEF70FFA4C
:10357000002801D0846305462846BCBD10B50A4624
:103580000146064CE068C007FCD10120A060044859
:1035900004F0E2F90320206010BDC04610000C408A
:1035A00090000C4010B50446007E02280AD1EFF3CB
:1035B0000580002804D104480021C943FDF7C2F961
:1035C000606910BD002010BDD062002010B5044617
:1035D0000068002900D106494A6842650B788A686C
:1035E0001946F6F7F9FE002800D00024204610BD49
:1035F00000B50200022809D0012804D0002808D113
:103600000548006870470448406870470248806871
:10361000704700207047C0469478002010B50C46D3
:103620000978017061784170A1788170E178031D9B
:10363000C170611D0222184602F0EAFC2089801D3B
:1036400080B210BD10B5022B0ED3029811785478B9
:103650002402611801809B1E99B24380002900D08A
:10366000911C4160002010BD042010BD1CB5024615
:1036700007484068431C08D06C462270019108221C
:1036800001232146F6F7D8FD00E01020C0B21CBD92
:10369000C4680020BFB50446C8680B690A884D6835
:1036A000098900920195029103900348F322214673
:1036B000F6F7C4FE04B0B0BD59B20100F8B5002859
:1036C0000FD014460D4606460F46002C09D0307820
:1036D00002F062FE002D00D03870641E7F1C761C44
:1036E000F3E7F8BD1CB5044650202146FEF7C8FD9F
:1036F0000246044801A9FFF74DFA002801D102480B
:1037000004701CBDE53602002E7A002010B5074C6F
:10371000207003F07DFD401C0549087020780421CD
:1037200000F01EFDF5F7F8FA10BDC046EB69002069
:10373000EA6900201CB5044650202146FEF7A0FD92
:103740000246044801A9FFF725FA002801D10248E2
:1037500004701CBD353702001C7900201CB50446DE
:1037600050202146FEF78CFD0246044801A9FFF7D0
:1037700011FA002801D1024804701CBD5D37020017
:10378000407A002080B507480068C0B28000064932
:103790000858002804D041688068884702F0B0FCCF
:1037A00080BDC04604ED00E0386E00201FB5044621
:1037B00001A8FFF7B5FA0298001B0549884203D318
:1037C000204601F073FE00E0002004B010BDC046AA
:1037D000E90300000F2804D1074801680222914341
:1037E00005E010381F2803D80121814001480160FD
:1037F0007047C04680E100E010E000E00F2805D1EE
:103800000748016802220A430260704710381F28E7
:1038100003D80121814001480160704700E100E0C8
:1038200010E000E0B0B5084D0024A8420AD8001D01
:1038300080B203F075FE002804D0691C09B200F0C4
:103840005BFB04462046B0BDFBFF000010B50446FC
:10385000C06C002804D0A06604F071FA0020E06477
:10386000206D002805D0E066A06E04F068FA002004
:10387000206510BDB0B5084D0024A8420AD8401DEF
:1038800080B2F9F7CDF9002804D0691C09B200F024
:1038900033FB04462046B0BDFAFF0000B0B5084D2A
:1038A0000024A8420AD8183080B2F9F7B9F90028E4
:1038B00004D0691D09B200F01FFB04462046B0BDCC
:1038C000E7FF000005480021017005480170054828
:1038D00001220270044801707047C046026A00204D
:1038E000FE690020006A0020FF69002080B50749BA
:1038F0000A6880001018064A12681206920D821A91
:1039000000DB104600F0BCFC80BDC046BC11084086
:10391000BC100840010C074A13464B4380B2504389
:10392000054A4A438018C009DE30400AC018400AE0
:103930007047C04612830000986E000081B01EB52B
:1039400014460A460146059305AB029304484068B5
:103950000093234602F0FFFE1EBC01BC01B00047ED
:103960000476002007480178074A18320020814277
:1039700005D01378FE2B03D0401C0C32F7E7084625
:10398000C0B27047DB690020C46100201CB5074C41
:10399000019401ACA17022809900091D89B2042311
:1039A0002246FDF7E9FC024908701CBDFFFFFF96A7
:1039B000A4730020074908610120C861064A106706
:1039C00043028B6100230B600302136008605360A5
:1039D0007047C046001200405410004010B5044625
:1039E0000220C043002C09D0002A07D0204608300E
:1039F0000EC00348214600F067FC002010BDC04601
:103A0000B4680020014603200A460240032A01D17F
:103A1000822070479200034B9A58034B9A61998118
:103A20007047C04620B6020000610020B0B50546D0
:103A3000012000210322F8F77DFC0446002D07D069
:103A4000002C05D0002120460A460B46ECF7AAFDC3
:103A50002046B0BD10B50749C862074C2178062042
:103A6000FCF736F92078FFF73DFE207803F07CFB69
:103A700010BDC046D87100209F68002080B507485F
:103A80000068002806D0C088FBF796FD002801D00A
:103A9000343000E00248007880BDC04688780020BD
:103AA000E8690020BFB50446808800290AD0E18873
:103AB00022896389A4890025009401950295FEF767
:103AC00097FBBFBD3B2100F0F1FABFBD014607489F
:103AD000027807480068521C2838521E04D0038D13
:103AE00028308B42F9D1704700207047EA690020E6
:103AF000346900201CB50B46088849880124884297
:103B00000AD8002808D05A1D1B7900240094F5F724
:103B1000CBF8002800D10A2420461CBD1CB50B465A
:103B200008884988012488420AD8002808D05A1DEC
:103B30001B7900240094F5F7B7F8002800D10A2477
:103B400020461CBD01460748027807484068521CC1
:103B50000838521E04D0038908308B42F9D17047CF
:103B600000207047F6690020F47300200649022205
:103B70000A7001214907054A1161054B1860106858
:103B8000084310607047C046327A00204400084065
:103B900028210240064815210160012080020549C4
:103BA00008600548016809220A4302607047C04660
:103BB000B82008400C0008401C210240B0B5002885
:103BC0000CD00C4605468079FDF712FB2846E8F735
:103BD0003DFAFE2C01D0E7F701F8B0BD002001F05E
:103BE00069FDB0BDB0B5002500280DD004460C30ED
:103BF00080B203F0D1FE002806D0002101600481CC
:103C0000FF2181720C3005462846B0BD0748016887
:103C1000002909D00648002907D04A68824200D30B
:103C2000024609681046F6E700207047C869002080
:103C30008EC2F52810B564280BD807494C68C0021D
:103C40006421FCF705FA0121C902081A80B2A047D5
:103C500010BD042010BDC0467064002070B514462D
:103C60000D460646B0694119304622462B46FDF7FF
:103C700097FD002805D0B0694519316A304688475C
:103C8000F0E770BD10B5031F012424061C60034635
:103C9000083B196001460C39034B0B600146203983
:103CA0000A60403810BDC0467768020008480268C4
:103CB0001020002A0BD0D16E002908D0926E002A65
:103CC00005D0087A9C21515C884200D30846704791
:103CD0008878002010B508494A78FF2A0AD00C7865
:103CE000FF2C07D0D31CA34200D32346002800D1C9
:103CF000531C4B7010BDC046EC63002080B5084AD1
:103D00001268002A0BD0012909D1D188814206D13D
:103D1000F5F74AFB0120FFF7DDFFFFF7F0FB80BD61
:103D200088780020BCB5134604466D462970681C8F
:103D30000622194602F06CF9034B082120462A4658
:103D4000F9F7E2F8BCBDC0461F3F020010B50446BB
:103D5000032001F0ADFF002807D00246034804808D
:103D6000034800780121FBF715FD10BD2A7A0020D9
:103D70000B6A002080B5022200280DD000290BD04C
:103D8000427883781B029A180A808B1CC11C082277
:103D9000184602F03DF90022104680BD0648012178
:103DA00001700171017205480021016081600449C0
:103DB0004160072101607047E878002010E000E0D2
:103DC0007FBB000080B500280BD007494A6A521C0F
:103DD0004A620021F3F774FAEBF7C2FF002800D023
:103DE00080BD02F08DF980BD04710020084880F389
:103DF000088800BF00BF03F04FFF002801D0FCF788
:103E0000F9FF0020EEF796FC012003F02DFEC046DE
:103E10000090002010B50C4609780170617841705F
:103E2000A1788170E178031DC170611D2279184667
:103E300002F0EEF82079001D10BD1CB504460F20DD
:103E400003F059FA00280AD001A810210122FAF73C
:103E50000DFF002803D001990C70F9F70FFA1CBD73
:103E6000B0B50C46054602F005FB21460C39002290
:103E70000A602968002902D00D460C3DF9E72C6044
:103E800002F096FCB0BD70B51C46154606460846C5
:103E9000FDF7E6FDFF2806D0014630462A462346B8
:103EA000F1F76EF870BD0020C04370BDBCB50C4684
:103EB0000546088801A9FBF709FA002807D0014642
:103EC00001A8028828462346F0F794FABCBD0120D9
:103ED000BCBDB0B50546006E002800D0B0BDFB20CB
:103EE0008400204603F058FD28660028F6D0002103
:103EF000224602F0B7FCB0BDB0B50D460446FCF753
:103F0000B7FD002809D00146601B0A4608329042DE
:103F100003D389885118884200D92046B0BD80B5A6
:103F2000022200290CD000280AD009220A70027847
:103F30008B1C4A70411C0622184602F069F80022C8
:103F4000104680BDB0B514460A460146054802F049
:103F50000FF919252846214601F09AFA2846FFF75D
:103F60004DFCB0BDA0660020E0B50B4609791029D4
:103F700001D0022906D10021009103491022ECF75B
:103F8000B5F98CBD02208CBD153E0200E0B50B4694
:103F90000979102901D0022906D100210091034995
:103FA0000822ECF7A3F98CBD02208CBD153E02005F
:103FB00010B50446006802222146FAF7D3FA2068B9
:103FC0000121C907884204D06068002801D003F0AD
:103FD000B7FA10BDB0B50446054D0120A8622868A7
:103FE0002020FDF7E9F82C600248C461B0BDC0464E
:103FF000202102402C7000201FB50A4601466C4665
:10400000204602F0BBFF044800682146FDF746FE4B
:10401000411E884104B010BDBC69002010B50B469C
:1040200013439B0709D0491E002A08D0531E441C85
:10403000007888541A462046F6E7F5F75BFA10BD7B
:104040001CB5F4F737F8044601AA212010700420AB
:104050005070947002480321F6F754FA20461CBDB4
:1040600021FC00001CB50446F6F788FE01AA10707A
:104070005470200A907003480321F0F737FF0020A6
:104080001CBDC0461B2000001CB50446F8F76FFE9F
:1040900001AA10705470200A907003480321F0F7B1
:1040A00025FF00201CBDC0461A200000BCB50446F8
:1040B000FAF708FC054601AA10705470200A9070A7
:1040C00002480321F0F712FF2846BCBD2120000062
:1040D00080B507480068C00505D0EFF310800121C6
:1040E00081F3108880BD01F0FFFF002080BDC04635
:1040F00004ED00E07CB50C46054601AE694630464D
:10410000F8F7EEFA30782870000102490818C46008
:1041100000207CBD64610020F8B51C4615460E46A3
:104120006946FDF711F80746002805D10098314689
:104130002A462346F3F746FF3846F8BDE0B501AA04
:1041400010806846018005480078012804D10120CC
:1041500001A96A46F6F782FD8CBDC046497A002067
:1041600003220B469343042B08D10C224A43044BF1
:10417000D218303A118090700020704702207047AA
:10418000DC64002007490A7802704A7842708A7815
:104190008270CA78C2700A7902714979417100202F
:1041A0007047C04614690020B0B505461220002DA6
:1041B00002D00C46002905D1B0BD02F031FC2870B8
:1041C000641E6D1C002CF8D10020B0BD07490A7890
:1041D00002704A7842708A788270CA78C2700A790E
:1041E00002714979417100207047C0460C69002076
:1041F000002904D0064A1278012313400B700028CE
:1042000004D00021024A5156490801707047C04647
:10421000E769002010B5074801688A0105D401222A
:10422000520611430160782400E0002402F0DEFF12
:10423000001910BD70340840074A526812094A43F9
:104240000121CB03D218120C89034018C00B504334
:10425000C018000C7047C0464C7900200648017E0B
:104260007E2906D1417E408B0004090208187E3069
:10427000704702487047C046F47600207F00FFFF79
:10428000B0B50C460546FFF723FF054969220A80B1
:104290000A880A88256068220A8001F0EBF8B0BD20
:1042A00008200940B0B50546FFF712FF2C68002C26
:1042B00006D021682960002900D00D4600216960E0
:1042C00001F0D8F82046B0BDB0B50C460546FFF762
:1042D000FFFE002121606968616000292A4600D044
:1042E0000A4614606C6001F0C5F8B0BDB0B50D466B
:1042F0000446FFF7EDFE06CD0029234600D00B460D
:104300005A60002A00D01446216001F0B3F8B0BD15
:1043100010B50146064C6069002802D1086802F019
:10432000FFFB606100F006F8F7F7C8FD10BDC0465E
:1043300000610020002807D0017A012906D1016818
:10434000002905D048897047002070474089704790
:104350004189C089081A704710B50022064B002910
:10436000D2B206D0491E441C007850401A5C204648
:10437000F5E7104610BDC046B4A10200E0B50749FC
:104380000968C90503D001A9F6F7E2FA8CBD00213E
:104390000A460B46ECF706F98CBDC04604ED00E07A
:1043A000BFB5002203920C684B688A68C968890807
:1043B00003AD009201958AB22146F6F7FBFA039805
:1043C00004B0B0BD30B514004C4325001C0044437C
:1043D0006419050010002900FCF764FD00190400B1
:1043E0000D002100280030BD70B55B420024C56F70
:1043F000AC420AD20D6816686E401E40754020C15E
:104400001568754020C2641CF1E770BDB0B5054663
:10441000064C60342468002C05D0206A2946F2F747
:104420002FFA0028F6D12046B0BDC0460471002006
:10443000B0B50024064D2046697D8C4206D2002886
:1044400004D1E0B2E8F7F8FF641CF5E7C0B2B0BDF4
:10445000D8710020074AD27D521C0B1F521E05D076
:10446000191D9B8883420B46F8D100E000210846C5
:104470007047C046D871002010B50C46FBF79CF879
:10448000002808D0846204490B784179821D1846BF
:104490002346FDF751F810BDA273002010B5074C5C
:1044A000A060E1600021102200F061FE012803D12C
:1044B000A068102102F00CFC10BDC046D866002098
:1044C000074A1278521C0B1F521E05D0191D9B88DB
:1044D00083420B46F8D100E0002108467047C046F1
:1044E000F66900200A7802704A7842708A788270F1
:1044F000CA78C2700A7902714A7942718A798271E6
:10450000C979C171082070473321CA430649131D78
:1045100008D08A18526B002A1A46F8D1C9180863C5
:1045200000207047132070470C650020B0B50D4681
:1045300001240649884207D0FBF73EF8002802D044
:104540000079284200D100242046B0BDFEFF0000C3
:10455000F8B50C4605460026054F302E07D0BA594F
:10456000002A02D0284621469047361DF5E7F8BDBF
:104570000C650020074982894089824204D2801A52
:10458000884204DA01207047101A8842FADC0020C1
:104590007047C046AA10000010B503280AD8C0060C
:1045A000000E054BC34081246404C4400B7014709A
:1045B000012010BD002010BD010204040649097845
:1045C000814201D800207047044949687B2292004B
:1045D000424388187047C046FA690020EC68002002
:1045E000B0B5064C2078012806D1054D286803F0A7
:1045F000DBF9002028602070B0BDC046FD690020B6
:10460000AC69002080B5FD2281540D21E2F7B2FE95
:10461000002800D080BD0348007801218903EEF70F
:1046200063FA80BDDA69002010B5064C20680028C6
:1046300000D010BD04482060CC21FDF715FB206898
:1046400010BDC046C4790020545C0020E0B5FEF7E0
:10465000B1FC72B601A8FEF789FD03480349086062
:10466000FFF7C4FB8CBDC0460000000008ED00E071
:1046700080B50B46014640B2002805D4002208460A
:104680001946F1F7F7FC03E001201A46F4F71CFE87
:10469000C0B280BDB0B505460320C4436888002879
:1046A00001D0A41C06E0A879FEF710FEE871FF28EF
:1046B00000D000242046B0BD10B50023102B0CD034
:1046C000934201D2C45C05E09A4202D180248C540A
:1046D00001E00024CC545B1CF0E710BD06484168A3
:1046E0000968002903D04068C068006801E0002024
:1046F000C0430249086270472C70002004710020FA
:10470000BCB5074CA5680224002D06D0AD68002D6D
:1047100003D0069C0094A84704462046BCBDC04672
:104720008878002080B52020EDF764F800280AD0B2
:104730000021016002460C32CB438260C3600261FB
:1047400042614160017780BD10B503F035F9044640
:10475000EAF748FE002803D001200007024908605C
:10476000204603F07EF910BD04ED00E01FB51C46A5
:104770000123DB43009301AB07C30448406B694648
:1047800000232246F3F746F904B010BD047100205F
:10479000042B0CD10098117853781B025918018012
:1047A0009178D2781202511841800020704704207D
:1047B0007047042B0CD10098117853781B025918BC
:1047C00001809178D2781202511841800020704700
:1047D0000420704770B50C4640783E384142414154
:1047E000CD000D2630462946FDF7D1FF002801D027
:1047F0002560267170BD1CB5062148432030082174
:104800006C46224601F036F8002802D00020C04352
:1048100000E0E079C0B21CBD1CB50446088801A9BF
:10482000FAF754FD002806D0014601A80288204668
:10483000F4F720F91CBD01201CBD70B50446468E5E
:10484000B1B27D2045022846FBF702FC4643B1B2D7
:10485000A94200D0401C8221605270BD10B50028D2
:104860000CD0002303720324C481012A00D1091D46
:10487000CAB2921D828103828474C17410BD10B5C6
:10488000026C002A0BD0C3689B18C3608468A342E3
:1048900001D30368C3600846194603F05DF810BDF4
:1048A000B0B51C46049D00292B4600D013462B6052
:1048B000E863296401212846F1F734FA4C202C548E
:1048C000B0BD80B502460220002A0AD0002908D0D7
:1048D000931C50780870481C0622194601F098FB7A
:1048E000002080BD80B5054900220A6004490A60A5
:1048F0000F220A6101F014FD80BDC04620000C406B
:1049000004010C40B0B50546FFF7E2FBE97E002448
:10491000002901D0E44301E00121E97600F0AAFD7D
:104920002046B0BD80B5002808D00021417001703C
:104930000222082A05D08154521CFAE7002000F018
:10494000B9FE80BDE0B50B460988172906D30021C2
:10495000009103490322FCF79BFD8CBD02208CBD16
:10496000296F020080B50649884202D102F05AFB45
:1049700080BD01F05CFF002800D080BD172080BD05
:10498000FEFF0000002801D1054800E0001D00687E
:10499000002803D0026812788A42F7D17047C046D7
:1049A0008079002080B5072807D8054A125C0A6084
:1049B00007201146FDF7EBFE80BD002080BDC046FC
:1049C0002CB7020010B5002809D053425341002AE9
:1049D00006D00478521E401C8C42F6D000E0002322
:1049E000184610BD10B5064C2068002806D002F00D
:1049F000C1FB2168401A411E884110BD002010BD36
:104A000098790020E0B500220192054A1268D2058B
:104A100003D001AA01F08CFE8CBDF3F71BFE8CBD08
:104A200004ED00E01CB50446044801A92246FEF747
:104A3000B1F8002801D1024844601CBD254A02009B
:104A40001C79002080B5C00701D1002080BD03483B
:104A5000034B0B211022F2F7AFFD80BD886D0020C3
:104A6000A4B60200E0B5024608461146FDF7D4FEA2
:104A700001AA107002480121F0F738FA00208CBD1D
:104A800011200000B0B504C9002303604360531C2B
:104A9000083001249C4203D220C9641C20C0F9E7DD
:104AA0001046B0BD80B506480178022906D380784B
:104AB000FF2803D08007000F02F0DEFA80BDC04659
:104AC0002D69002010B54A1E4908D2B2821800296B
:104AD00007D00378147804701370491E521E401CCE
:104AE000F5E710BD80B505492B2008562C22895CBE
:104AF00001F04AF90249087080BDC04640740020A8
:104B0000E769002004490968044A126892004018C5
:104B10008018034940187047B8110840B810084081
:104B20000038094005480721016005490A6820232B
:104B30001343102293430B60006B7047A011084091
:104B4000B410084010B5064C2046FAF77BFB00284D
:104B500000D010BD0C342046FAF774FB10BDC046DF
:104B60004077002010B506490A680B680F2424031B
:104B7000A3430003101820401818086010BDC04659
:104B80001C110040B0B50446FFF7A2FA05460448E0
:104B90001422214602F0E0FE284600F06BFCB0BD76
:104BA0003C67002010B50446E9F7A2FE992808D119
:104BB0002046E0F7EFF9992803D12046EAF768FF8D
:104BC000992010BD10B50446012002F0C5FC002854
:104BD00004D0014604700248F9F7E8FC10BDC04655
:104BE0008D65020004480068044901400448006DD6
:104BF000091A48424841704704ED00E0FF010000F7
:104C00000471002010B50446E9F772FE992808D116
:104C10002046E5F7E1FB992803D12046F2F710FC86
:104C2000992010BD80B5044B1A4608320348044948
:104C3000F6F78CFF80BDC046DC750020677D020062
:104C4000B352020010B504460548FAF7B5FC002837
:104C500004D040882146FEF70BF810BD122010BD8D
:104C6000FDFF00000648C0690021002806D000684A
:104C7000002803D0C27A002AF9D17047084670474D
:104C8000D87100200649C97D002908D00288D24386
:104C900002808278D2438270491E001DF4E770477B
:104CA000D87100200649091D0968002905D08A68C5
:104CB00052898242F8D1081D704700207047C046D3
:104CC000247900201CB5044601AB19705A700448C1
:104CD0000078009300227E232146F7F727FE1CBDB3
:104CE000407A00200A2803D0092805D1044800E0B2
:104CF00002480168891C01607047C0465C69002059
:104D000060690020054800214161012202600160C4
:104D100003480168920791430160704718210240DF
:104D20004400084070B50446044D054E012102F0D0
:104D30009FFD1435042102F09BFD70BDC46E002060
:104D4000075A0200044903220A7001214907034A55
:104D50001160034908607047327A0020540008400F
:104D600028210240B0B50F22002354B2002C08D4F1
:104D7000D4B2055D6D001D430D55035DDB09521E68
:104D8000F3E7B0BDB0B50546002402F021FD0028D0
:104D900003D1042D01D80248445D2046B0BDC04671
:104DA00054B70200B0B5002808D00446001D044DD9
:104DB000A84720460C30A8472068A847B0BDC04689
:104DC000ED64020010B5002A0AD003780C78A342E3
:104DD00004D1491C401C521EF7D11C46181B10BDA3
:104DE000002010BD80B505490A88FF2A05D108803A
:104DF00003480021782201F035FD80BD7E79002036
:104E0000F05E002010B5002A0AD0521E431C007824
:104E10004C1C0978884218462146F4D0002010BD69
:104E2000012010BD70B50C46054688B202F0B4FDF5
:104E30000646002804D030462946224601F0E8F80C
:104E4000304670BD80B5002805D0811E0978FF2945
:104E500003D0042080BD052080BD0C3802F0A4FDE5
:104E6000002080BDB0B50C46054B02212246F8F764
:104E70004BF805462078FBF745FF2846B0BDC046F5
:104E8000B960020080B5044800780121FCF76CFC91
:104E900002480349018080BD0B6A00202A7A002065
:104EA000FFFF000080B503460220002909D0002B37
:104EB00007D0481C06220A701022194601F0A8F8F3
:104EC000002080BD80B503460220002909D0002BB8
:104ED00007D0481C08220A701022194601F098F8E1
:104EE000002080BD80B503460220002909D0002B98
:104EF00007D0481C03220A701022194601F088F8D6
:104F0000002080BD80B503460220002B09D0002977
:104F100007D0481C0D220A701022194601F078F8BB
:104F2000002080BD80B503460220002909D0002B57
:104F300007D0481C04220A701022194601F068F8B4
:104F4000002080BD10B50C4601460220002C08D080
:104F5000002906D00B202070084602F0ADFE6070DC
:104F6000002010BD80B503460220002909D0002B87
:104F700007D0481C0A220A701022194601F048F88E
:104F8000002080BD02460220002A08D0002906D059
:104F9000507808700F2803D8002801D000207047EF
:104FA000182070470169436882689A6053604B68B3
:104FB000834200D14A60002202610868401E0860F6
:104FC00008687047B0B50C460546002801D1044872
:104FD000056801F089F86C6501F0A0FBB0BDC04622
:104FE000E879002010B50446002801D1044804687F
:104FF00001F07AF8646D01F091FB204610BDC046C7
:10500000E879002004290AD1017811704178837869
:105010001B0259185180C07810710020704704207D
:105020007047BCB50D460446FAF7C6FA002805D00D
:1050300001A90D702046FFF715FFBCBD1420BCBDB3
:105040001FB503AC2270120A6270FE220023009387
:10505000019202232246F0F7F5FE04B010BDB0B570
:105060000020FEF7C7FA0446FBF792F80546002831
:1050700002D12046FAF7ACFD2846B0BD811C0329B9
:105080000AD30146113101D0103002D10420C043AF
:1050900070470420C043001D7047704718B5202397
:1050A0009B1A04D8010000205B42994004E00400F0
:1050B0009140DC402143904018BD10B5002900D03C
:1050C00010BD04460A2001F08FFF21680122104024
:1050D00091430818206010BD10B5002900D010BD04
:1050E0000446092001F080FF21680122104091430D
:1050F0000818206010BD10B500280AD0044640886A
:10510000002806D017212046F6F748F82046FCF77D
:105110002DFE10BD70B51C4615460E46FAF74CFA2A
:10512000002804D0868205864486002070BD0120B8
:1051300070BD012809D0832805D0032803D0022898
:1051400001D1012002E0022000E000200870704739
:10515000002805D0410705D4C10705D001207047BC
:10516000002070470420704702210840704710B5A6
:1051700003460020002B06D0002A05D01C78521EC2
:105180005B1C8C42F8D010BD012010BD10B5044648
:105190006120205C012804D0002805D1206BFAF79B
:1051A000E7FB2046FAF7E4FB10BD80B5024602207B
:1051B000002A08D0002906D0531C102208461946A0
:1051C00000F026FF002080BD80B502460220002AA4
:1051D00008D0002906D0531C10220846194600F0BA
:1051E00017FF002080BD80B502460220002A08D0AB
:1051F000002906D0531C10220846194600F008FF6B
:10520000002080BD80B502460220002908D0002A77
:1052100006D0531C10220846194600F0F9FE002063
:1052200080BD80B502460220002A08D0002906D0A1
:10523000531C10220846194600F0EAFE002080BDEB
:1052400080B502460220002A08D0002906D0531C4F
:1052500010220846194600F0DBFE002080BD80B514
:105260000A681278082A01D0022A03D10222E5F73F
:105270003BFE80BD0020C04380BD80B50A68127827
:10528000082A01D0022A03D10122E5F72DFE80BDB4
:105290000020C04380BD80B50A681278082A01D07A
:1052A000022A03D10122EDF7F1FD80BD0020C043A9
:1052B00080BD80B5F6F7CEFCF2F7B0FFFAF7D2F872
:1052C000FDF794FCFFF73EFC01F072FB80BD7047D8
:1052D00010B50C46EDF76EF9002C03D002482146BC
:1052E00000F042FE002010BD09750200B0B50C466A
:1052F0000546FEF7EDFE03490D604C6000F0BAF87C
:10530000B0BDC0461878002018B50090002908D01C
:10531000002B06D0491E5B1E0098441C00940270AE
:10532000F4E718BD48680178407800024018034946
:10533000884200D100BE00207047C046272A0000E6
:10534000FF2807D0044A5268800013588B4201D0CE
:10535000101801607047C04650B502001CB50446E5
:1053600001A81A210122F9F781FC002803D0019934
:105370000C70F7F783FF1CBDE0B500F0EDFC01AA4F
:10538000107003480121EFF7B1FD00208CBDC0462D
:1053900074FC00001CB5E6F745FC01AC2070034826
:1053A00001212246EFF7A2FD20781CBD2720000036
:1053B000E0B5FFF754FE01AA107003480121EFF792
:1053C00095FD00208CBDC046102000001CB5F8F7EC
:1053D00037FC01AC2070034801212246EFF786FD1F
:1053E00020781CBD292000001CB5F6F7A5F801ACFB
:1053F0002070034801212246EFF778FD20781CBD7C
:10540000282000001CB5F6F7C5F801AC2070034851
:1054100001212246EFF76AFD20781CBD2D200000F7
:105420001CB5FBF739FF01AC20700348012122466F
:10543000EFF75CFD20781CBD4E2000001CB5F9F78D
:1054400065FA01AC2070034801212246EFF74EFDBA
:1054500020781CBD2E2000001CB5F4F781FD01ACA6
:105460002070034801212246EFF740FD20781CBD43
:105470002420000080B505490968C90502D080F3E1
:10548000108880BD01F04AF980BDC04604ED00E0FF
:1054900070B50C460546FEF71BFE0646E1B22846EF
:1054A000F5F762F83046FFF7E5FF70BDB0B504468A
:1054B00000F0E0FF05462046FCF702F904462846C6
:1054C00001F076F92046B0BD80B503461220002BCE
:1054D00007D0002905D0002A03D01846F7F7F6FEBA
:1054E000002080BD80B5002801D00179818003486B
:1054F000007801218905EDF7F7FA80BDDA6900200F
:1055000080B5012904D84900034A535A83435352B2
:10551000F8F7E2FB80BDC0463869002080B501295C
:1055200004D84900034A535A03435352F8F7D4FBB3
:1055300080BDC04638690020027C437C1B029A185B
:10554000837C1B04C07C0006C01880180068484398
:105550006421FFE782B00094014C019410BD00BFAC
:105560005100020080B5002801D104480068806D18
:10557000002801D0FAF7FCF980BDC046E879002088
:1055800010B50322002A08D083B20007C00E0C5ABF
:10559000641C0C525809521EF4E710BD70B5044942
:1055A000024678C978C203490978017070BDC046C7
:1055B00080B50200A4B7020005484178002904D153
:1055C0000178012901D10121417000207047C046B6
:1055D000B2750020E0B5022001A9F8F787FC002889
:1055E00000D08CBD0320012101AAEFF73BFE8CBD4A
:1055F00010B5FEF76DFD04494C6900224A61FFF7C2
:1056000039FF204610BDC0462C70002010B5054B58
:10561000002AC0B205D0521E0C784440185D491CC7
:10562000F6E710BDB4A2020005491C310968002943
:1056300004D00A898242F9D1C87A704704207047A1
:10564000D871002080B51A2806D80121814003486E
:10565000014201D0FDF71CFD80BDC04600100204D0
:1056600010B50C46FEF732FA002806D0817A4A1CA3
:10567000A24202D180221140817210BD0549096801
:10568000002904D08A888242F9D1886870470020B6
:105690007047C046F079002010B50C46FDF724FD98
:1056A000002806D001794A1CA24202D18022114072
:1056B000017110BD80B50549002803D14A78012A3F
:1056C00000D180BD4A680978904780BD34790020B8
:1056D00010B504242046FCF7ADFA204600F01AFF6E
:1056E000002800D010BD01F00BFA10BDB0B50D467A
:1056F00004463E21F9F7BAFA002804D04168CD707B
:105700004168091D2160B0BD07220240C008890020
:10571000034B5958095CD140012008407047C046EE
:10572000DC78002080B50146801F0078032803D173
:1057300002480078FEF79CFF80BDC046F269002059
:1057400010B504467D20C2004A432346093302486F
:10575000214601F06FFD10BDF750020010B50C4658
:10576000F9F72AFF01460120002904D0CA8AA24283
:1057700001D0CC82002010BDFF2806D08000044953
:1057800008184068411E8841704700207047C04695
:105790006463002005490A681C234343D018002293
:1057A00082600868C018C2607047C046B4750020A7
:1057B00080B5FF2806D08200034B9A185268002A51
:1057C00000D0904780BDC04664630020112801D0FE
:1057D0000D2802D1002903D008782D380E2801D3D6
:1057E000002070470120704700280AD0032A01D00A
:1057F000042200E00622002900D10222018E511865
:105800008161704780B5044A9080044A1170FBF7AB
:105810001FFAEEF7B9FA80BD00680020F969002090
:10582000024605480068002805D083688B42F9D1FC
:10583000037B9342F6D17047C869002080B50448C5
:105840000021016001F084FE0249086080BDC0466D
:10585000406900209869002010B580244440042C41
:1058600001D300F0FDFD02480019007B10BDC046C9
:10587000D87700201CB50B460004001D03494C6975
:10588000009200210A46A0471CBDC046706400205B
:1058900010B50446801EF9F759F90249086002481C
:1058A000448010BD5C6000407A79002010B5044649
:1058B000801CF9F74BF9024908600248048010BDCA
:1058C000586000407A79002080B502460220002A04
:1058D00007D0002905D052780846114602F0EEF9AB
:1058E000002080BD80B50268044B9A6042681A604F
:1058F000806858600846F6F7C5FC80BDAC7800208B
:1059000010B50C46044909681831FCF7E1FF012184
:105910002046F1F7D5FC10BDE879002080B513785A
:10592000082B01D0022B03D11023EDF799F980BD8C
:105930000020C04380BDB0B50023002A05D010C8A8
:1059400020C965402B43521EF7E758425841B0BD6D
:1059500070B514460D4606462020FBF7B1FE3146D1
:105960002A462346F8F76AFE70BD10B5C36F08C11A
:1059700000249C4204D208CA641C08C1C36FF8E723
:10598000184610BDE0B501AB1970012159709A702D
:10599000110AD97004211A46FDF7ACF98CBD0346F3
:1059A0001220072905D8002B03D0585C104201D0E3
:1059B000002070471120704710B50024002806D041
:1059C000C01D80B2F0F73AFDFF2800D10124204627
:1059D00010BD10B5002808D00446007841087E2983
:1059E00003D8F7F703FEFF20207010BDB0B50446C2
:1059F000FEF76EFB054601212046FFF781FD284694
:105A0000FFF738FDB0BD80B5002A07D0042803D0C9
:105A1000012803D1022000E000209047002080BD33
:105A2000B0B50446FEF754FB054601212046FFF7BA
:105A300075FD2846FFF71EFDB0BD10B5130607D053
:105A4000521E4B1C0978441C017020461946F5E78C
:105A5000084610BD80B50A46014640B2002801D470
:105A6000012002E00020F3F72FFCC0B280BD10B58A
:105A700000220F2A07D803780C785C400470521C6F
:105A8000401C491CF5E710BD04490A6802604A68D9
:105A900042608A688260C968C160704790000C40AB
:105AA00004490A6802604A6842608A688260C9687C
:105AB000C160704790000C400168044A1160416861
:105AC000516081689160C068D060704790000C4060
:105AD00080B5F5F71DFCF7F771FC02480121017054
:105AE00080BDC046F7720020086801780620C043D8
:105AF0000829024600D0821D022900D010467047B6
:105B000004490A6802604A6842608A688260C9681B
:105B1000C160704770000C4004490A6802604A681E
:105B200042608A688260C968C160704770000C403A
:105B30000168044A11604168516081689160C068E1
:105B4000D060704780000C4080B5002807D00170FD
:105B50000022C272827242720172FAF739F880BD75
:105B60008A780270012A01D0122000E004200988FE
:105B70004143481C80B270470A7802704A784270EC
:105B80008A788270CA78C2708888001D80B2704797
:105B90000A7802704A7842708A788270CA78C27035
:105BA0008888001D80B27047E0B50B460021009147
:105BB00002490122FBF76CFC8CBDC0465D6302000C
:105BC000E0B50B460021009102491822EAF78EFB4E
:105BD0008CBDC046D9740200E0B50B46002100918F
:105BE00002490422EAF782FB8CBDC04671630200C1
:105BF000022B07D1009811785278120251180180B7
:105C000000207047042070470420032B07D3012194
:105C1000194004D100985908818002600020704723
:105C2000022B07D100981178527812025118018086
:105C30000020704704207047E0B50B46002100911A
:105C400002490C22EAF752FB8CBDC0468563020074
:105C500010B504460A784B880248214600F084F9C2
:105C6000C0B210BDBDBA000004490A68F8239A43C7
:105C7000C006000E101808607047C046BC790020AE
:105C800080B50348034B13211022F1F795FC80BD2A
:105C9000A06B002098B6020080B5044A9278012AD1
:105CA00001D1F1F74BFC002080BDC046D871002027
:105CB0000E2803D840000349085A7047004870472F
:105CC000FFFF0000B476002010B5044C207001F0F6
:105CD00091F920780521FEF743FA10BDE96900200B
:105CE0000C30491C491E05D0036810309342F9D18D
:105CF0001C3870470020704703480168034808407B
:105D0000411E88417047C04604ED00E0FF010000DD
:105D1000B0B5044600F0AEFB0546204600F020FF7B
:105D2000284600F045FDB0BDE0B513460A460349DC
:105D300000910121F2F7B6FD8CBDC046D1030200EF
:105D4000E0B513460A46034900911321F2F7AAFD74
:105D50008CBDC046197002000721014003D00348E2
:105D60000170002070471E207047C0463D7A002019
:105D700080B50448C0697D21EEF76CFD40B240104B
:105D800080BDC0464074002080B5400041180348E3
:105D9000C069C9B2EEF75EFD80BDC0464074002008
:105DA0000348012101700348002101707047C0467B
:105DB000E5690020086A002010B5044CA468C00200
:105DC0004118204601F0C9FA10BDC046A473002056
:105DD0001CB501AC227001232246FBF7CDFA014924
:105DE00008701CBDA473002080B504488068FAF7D1
:105DF000A9FD002801D00220C04380BDA07800206A
:105E000080B5C98802480022024B00F0ADF880BD81
:105E10000175020040E2010080B50449486800288D
:105E200003D04978002900D0804780BDF874002055
:105E300080B5FEF749FA0348006801210904F8F724
:105E400061FE80BD94650020421A081A0349884209
:105E500000D30846510F00D150427047FFFFFF7F2B
:105E600080B50346002901D1032200E00222002070
:105E70001946E6F7B7FE80BD80B50449C968091820
:105E800000200222E6F7AEFE80BDC04694650020E9
:105E900080B5FEF719FA0348006801214904F8F7B4
:105EA00031FE80BD94650020044908704A78FF2ABD
:105EB00002D0824200D948707047C046EC6300208F
:105EC00080B5012804D10846114600F089FD80BD47
:105ED0000846EEF783FB80BD10B50C46F3F776FB62
:105EE000002C04D0002802D1204601F05DFD10BD39
:105EF000801EC0B2162803D8800002490858704797
:105F000000207047B8A90200801EC0B2162803D82E
:105F100080000249085870470020704714AA020008
:105F2000002800D10248034A506051707047C046B3
:105F30006D7D02003479002010B5044C204600F03D
:105F4000E7FD1434204600F0E3FD10BDC46E0020D0
:105F500001218907024A1160024908607047C04662
:105F6000540008402C21024083B0C0B503AF0EC7D7
:105F700003A90091F5F722F888BC02BC03B00847DA
:105F800010B50C46F9F718FB002803D0342144540F
:105F9000002010BD012010BD014604480068002803
:105FA00002D006224A4380187047C0464C69002040
:105FB00080B5F9F701FB002804D0807C082801D1C6
:105FC000012080BD002080BD80B5002807D0FF21C2
:105FD0000631415C090702D50E21F4F7F1FB80BDC3
:105FE000034A5268034B1B78D21811547047C046BD
:105FF000D8770020A8B702000A684968002A03463B
:1060000000D013465960002900D00846026070474E
:1060100010B5002A07D0521E4B1C0978441C017091
:1060200020461946F5E710BD0348002101800348CA
:10603000012101707047C046D06900204D7A0020D0
:1060400010B5491E002A06D0531E8A5C441C0270FB
:106050001A462046F6E710BD10B5044C2046F8F766
:106060009DFC21680020884710BDC0467064002058
:1060700010B513460A460004001D0249CC690021F0
:10608000A04710BD7064002080B5002807D0002113
:1060900001608160C1600A460B46EAF783FA80BD61
:1060A00004480168002903D001680A6D521C0A6582
:1060B00000687047E879002002460220002906D0D7
:1060C000002A04D00520087010784870002070471E
:1060D0000449086880690A68D26A0A239A1A09681A
:1060E0008A617047E879002072B604480168491C4B
:1060F0000160BFF34F8FBFF36F8F7047FC790020B3
:106100000120000703490860BFF34F8FBFF36F8F73
:106110007047C04604ED00E0B0B50C4608250021EC
:106120002846FCF734FB002800D02571B0BD70B5BF
:1061300014460D460646FDF7CBFFB561F461FFF747
:1061400099F970BD0022002904D003781A43491E32
:10615000401CF8E75042504170470918491E8842D8
:1061600005D202780B7803700A70401CF6E770477E
:1061700070B514460D460646FDF7AAFF7560B4607B
:10618000FFF778F970BD10B504C91346002B03D092
:1061900010C910C05B1EF9E7104610BD012806D1DA
:1061A0004879C021014040394842484170470020A9
:1061B00070470021102905D0425C491C002AF9D003
:1061C000002070470120704780B502461220002A47
:1061D00004D0002902D0104600F0CAFD80BD10B5E1
:1061E0000C46FEF75FF8002C03D001462046FEF770
:1061F0006BF810BD0B784D782D02EB188D782D04BF
:10620000C97809064919C91802E70840412149021D
:1062100001431180000C9070022005430D9C7047D3
:1062200004C10122C36F5B1C9A4203D2002308C140
:10623000521CF7E77047022A06D10A78497809020A
:1062400089180180002070470120704700220A60F1
:1062500042684A60002A034600D013461960416034
:10626000704710B50446FFF73FFFA06B444244411E
:1062700000F054FA204610BD42684A6093688B6073
:106280005960916008610168491C0160704710B550
:10629000024601200021F6F74DF80446FFF7F4FE10
:1062A000204610BDB0B50023102B05D0C45CCD5CDA
:1062B0006540D5545B1CF7E7B0BD704780B5C000A2
:1062C000024A1018FDF782F980BDC046D4B602001C
:1062D00080B503490A68D207FCD1FFF711FC80BDE5
:1062E0001C000C4080B501F0EFF80248012101705C
:1062F00080BDC046477A002080B50021417611203C
:10630000F5F708FE1020F5F705FE80BD0348824230
:1063100001D30020704701207047C04601100000E3
:1063200080B5017F002904D0002101770120FBF70F
:1063300081FC80BD10B50C4600F0E2FA0148046013
:1063400010BDC0462C000C4080B5C000024A101899
:10635000FBF7A6FE80BDC046DCB602000A780270DC
:106360008A784270CA7882700979C17004207047B7
:106370000A7802704A7842708A788270C978C1704F
:10638000042070470A7802704A7842708A788270D6
:10639000C978C1700420704780B501460248FFF7F4
:1063A000E3FDC0B280BDC04611F3010080B50248D4
:1063B000024900F0EDFA80BDBF670020F5E501005D
:1063C00080B50A460146024801F0C6FA002080BDA9
:1063D000AF67002003490988814201D0FF20704740
:1063E00000207047A068002080B501460248FAF7F7
:1063F000A9FA4142484180BD80620020B0B5059CA9
:10640000049D07462C372EC7C463FEF7CBFBB0BDF7
:1064100080B5C000024A1018F9F73AFC80BDC046AA
:10642000E4B60200FF2803D0012181400148016049
:106430007047C04674300240FF2804D001218140DB
:10644000014801608160704764300240FF2803D03A
:1064500001221140014A81547047C0460031024078
:1064600082B001A80121017001A800780028FBD1A9
:1064700001F0FAFA10B5FDF72BFE0446FFF7B8F865
:10648000210480B2401810BD0022002903D008C8A2
:106490001A43491EF9E7504250417047001F024A13
:1064A0001080024801707047167A0020647900203D
:1064B000012803D802490870002070471220704755
:1064C000066A0020C00705D048798009022801D853
:1064D00000207047012070470348016801225206DE
:1064E000914301607047C0467034084010B50446BF
:1064F000FDF7EEFD002121606160FEF7BBFF10BDDE
:106500007FB508AE70CE009401950296F0F7FCF9C5
:1065100004B070BD042802D80249085C704701200D
:10652000C04370472869002072B603480168012201
:106530000A430260FEE7C0462C00004080B50348D5
:106540008068002800D0804780BDC046B878002011
:1065500080B503484068002800D0804780BDC04611
:10656000B878002080B503480068002800D0804734
:1065700080BDC046B878002080B5C000024A10181F
:10658000F6F7F4FE80BDC046FCB6020080B50349B4
:10659000496809680078884780BDC046D4760020E5
:1065A000002803D00249486000207047112070473E
:1065B000D476002040B584B002AE0096EDF76CFFB3
:1065C000029A039B04B040BD80B540880249097817
:1065D000F8F758F880BDC0469F68002080B5034892
:1065E00000780821ECF780FA80BDC0469F68002043
:1065F00010B5044600F0CAF8002801D02018441E47
:10660000A0B210BD03480168012292070A4302604C
:106610007047C04644000840034801680122520701
:106620000A4302607047C0464400084003490868B6
:1066300003225207904388607047C0464C000840D0
:106640000A7802704A7842708A78C97809028918F3
:106650004180704703490968002902D08988890070
:1066600001607047AC69002080B5034907220A70B9
:1066700000F0F6FC80BDC046F9690020024A1060B7
:10668000024801607047C046A86900209C6900204C
:1066900080B50349142201F05FF9002080BDC04697
:1066A0006CB40200024609681620092903D80029A3
:1066B00001D011600020704780B50A46024B1121BD
:1066C000F6F722FC80BDC046A54E020080B50A4602
:1066D000024B1121F6F718FC80BDC046C54E0200E2
:1066E00080B50A46024B1121F6F70EFC80BDC0466C
:1066F000654F020002460220002904D0002A02D081
:106700005078087000207047034C2046E8F7F4FAF0
:106710000A20FBF7E1FBF8E7D06C00200348016892
:10672000491E016000D0704762B67047FC790020B6
:1067300080B513460A4601460148FEF717F880BDAA
:10674000C1790200012B04D100981178017000205A
:10675000704704207047BCB5002804D0069C05682B
:106760002D690094A847BCBD80B5FDF7A9FE00289F
:1067700001D0807880BD002080BD80B5FEF792FA00
:10678000002801D0807880BD102080BD80B5FEF744
:1067900089FA002801D0008880BD002080BD4A0908
:1067A000920082581F200840C240012010407047CC
:1067B00010B5040C80B2FAF701F92046FEF75AFE34
:1067C00010BD806802680A60406848600120C0020D
:1067D00088607047606B010A020C030E20706170C4
:1067E000A270E3707047A06F029989004258D243AB
:1067F00042500298401C7047B86B010A020C030E0D
:1068000038707970BA70FB7070470F2101407D209D
:1068100042014A43A11880010D18704780B5FEF768
:106820002DFF002801D0806880BD002080BD80B58C
:10683000F8F7C2FE002801D0C08A80BD002080BDCC
:106840001CB501AC00202070204600F0E5FE207849
:106850001CBD80B5F8F7B0FE002801D0807C80BD5B
:10686000002080BD10B50B46044611461A4600F0C4
:1068700009FB204610BD81B00020009072B6009840
:106880000028FCD001B0704780B54621415C00294A
:1068900000D080BDF9F76CF880BD10B500239A4296
:1068A00003D0CC5CC4545B1CF9E710BD80B50B462B
:1068B00003214258C11D184601F04EF880BD7047B3
:1068C000B0B502493CC93CC0B0BDC04600B50200ED
:1068D000B0B502493CC93CC0B0BDC04610B50200CD
:1068E00080B502491C2201F037F880BD54B2020085
:1068F000B0B502493CC93CC0B0BDC04620B502009D
:1069000080B541680148EEF70BFE80BD50000C4099
:10691000B0B5044601252846FCF7DEFA2577B0BD60
:1069200080B5024A1160FFF7F3FF80BD20000C40E4
:10693000B0B502493CC93CC0B0BDC04630B502004C
:1069400080B501460148EEF7EBFD80BD90000C409C
:106950000A7802704A7842704888801C80B270477A
:10696000E0B50021009119220B46FAF791FD8CBD8C
:10697000E0B50021009113220B46FAF789FD8CBD8A
:1069800080B50368416801221846F7F7EBFD80BD2A
:106990001CB5044601A8FDF7ADFB019921701CBD93
:1069A00080B50248FDF7EAFC80BDC0468062002049
:1069B00080B50248F8F746FC80BDC046D07800207C
:1069C000B0B502493CC93CC0B0BDC04640B50200AC
:1069D00002484068411E88417047C0461479002033
:1069E00080B5F8F7A5FD002801D0EDF7F7FD80BDD3
:1069F000FF2802D00149012242547047003302406F
:106A0000002804D00021CA4306C00121017070474C
:106A10000178024A117040785070704769790020FF
:106A20001CB501AC0121204600F051FC20781CBDB2
:106A3000002802D00149497801707047EC680020B5
:106A400080B50248FEF7D2FF80BDC046CE070000E9
:106A500080B50248FEF7E4FF80BDC046CE070000C7
:106A6000024801880029FCD07047C0460420094034
:106A700080B50346002208461946F5F75BFC80BD49
:106A800080B50B46014610461A46FEF7BFFD80BD95
:106A900080B58900091D89B20423FFF78DF980BDF7
:106AA0001CB501AC01232246FFF786F920781CBDF6
:106AB00080B502488068FDF761FC80BDA0780020A9
:106AC00080B50248F3F7E0FE80BDC046FFF9000044
:106AD000A26FE06F8000295812185268002A704790
:106AE000114008431880080C987002200543704735
:106AF0000248C068400700D430BF7047F8740020D7
:106B000080B502484069FBF70BFD80BDF87400209A
:106B100080B501460148FDF7E9FB80BDB46800205F
:106B2000002804D0017A022901D10068F8E77047F3
:106B3000012801D8014908707047C0465A7A0020E0
:106B4000012801D8014908707047C0465C7A0020CE
:106B500080B50249142200F0FFFE80BD58B4020047
:106B600080B5002803D008380068F8F701FF80BD21
:106B700002490A7802430A707047C0463E7A0020F4
:106B800010B50446801CFEF724FFFF20E07010BD06
:106B9000024800210160C943016170474400084078
:106BA000024800210160C943016170478400084028
:106BB00002490A6882430A607047C04644000840A0
:106BC0000248016802220A430260704784100040B4
:106BD00002490A6802430A607047C0464400084000
:106BE000024800683F21890688437047A41000408E
:106BF0000021C943014A11611060704784000840B8
:106C000010B50446407AF6F7F1FCFF20607210BD23
:106C100080B5002902D0F0F713FA80BD012080BDB5
:106C2000024909688988890001607047AC690020C1
:106C30000248817840220A43827070479E67002094
:106C4000002804D061239B00C01801704270704777
:106C500010B5044608898988F9F7FAF9E08110BD72
:106C600002490878002800D0886870470068002032
:106C700002494860002008707047C046047900202F
:106C80001CB501AC02212046FFF79EFA20881CBDEE
:106C900080B5C068002801D0FFF7F6FD002080BD58
:106CA00080B502480068FEF79DF980BDE8790020B4
:106CB000024800688546FDF7C9FC704700000000E7
:106CC00080B50146103102462032FEF7FDFB80BD43
:106CD00080B5002803D0002901D0FFF775FA80BDE8
:106CE0008268024B13400B4383607047F73FFC0000
:106CF00080B50A4603214158104600F041FA80BD94
:106D00000A8849884A430170501C80B270470A883B
:106D100049884A430170501C80B2704780B50146D3
:106D200040680722F7F71EFC80BD80B501460020B1
:106D30000622F7F717FC80BD002A03D008C908C057
:106D4000521EF9E7704780B5C16202638363FDF7A5
:106D500059FF80BD80B501210904FDF753FE0020D5
:106D600080BD80B5002802D00068F3F717FF80BD12
:106D700080B5FDF741F9002800D0032080BDBCB5E7
:106D8000069C05686D6A0094A847BCBD0590254621
:106D90000C3500210622284600E0704782B000949E
:106DA000014C019410BD00BF6F510200069A10788B
:106DB00081210902401810807047206FE16DCA19C7
:106DC000A36FE16F00917047089B19889A781204AD
:106DD000891800027047A8680119005D4978090206
:106DE00008187047A9680024385700903046049B63
:106DF00048E11CB5049C0094EBF786F91CBD0138F2
:106E0000FDD170473D200599487001200C90087015
:106E100070470746288969892A460D322B7B7047BF
:106E20004289521C92B27B889A423B467047A179B4
:106E30000A98027843888088009070476289218987
:106E4000481C80B28242079B7047206EA16E274685
:106E500074378CCF009770470998026890002D18FE
:106E6000761C2778704780B5002001220146E5F79F
:106E7000B9FE80BD002903D0002204C0491EF9E7F5
:106E8000704770470B4611461A4680B500F039F836
:106E900080BD80B5416980698847F5F76FF980BD8D
:106EA00010B57D24E400624300F0C4F910BD807B7E
:106EB000012802D1332001220A5470470021425C8C
:106EC000491C002AFBD1481E7047012901D9162010
:106ED000704701610020704780B50A4601460120D5
:106EE000EFF7ECFF80BD80B50A4601460220EFF7C0
:106EF000E5FF80BD0021425C491C002AFBD1481EF1
:106F0000704700239A4202D0C1545B1CFAE77047D5
:106F10000021016041608160C16070470021016013
:106F200041608160C16070470A78027049784170A1
:106F300002207047014908607047C046A4790020CC
:106F4000014908607047C046A879002080B5FBF76A
:106F5000C7F9FAF76BFD80BD014948807047C0460C
:106F6000BC790020014948707047C046BC790020B8
:106F7000014800687047C0460421024004230370A2
:106F8000416082600020704702230370416082608C
:106F900000207047002101730160416081607047EB
:106FA000014A81507047C0460050024080B506201B
:106FB000FEF77EFEC0B280BD0148401C7047C0464F
:106FC00050760020014908607047C046DC790020F7
:106FD000014908707047C0463F7A00200149087097
:106FE0007047C046517A00200149405C7047C04656
:106FF00000360240014908707047C046EC69002025
:10700000014908707047C046ED69002001490870C9
:107010007047C046EE6900200A78027049784170D6
:1070200002207047014800887047C046167A002049
:10703000014800787047C046E87700200148807812
:107040007047C046EC680020014800787047C04691
:1070500070770020014800687047C046B46900207E
:10706000014988707047C046EC68002001480078EC
:107070007047C046E7690020014908707047C04664
:10708000F47600201CB5049C0094ECF7D5FD1CBDE3
:107090002818001F006852420023FFE782B00094C6
:1070A000014C019410BD00BFB5650200109908881D
:1070B000401E088000047047A26F0832204629460F
:1070C0002B46FFE782B00094014C019410BD00BF35
:1070D000C173010001431180000C907002207047C1
:1070E000115C1046483002790A98FFE782B000949C
:1070F000014C019410BD00BF29000100A16EA36FD7
:10710000E26F00920A462847014801688160704793
:107110004C2000400148C0687047C046F874002009
:107120000148002101607047EC79002001480068A7
:107130007047C046EC79002088790321081A00D2F4
:1071400000207047014908607047C046A0790020C0
:10715000014800787047C0465A7A002001480078FC
:107160007047C0465C7A0020014948707047C046AD
:10717000BA6F0020014800687047C046E8790020D7
:107180000A46002180B5FFF7BCFE80BD01490870AA
:107190007047C046F2690020014800787047C04639
:1071A000D8660020014811307047C0465076002054
:1071B000014800787047C0463E7A002001490860C7
:1071C0007047C046E4790020002801D000200870F4
:1071D00001207047014948607047C0462C79002063
:1071E000014908607047C0462C79002001480068BA
:1071F0007047C04600210240014908688860704716
:107200008C000840014908707047C046F5690020AD
:10721000014800787047C046F669002001490870AF
:107220007047C0464B7A002001488068008870474C
:10723000006800201CB500240094EDF759FB1CBD2C
:10724000014988607047C046F877002080B500216A
:10725000C943F9F7DCF880BD00210160416081601D
:1072600008467047014901607047C0468C6700209E
:10727000014948607047C0468878002080B50B20DF
:107280000021EBF7C7FF80BD80B52421FFF778FF11
:1072900080BD80B50068FFF72FF880BD80B500681D
:1072A000FFF72AF880BD80B51122F7F75BF980BDA2
:1072B00080B51022F7F756F980BD80B50F22F7F799
:1072C00051F980BD0021016041608160704780B547
:1072D000FBF76EF9002080BD80B51121FFF750FF4C
:1072E00080BD80B50022F0F7F5FD80BD80B500219E
:1072F000FEF70AFA80BD80B50121FEF705FA80BDD0
:1073000080B50221FEF700FA80BD80B54168806833
:10731000884780BD80B50C38FEF7FAFC80BD80B58B
:107320000421FFF725FD80BD80B50821FFF720FD72
:1073300080BD80B5002100F06BF980BDC0B27F3800
:10734000411E8841704780B503689B68984780BD9F
:1073500080B50268D268904780BD10B50468E469C2
:10736000A04710BD2420315C491C3154704761682E
:10737000486889680978FFE782B00094014C01945D
:1073800010BD00BFC54A020010889178090440185A
:107390007047B81E0A9981408E427047A36FE26F12
:1073A00000920A4670479259A36FE76F00977047A3
:1073B000A36FE26F00920A46304705460F46069AD1
:1073C000059BFFE782B00094014C019410BD00BF03
:1073D000C5430200E16E0690079108907047A36FC5
:1073E000E26F00920A463047A36FE16F0091314689
:1073F0003847E16CA36FE66F009628479259A36F58
:10740000E56F0095704784081D341E212046FFE774
:1074100082B00094014C019410BD00BF51000200E5
:1074200080B50322E5F73EFB80BD80B50121EDF775
:1074300025F980BD401A400F411E8841704780B534
:107440000122EFF7B7FC80BD80B50120FAF7F2FB0F
:1074500080BD80B50120FBF73FFD80BD80B50420D5
:10746000FBF73AFD80BD80B5162000F065F880BDC1
:1074700080B5172000F060F880BD80B5142000F0C2
:107480005BF880BD80B50721EBF7B6FD80BD80B508
:10749000001DEDF749FC80BD80B5032100F0D4F854
:1074A00080BD80B5FF2000F042FC80BD11784239DC
:1074B00048424841704780B5F6F706FF002080BD7E
:1074C00080B5FEF705FB80BD80B5FEF701FB80BDF2
:1074D00080B5FEF7FDFA80BD097801700120704784
:1074E00008888004000C7047481E8141880070475E
:1074F00000487047A068002080B5FDF713F980BDF3
:1075000080B500F0B9F880BD80B500F0B9F880BD55
:1075100080B5FFF795F980BD80B5ECF78DF980BD9A
:1075200080B5FCF7BBF980BD80B5F9F745FE80BD9D
:1075300080B5FCF763F980BD80B5F6F75BFB80BDD5
:1075400080B5FEF7E5FB80BD80B500F092FA80BD06
:1075500080B5FFF70DFD80BD80B5FDF7A7FF80BDAD
:1075600080B500F045F880BD80B5F4F73AFF80BDE6
:1075700080B5E1F783FA80BD80B5F4F7EFFB80BDFD
:10758000004870476C5E002000487047F06700209C
:1075900080B5F1F711FD80BD80B5EAF7A9FF80BD88
:1075A00080B5F5F7ABFF80BD4068002101707047E2
:1075B00080B5FFF7FBFC80BD80B5F9F71FF880BDF3
:1075C00080B5FBF712F980BD80B5F4F7DFFE80BD12
:1075D00080B5FEF761FB80BD80B5FFF79DFF80BDE4
:1075E00080B5EEF73FF880BD80B5F4F7E3FB80BDD2
:1075F00080B5F2F7EBFF80BD80B5FAF7D1FE80BD14
:1076000080B5F8F7C5FB80BD80B5F2F70DFC80BDF5
:1076100080B5ECF75FFC80BD80B5FFF709FA80BD4F
:1076200080B5F9F701FE80BD80B5F6F72FFB80BD70
:1076300080B5E4F7ABFB80BD80B5FEF7B1FB80BD44
:1076400080B5FCF73FF980BD80B5FFF7E9FE80BD4E
:1076500080B5F8F77DFC80BD80B5FAF791FF80BD5D
:1076600080B5F9F715F980BD80B5F6F7F3FB80BD5D
:1076700080B5F3F773FC80BD80B5F9F725FF80BDB9
:1076800080B5FCF7E7F980BD80B5EEF75FFF80BD00
:1076900080B5FFF799FD80BD80B500F0FFFA80BD91
:1076A00080B5E3F721FF80BD80B5EAF793FD80BD8B
:1076B00080B5F4F717FF80BD80B5FFF7B1FA80BD44
:1076C00080B5FFF7B5FA80BD80B5FBF7A7FD80BD9B
:1076D00080B5FDF757FB80BD80B5F9F781FF80BD10
:1076E00080B5F7F7ADFF80BD80B5FAF7D9FF80BD53
:1076F00080B5E8F70FFD80BD80B5FFF7A1FA80BD2A
:1077000080B5FCF75BFF80BD80B5E9F7BFFB80BDAE
:1077100080B5F5F7B3F980BD80B5E3F7CBF880BD50
:1077200080B5E6F7B7FC80BD80B5FCF759FF80BD9A
:1077300080B5E3F795FF80BD80B5F9F7A7FA80BD66
:1077400000487047FFFF000080B5E6F7FDFA80BDF6
:1077500080B5DCF737FE80BD80B5F7F75FFB80BDF5
:1077600080B5E7F745FD80BD80B5E0F7D9F980BD6C
:1077700080B5D9F7C9FA80BD80B5DBF719FC80BDAB
:1077800080B5EDF71DFB80BD00487047FFFF00008E
:1077900080B5E0F709FB80BD80B5DEF717FF80BD3F
:1077A00080B5E2F745FD80BD80B5F6F7CFFC80BD22
:1077B00080B5FEF74FFF80BD80B5FCF723FF80BD8D
:1077C00080B5F7F7BBFB80BD80B5FEF74DFF80BDF0
:1077D00080B500F06BFA80BD80B5F6F729FD80BD5D
:1077E00080B5FFF764FB80BD80B5F3F747FC80BD33
:1077F000069829462246FFE782B00094014C019486
:1078000010BD00BFC9540200123108222846FFE70C
:1078100082B00094014C019410BD00BF054E0200DF
:10782000214601408142704731784D432946A7E403
:107830001198007801287047204629462A46FFE71C
:1078400082B00094014C019410BD00BF01530000B0
:10785000A36FE56F00953047024020462946FFE7B9
:1078600082B00094014C019410BD00BFD15D0200B4
:10787000284632462346FFE782B00094014C01942B
:1078800010BD00BFDD39020090202158204677E46A
:10789000A36FE66F0096FFE782B00094014C01945D
:1078A00010BD00BF795E0000998119462231FFE7C3
:1078B00082B00094014C019410BD00BF2319020056
:1078C000044630782146FFE782B00094014C0194D1
:1078D00010BD00BF411302000220A871A868FFE795
:1078E00082B00094014C019410BD00BFDD45010041
:1078F000A36FE76F00973047C11D06222846FFE7B8
:1079000082B00094014C019410BD00BF11600200D0
:107910001920010128467BE5204629462A46FFE733
:1079200082B00094014C019410BD00BF89E40100B5
:107930000299039C2246E3E7A36FE76F0097704725
:1079400000210172C1607047802280580860704732
:10795000002101704160704780B5FEF79EFF80BD39
:1079600080B5EFF7E5F980BD80B5FBF7E9FB80BD99
:1079700080B5FBF7E5FB80BD80B5F9F76DFD80BDF7
:1079800080B5F9F739F880BD80B5FFF72FFC80BDD1
:10799000016848424841704780B5FFF7DDFD80BD72
:1079A00080B5FBF703FF80BD80B5FFF7C9FD80BD43
:1079B0004160826000207047EFF3108072B670471C
:1079C00080B5F0F747FE80BD8170028070470120CE
:1079D000C04370470A460B4600E0704782B00094EF
:1079E000014C019410BD00BFA5050100F422204602
:1079F00000E0704782B00094014C019410BD00BFBC
:107A0000C17101002846214600E0704782B0009411
:107A1000014C019410BD00BF01610100A36F0095EE
:107A200000E0704782B00094014C019410BD00BF8B
:107A3000D55C00002A463B46C4E420463B46FFE7AF
:107A400082B00094014C019410BD00BFE9430200D4
:107A5000012080057047401A80B270478160002085
:107A6000704780F31088704700F009F8FEE7088837
:107A70007047012070478160704772B6FEE700BF13
:107A8000704700687047122070470220704701203D
:107A90007047012070470020704701207047012087
:107AA0007047002070470020704701207047012078
:107AB0007047012070470120704700207047002068
:107AC0007047012070470120704701207047012056
:107AD0007047002070471E2070470120704701202A
:107AE000704700207047002070470020704700203A
:107AF000704700207047002070470020704700202A
:107B00007047022070470020704700207047002017
:107B10007047002070470020704700207047002009
:107B200070470020704711207047112070471120C6
:107B300070471120704710467047002070470020A2
:107B400070470020704700207047002070470020D9
:107B500070470020704700207047002070470120C8
:107B60007047112070470020704700207047112097
:107B700070470020704700207047012070470120A7
:107B80007047002070470020704700207047002099
:107B90007047002070470120704700207047002088
:107BA0007047002070470020704700207047002079
:107BB0007047002070470020704700207047012068
:107BC0007047002070470020704700207047002059
:107BD00070470020704701207047012300E0704784
:107BE00082B00094014C019410BD00BFC9F60100A1
:107BF0000120FFE782B00094014C019410BD00BF4A
:107C0000150C02000098FFE782B00094014C01942B
:107C100010BD00BF755402000846C5E606226FE697
:107C20001020E7E70298FFE782B00094014C01942E
:107C300010BD00BF299001002046FFE782B00094EC
:107C4000014C019410BD00BF8D8901000020FFE7A9
:107C500082B00094014C019410BD00BFB5560200E3
:107C60000820C7E72046FFE782B00094014C01944A
:107C700010BD00BF757300000220BBE70020E7E7DE
:107C80000420B7E70830FFE782B00094014C01946C
:107C900010BD00BF11430200012070470020704753
:107CA0000020704700207047401A7047012070473D
:107CB000006870470068704700787047017070472F
:107CC00070477047704770477047704770477047FC
:107CD00070477047704770477047704770477047EC
:107CE00070477047704770477047704770477047DC
:107CF00070477047704770477047704770477047CC
:107D000070477047704770477047704770477047BB
:107D100070477047704770477047704770477047AB
:107D2000704770477047704770477047704770479B
:107D3000704770477047704770477047704770478B
:107D4000704770477047704770477047704770477B
:107D5000704770477047704770477047704770476B
:107D60007047704770477047FEE77047704770472D
:047D700070477047A1
:107D7400A10300000360070707108272DB679A7291
:107D840022B870B00071827290B0C080A01E844F7F
:107D94009A729CC023677AB00B12C080301601110E
:107DA4000114016C62602260226067609860D26294
:107DB4000F61CE6189619A610212906379B057892B
:107DC4004464B0A1A08D00222C40B0B141C097B052
:107DD40091911CC0236770A3C081101E734700706B
:107DE400106D1016106E0070B18411223A4079841F
:107DF4006995D184011E3F4499850070979370B3AF
:107E040091B00070908D3022CB47CE8780870E18BA
:107E1400101A5448401E884F81875268848785878A
:107E24003E1A007071C012785D60F1C0227891949E
:107E340081947195A29400708072229841B0309020
:107E4400226024647A8C8BC3BB2688601CC02367A1
:107E5400C0813022734341C097B0919167894464D3
:107E64001CC0236770A3C081101E73470070C367D2
:107E74003E12C5670E1E84404D2A4864CF679F6436
:107E84003B2A4A8970A33B228C447AA003129A723B
:107E94009166CD67808A501C574BB566C767596693
:107EA400BA647D6024640BC37D60D1CB36644BB06F
:107EB400B160008A01101039100810229B405D2A1D
:107EC400C1CB0422AD401422AD4036645D267D2230
:107ED400B14051CC36647D2A0D9ADC643D2A0D9A5A
:107EE400BB22C1446C6400701B225D47C466BB2284
:107EF400C1406C6400705080A022C7402B22C74050
:107F04005B2AB0101031B000502222406C64B0895A
:107F140002107006D5403239720602086D430070B3
:107F240010CC061CDB44C46671630070F0A08CC0E6
:107F340023677CC02367B0A150C0909137896189C1
:107F44001718446431CC36640070EE6410B07E625D
:107F5400AB22F544908A4022FC40BF670070BD67A5
:107F6400908A2022FB446B2E8B2A0070C88A6712E9
:107F740066CBD967F4609A72F3C092129C6723B0FF
:107F840022B070A37AB00A12AB22D741DB225D473C
:107F940015612464F3C0AB267A8C156170A3A472B6
:107FA400B9679166CD676E61B566908A30222441C7
:107FB400DB2224459B2224417B2A9B2AD3675966D2
:107FC400D6640B2201457B224A456B224A45208A0E
:107FD40000224041EB224041C466DB22224450800F
:107FE400A02253472B225347108A101A5149109A42
:107FF4006C640161A08950226147308A20222244A6
:10800400408A402222440161A08950226147308A7B
:108014002022014161636C64109AC3676712A267EE
:1080240000C404041431B08A603104003416549D31
:10803400CEC0E51050C001CB126DD2971116626903
:10804400CB67DC64DB264A89F3C06C64549D1461FD
:10805400DB222542308A20228045431E5B4750C2E2
:10806400501C5B4B651E5B4B588D7839671236CBC1
:10807400D9671A61AB228641731E5B475864D1638A
:10808400831E5B478461246470A37AB0F3C00A1230
:108094009166CD67B56607125966D664C4666C648A
:1080A400908D40228A4522602464AB260A12908D6A
:1080B4000022B541778DA79392B078B3B56172B0C1
:1080C4007AB05080A02253472B22534700715F801F
:1080D4000F223E472F22774392B072A07AA0C36743
:1080E4004864CB67DC646C641A166712908D202296
:1080F400C34557121022C345C461A267808D001E78
:10810400C9410A1C2240908D4022A54578A32260D3
:108114002464F3C0708A001ED64192B072B078B362
:108124000A12BB679166CD672562B566D367596647
:10813400D6640B2201457B224A456B224A45C4661C
:10814400831E6943731EF045308A20222240DB22BD
:10815400F04122606C64C3674610486492B072A018
:1081640078A3908A40220142F1866116A867742A96
:10817400662201427426708A001E0E42F186E3864E
:1081840040C10114E196628A2239D297E396E396BC
:10819400CB67DC64308A2022684569636C64C367FA
:1081A40046104864818921222246F1869116A867E7
:1081B400742A662222427426CB67DC646963EB2A44
:1081C400308A10223042731E4342208A10223042E9
:1081D400531EF242308A00223C42808A501C0149DC
:1081E400131E4742031E4F42AB223D460161231E2C
:1081F4005042631E4F42731E01455864D1635B6451
:108204005662C51E0145EE64A88A7712D6CAD9679C
:108214005662EB2650C2501C0149651E0149EE64AA
:10822400AB221A45DB61A08950225E42402AA09904
:1082340048226142709758226542408170976822B3
:1082440069423081709778226D42C08C7097882281
:10825400774240867097803970975086709780393E
:108264007097A18631067E423012101871977C6A8D
:10827400D767611036649C67A267671E86464DB057
:10828400C08C609C6110A2CB211800C010244090C7
:108294000D9A9DB000709B2A8B2A7B2A6B2AC1679A
:1082A4000A1E9B42A710446471B0BCC098B02367F7
:1082B40070A371A07AA09CB0CCC023673A649410D8
:1082C40045108431843985395E102E160070586447
:1082D4001E1A9CB0CCC023673A647997C9631E1EEA
:1082E400AD42C94B2E1AC94BFF22C0429CB0CCC030
:1082F40023679FB03A64B9975F80B5628CC02367E7
:1083040010C090917CC02367C081001EC84250C039
:1083140090912572B0B100702464F3C07AA0C36751
:108324004864CB67DC64B08C001E2240FB222244EC
:108334006C644A89B967BB6770A39166CD67F262C2
:10834400B5669B2AD36759661163BF67908A10226A
:10835400F1466B2E8B2A0B6320C2531EFE42C0C013
:10836400331EFE425B63C88A671266CBD9670B6310
:10837400501C5B47B08C2022F946531EEB42BD676C
:10838400908A00220B476B2E8B2AA88A7712D6CAB2
:10839400D9679B2AE662D6640B225D47C4667B22BA
:1083A4002244531E2043331E22446B222244FB26C4
:1083B4006C64D5626B22654322607180C124719024
:1083C40000715F800F223E47AB2236472F2236438F
:1083D40092B06A8A1A1A4A1E344F7A8A6A9A2663B3
:1083E400C1287190CF2077430112C124919000706D
:1083F4002B26C280121E8043221E844790B0A122E5
:10840400534726635712A26770A34C633B224F471E
:10841400576312C000C8B367906372C010C8B367D3
:10842400906322C020C8B367906392129C6732C0E5
:1084340030C8B367906332C040C8B3679063FB260B
:10844400308A2022144642C050C8B367906362C089
:108454009063A2CF8C6392CF8C63B2CF60C8B367B2
:108464008C639F2280471F224847AF2253472B2209
:1084740053478863C2CF70C8B3678C63E2CF80C8A8
:10848400B3678C63F2CF90C8B3678C63946721B8E9
:108494004FB00760946720B840B0076050C0909117
:1084A400DD67C08130229743329800704088026EA5
:1084B40081C6011C9C4700704088076E81C6011C60
:1084C400A2470070E386E19620C031CB126DD297AB
:1084D4001116AC6BE396E39600702094108400228E
:1084E400B44700B4007010B0066310B00A6310B053
:1084F4000E6310B01B6310B0176110B0076110B0A9
:108504002A6110B0556110B0756010B0396010B0B8
:108514001E6210B01B6010B03C6210B0C26210B09A
:10852400416310B0286310B0FE6110C0909123B075
:1085340022B00BC070A378A30F721772077208726F
:108544002081001EE643C081001EE94309730A73BB
:108554000070007000000000000000000000000037
:108564000000000000000000000000000000000007
:10857400000000000C6000805C045D045E045F0485
:108584009C049D049E049F0407070710A0C8F4667A
:10859400FC626995D184011E104499856994007028
:1085A400698DFCC0CE640F6416600D221F40242A1E
:1085B400206024262D222544342A1D2A27603426AF
:1085C4001D265080A02234442B223444A08C002247
:1085D400314044263560102234443560442A4B2609
:1085E400442239444B2A3CC0CE641CC0CE6470A3E0
:1085F400F0B098B097B0908D302216448531540075
:1086040049100F645960F186310650403012101839
:1086140081874E68FA62F5641E1A89879FB0FCC090
:10862400CE640F646A601E1E51406A482E1A6A485E
:108634005F80CF2267409FB0FCC0CE649CB0DF2235
:108644000447C9870F645960F564478558857910D4
:108654000F64873979100F6489100F644960F564D9
:10866400A078A0949CB020C0988938228440CCC0C3
:10867400CE64C4649CB079977D688960CCC0CE64B4
:10868400C4649CB084682789E08000228E401789E6
:10869400618917185165821226CC0D8ACB229B441E
:1086A400CB264A86EA9C5186F19C0189211EA34867
:1086B400E08031120022A3442112A0890100208508
:1086C400001EAC443085001EAC44BB602126A19939
:1086D400B0C8F4665712E6CB0822B54092120B22BA
:1086E400B9440B26FA621B26FA62A1990B2ABB2213
:1086F400C3444186819C5186919CFA62B1841122C3
:10870400C44079846995D184011EC9449985007057
:108714007180C124719000715F800F22EB44AB2201
:10872400E3442F22E34092B0DA9C6A8A1A1A4A1E62
:10873400E04C7A8A6A9ADA8CD160C1287190CF2091
:10874400FC420112C124919000702B26C280121E9B
:108754000043221E024790B0A122FE46D16071C0A0
:10876400A278FA60F1C0B278919481947195A29440
:108774000070E1892195F1893195C1890195517282
:10878400007097C15165FF6421C000894031010028
:1087940097B0919198B093B01191F86451C0C1927F
:1087A400FA62F0C7C09C31C0008940310100908159
:1087B400011C224197B0919198B09BB01191C19244
:1087C400F8642572FF64FA620D8A91869122374516
:1087D4004D223B41D0101039D00810223B4514C122
:1087E4003861141205120E124D26FA6224224041F9
:1087F4002D2600702D2A0070A08950224B4530266A
:10880400A099F6CB18224B419212FA620D2A342217
:1088140050410D260070979370B391B000705712B9
:108824005B260B227F453C6540103039D00800227E
:108834004241051E664506CC2822664192124C65CB
:108844003D227C4540101039D008B1891022804166
:108854007106B199A1CB83654CB04D227C4591CB77
:108864008365B1CB5D227B418365671244227F45DA
:108874005B2AFA628116B199FA62106D1016106EB5
:108884000070C0C8F466D472F012126DF226126E33
:1088940041168B69F0CF0070549DCCC0CE64C46483
:1088A4009CB0B997399BEF650070CE64C4649CB0EA
:1088B400B997499BEF650070CE64C4649CB0B997C6
:1088C4006E1A599BEF657CA00070D0C8F466118DB8
:1088D40016780122B24106266422B54116262A786A
:1088E400F012A26D1204261CC8414A16B769D0734F
:1088F4006B26F922C645E922C6416422C6418B266D
:1089040006C00070FAC00A180A9D06C00070E0C8CC
:10891400F466318D16780122D44106266422D741AB
:1089240016266A78F012A26D1204261CEA414A1631
:10893400D969D2736B26F922E845E922E841642219
:10894400E8418B2606C00070FAC00A182A9D06C0AA
:108954000070F0C0266D961CF7454A164216F06961
:10896400FD61A66DF62AA66E4A164216F0690070DD
:1089740001666E1AFA622012626D16169CB0CCC0A3
:10898400CE64C4649CB0B997291C0D427B24026A4E
:1089940078304808782013427B247B201D42F9223A
:1089A4001D46E9221D4274201D4227167B240070B7
:1089B4003012031E2546542225421E16101A430463
:1089C400E210321632315292E11011160114D2899A
:1089D4002114B1977097101A7097326A749775972B
:1089E4002E1A43B09CB0D081C09CFA62151E3D4B38
:1089F400BC66F1C3971017049110613916108631C3
:108A0400308A111E52424D4A211E57423D63DB22D9
:108A1400514630223D435C6240223D43AB225C46DA
:108A2400596250223D4320225C42EB26071EAE428F
:108A34007E1C3D5FBC669600171A469AF8640622AF
:108A44008042671A579A3D5FDB226E4610A0EB60A6
:108A5400AB227846908A40227846C88A671266CB51
:108A640001667D62588D7839671236CB01666E1ABD
:108A7400468A578A16228C42671A579A3D5FA88AFB
:108A84007712D6CA01666E1A468A578A26229042FF
:108A9400171A3D5F36229442271A3D5F46229942B7
:108AA400371A3D5F4B265622A942271B3D5F918A08
:108AB4005122A9426B22A4467B22A942F0C8F46643
:108AC400A5B96B2A7B2A6622B042171A3D5FB062B1
:108AD40000C9F466A0860022B6420E1EB642BC66E9
:108AE40010D93794F466469A10A04562CCC0CE647F
:108AF400C46479971E1A00705B2607120B22F14694
:108B0400AB22EB468089531EDE42831EE642B1103F
:108B14006139F10670890122D4420100B0021004C7
:108B2400F142501EF242A01EF242F01EF242426195
:108B34007B2242456B22F1420022F2426B2AF2620E
:108B44001022ED429B2A7B2AED62DB22C8427B2263
:108B540042456B224245FA62A4B9FA622094108419
:108B64000022F54600B4007010A0EF6310A07763F4
:108B740010A0536310A0806310A0846310A06F63DF
:108B840021788765009DFA6261788765209DFA6285
:108B940040BD2A78327892652A7842789B652A7893
:108BA4005278A265AB6540ADFA6241BD6A787278CD
:108BB40092656A7882789B656A789278A265CD65B9
:108BC40041ADFA62821E304790862022314316CC92
:108BD40092125B2AFA620D2A342235430D2641CCC7
:108BE40004223C4314223C4383657D26FA6220C957
:108BF400F46610A0016100706F03000011600000B2
:108C0400000E700EF00EF00FF10FF30FF70FFF0FC1
:108C1400FF0DFF0BFF09FF07FF05FF03FF0115729F
:108C24004C6652B160B000711572218180B060A0B1
:108C34001210F1064239F0EFF19702986766311687
:108C440000111014006C2D602D602E60376042609E
:108C540048602D602D6059624C64001E36444F6498
:108C640052645962556459626362221E3F4C5564D2
:108C740064645864596257655962556457653B602A
:108C84005B645E6440800022484459624A645562D1
:108C94006164007010B02660007010B0296000702C
:108CA40010B02C60007010B02F60007010B03260F3
:108CB400007010B03560007010B03860007010B0F3
:108CC4003B600070167283B1F0C77098386564A079
:108CD400908100227144408000222845696064B07C
:108CE40084B0298260B03181412200456282F2065B
:108CF4002F101F312F14668210C020140D6F6A824A
:108D04008A39FA067082803180390BC00B181B92A5
:108D1400BC10AC18938839149B146082F0060110BF
:108D240010311014218210140C1480824039F00682
:108D3400021011C0013010C0011802188231210044
:108D4400C1265192E0CF676680828039F006021016
:108D540011C0013010C00118021882312100C1264F
:108D6400419287824739873903B002B023B022B0D9
:108D740062A063A04180012228453122BC40608862
:108D840040975587951875988598E1B15587B51C16
:108D9400E54C00B28EB06EB00071012228454180CE
:108DA400E122D84490811022FE446460558700A2D9
:108DB4006EA06488449754874518751CE54C9081CF
:108DC4001022CB40FE604D9880810022F544C622DB
:108DD400F540618281395139813160818031803936
:108DE4000100619180B19F982982F9149081002239
:108DF40064401022FE443C61D0CF676600A26EA09E
:108E040063A083B08082F006021011C0013010C04C
:108E14000118021882312100C126519223B003B0F7
:108E240083B063B084B064B00071418001222845EE
:108E340083B084B09081102264403022164561884A
:108E44004197518791187198E1B1166183A180A16E
:108E540000A203A063A0F0C77098007080A13865D9
:108E640029829588591400D43669CB6062824239CC
:108E7400F206436290824180012228456488449727
:108E840055879518759891811122FE443D6941805A
:108E940001222845648844975587C51C3049951894
:108EA4007598908110224941FE6018721672628290
:108EB4004239F206436683B164A09081002266457C
:108EC4004080002238465E6183A140A07D8260829A
:108ED400F1C0100409106A824A391A046082803988
:108EE40010040E10AB10BC10C2104366C0CF6766EE
:108EF40023B003B0FD6563B060B064B084B023B048
:108F0400DD65E665007141800122384690811022BA
:108F1400924584B03122844183B00366B66584618E
:108F240084B07F888F318F3DB0DFFF976766007113
:108F340041800122384684B090811022AB4183B035
:108F44006182C122A64503666182D1229945B66534
:108F54009961718882888131813D8231823DA0EF9F
:108F6400F197029867665761608840975387D318D2
:108F7400C34DF30B1316E31CDC49439763873B147F
:108F8400C861E31CDC49439763873B18AB1CD84D8D
:108F94009B1CDA49BC1CDC41B2106082D022D54152
:108FA40090811022DC454366DD65DC61AB10CC6149
:108FB4009B10CC6100708082F1C0100483B00071FA
:108FC400E069BC1080B10070628842975287918832
:108FD40012182182121891828131813D121CF449A8
:108FE40082B1E2B1F1C72114F84D12C87298829887
:108FF400E1B181B10070081206C0F0C77098809882
:10900400007091886088409750871018218210184A
:109014000614818192828231823D201C174A82B1DA
:1090240021221B46E2B190CF676621221B4282A116
:10903400E2B181824139F0C00104011E29421816AF
:1090440010C01030081C37466010103C0610F1C7E1
:1090540061142D4E16C8769881888131813D161C85
:10906400344A8698E1B106C00812007083A1918841
:1090740072888231823D80EFF1970298676603A07F
:10908400007010C02014036F439820101231021492
:1090940092980070087309730672077218721C7232
:1090A400F0C7709800704C6650B1E0B161624C66D4
:1090B40050B1E0B12081501E144480B04A6453B1D1
:1090C40014604C6651B1E0B11460E097D08700227F
:1090D4006C46C0B7007000000000000000000000F3
:1090E400000000000000000000000000000000007C
:1090F400000000000000000000000000000000006C
:10910400000000000000000000000000000000005B
:10911400000000000000000000000000000000004B
:10912400000000000000000000000000000000003B
:10913400000000000000000000000000000000002B
:10914400000000000000000000000000000000001B
:10915400000000000000000000000000000000000B
:1091640000000000000000000000000000000000FB
:1091740000000000000000000000000000000000EB
:1091840000000000000000000000000000000000DB
:1091940000000000000000000000000000000000CB
:1091A40000000000000000000000000000000000BB
:1091B40000000000000000000000000000000000AB
:1091C400000000000000000000000000000000009B
:1091D400000000000000000000000000000000008B
:1091E400000000000000000000000000000000007B
:1091F400000000000000000000000000000000006B
:10920400000000000000000000000000000000005A
:10921400000000000000000000000000000000004A
:10922400000000000000000000000000000000003A
:10923400000000000000000000000000000000002A
:10924400000000000000000000000000000000001A
:10925400000000000000000000000000000000000A
:1092640000000000000000000000000000000000FA
:1092740000000000000000000000000000000000EA
:1092840000000000000000000000000000000000DA
:1092940000000000000000000000000000000000CA
:1092A40000000000000000000000000000000000BA
:1092B40000000000000000000000000000000000AA
:1092C400000000000000000000000000000000009A
:1092D400000000000000000000000000000000008A
:1092E400000000000000000000000000000000007A
:1092F400000000000000000000000000000000006A
:109304000000000000000000000000000000000059
:109314000000000000000000000000000000000049
:109324000000000000000000000000000000000039
:109334000000000000000000000000000000000029
:109344000000000000000000000000000000000019
:109354000000000000000000000000000000000009
:1093640000000000000000000000000000000000F9
:1093740000000000000000000000000000000000E9
:1093840000000000000000000000000000000000D9
:1093940000000000000000000000000000000000C9
:1093A40000000000000000000000000000000000B9
:1093B40000000000000000000000000000000000A9
:1093C4000000000000000000000000000000000099
:1093D4000000000000000000000000000000000089
:1093E4000000000000000000000000000000000079
:1093F40000000000000000000000000010A0116048
:109404000000000000000000000000000000000058
:109414000000000000000000000000000000000048
:109424000000000000000000000000000000000038
:109434000000000000000000000000000000000028
:109444000000000000000000896410A04E60146554
:1094540010A05160006510A054606F6410A05760A4
:10946400716410A05A60386510A05D60666510A034
:1094740060607F6610A06360E8781895081E454018
:1094840081B682B682A627A3D8B20070C0B211B842
:10949400D0B260B350B370C44E683FB83DB83EB864
:1094A40039B833B832B822A819B318B360C65968AA
:1094B40026B325B327B32D784D22614085B643B337
:1094C400F0C0636843A330C1666823A824B8207839
:1094D40060226D449FB3A06600703E64486024A877
:1094E40023B89FA322B819A318A327A325A326A3AF
:1094F40039A83FA83DA83EA833A832A8C0A211A805
:10950400D0A2D8A260A350A3B166C5660070F1785A
:10951400119581B682B681A6B382F3229340F32AD1
:109524009560A2790E65E082F1C110043000E092EA
:10953400D8B2C0C39C685B7A0012B024909070804B
:10954400B024709090903187B120B144F0B210B83B
:1095540020785022AE44B364C86400C00070FB2677
:10956400AF6060B064B0007140804022C244002209
:10957400B34080B02181111EC140511EB34400701C
:1095840064A084B090810022B34000702181111E38
:10959400FC40511EFC403FB83EB834B835B8318762
:1095A400B120B144F1B2B0C03187B120FD44D668D6
:1095B40020786022DE449FB320785022F24460B0C9
:1095C40064B000713187B120FD4464A084B09081FF
:1095D4001022F2442181111EFC40511EFC40E26025
:1095E4002D784D22F64085B650C03187B120FD4418
:1095F400F7689B660070F1A2FB260070F1A29FA39E
:10960400B166F0C20469F0A210A8D8A23FA83EA88F
:1096140034A835A8C566B279F1DFD08210042000E1
:10962400D0920070FB222E452181111E2941511E2A
:10963400294160B064B000715180B1202F45408051
:1096440040222A4164A084B0918101221B4500700C
:1096540000221B4180B01461FB2AF1A20012B02445
:1096640090907080B0287090E2B10070A086B0969F
:109674008039803181C0413101000126A19600C8A2
:10968400618601046196A0A28086F0224A4100709E
:1096940000C48186010481964079C0932079B093F7
:1096A400F6B3E0B3C0B3D0B3707957698079596920
:1096B40020A821A88FB630B890795F693079B0932B
:1096C40050790026C09300703E814A84AC1009CFC3
:1096D4009E049E08EA004A947A227345B0860026C6
:1096E400A0963CB838B880B6618600C801043078CA
:1096F40001000126619667B087B079B099B060B077
:109704008C725078D09820C08669A0A65E22194237
:1097140000C48031B096A3B6FFC03081802293414B
:109724000070007140807022D94287B01287208770
:1097340040390A1020870F04AD108D1A4D31FD00F9
:109744004D31BD02AD960DC08D31BD9660A647A4C6
:1097540046A460B62510C0C30514AD108D164D3156
:10976400FD004D31BD02F8C788312310407803183D
:10977400E3988F72007140807022D94287B01387BA
:10978400AD96B89660A660B63610C0C3061409C07C
:1097940028106818CE49092638105818D2491926B5
:1097A400C8C3AD104D31FD004D313D0200896094B8
:1097B4008C725078D098007140807022D94287B062
:1097C400AD9614874710871460A645A462B6481066
:1097D4005818ED49192648106818F1490926381017
:1097E4007818F5492926391600119014006C016285
:1097F4000162036207620162D4620A62D46260B6E3
:109804001A623910491419390D62491069160D622A
:109814003910691A0D6240780918E9988F7200109E
:10982400001060B6C0C0156A008960941A6262B6FE
:10983400017A4E222E427078C0988078D0980071B8
:1098440040807022D94287B0F086E0980087F09873
:10985400B088001E2A460189967292788F66A49475
:10986400C5C19766B2789066B494D5C197662087CF
:109874004031A09610C4F0268286020442268296C5
:1098840010C8628602046078020032266296D2789A
:109894009066F42253461431F32251420426749400
:1098A40054624773A2788F66A678F6225A42C42679
:1098B400E5C19766C2789066F5C1976605C2141033
:1098C400976667A04C9400712D783D226C467D22EA
:1098D4006C46F6A379A063A650809022D942A0B228
:1098E40000709361A0A261B6D286F206B21E7646DB
:1098F400007061A60070017A2E6260A6A0A22D7885
:109904003D228E4621B820B8837280A68FA69FA3DD
:10991400F6A3E0A3C0A3D0A30070F22AE198F298C2
:1099240060C0936A238934890070C526A526546EC5
:10993400007006C02D780D22A0420626E079F17948
:10994400A094B1942D781D22A94265B6AA6264B68A
:109954002D22AD4283B60622B04287B6007085A69A
:1099640083A687A6608601C71004001EC4426086D1
:10997400502A4026609630C1BE6AC079D179A0943D
:10998400B19464A6007081B682A6517282B682A692
:1099940087A67CB09CB05180C122CD427CA05CA043
:1099A40081A6007040800022D9460071D462A0A62E
:1099B400A1A6A3A600700000FD0100004C60267261
:1099C4002A727973797204720572D16730C025B036
:1099D4000090C0FF209004B00673077304A00070C9
:1099E4000E7212730F72137310721473AEA3D5A494
:1099F4000070EE15FF01FF0FFF17F5134002000F73
:109A04000F0F0F0F000F0F000F0F0F0F0F007A80B3
:109A14007A807E80300FF00F0000030013001000E6
:109A24002100220032003100430040005000530066
:109A34006200610071007200500051004E004F003E
:109A4400CC00C3003C00330000000100020003000E
:109A5400010000001B7212640164B2B1E0B0007135
:109A6400E0A01B7220B17281201042392231F0062D
:109A74002000301601110114016C6F607A6093604C
:109A8400E9606F607A6093602F616F607A60E16172
:109A94005C626F607A60E1615C6272602212736082
:109AA400121212640164B1811200B29180B050604C
:109AB4009260136F236E111612167B68DB94037A7F
:109AC40093948081001E724430C00093F0C12093AF
:109AD40022C5201891400312236E12168E682CB5ED
:109AE4007260797221B000C20092A0B200C11092DB
:109AF4002EB130B123B121B1EEB000712EB1EEA080
:109B0400778989898181D122A9409789A989F3C05C
:109B1400D66722B002B03172A0818181F122B640B1
:109B24000722B640F1131008309520B523B003B0D6
:109B340030B1F0B0007130B1808180318039109340
:109B4400007130B11393379530C0F467007130B1B0
:109B54003995007130B1F0A020A523B5E3B00071B0
:109B6400E3A023B130C0909760C0B09721B1E1B0B9
:109B7400007121B1E1A07972D16703A002A006733C
:109B84000773797379722672C0C720907260666514
:109B9400BD65C465F6B036B140C0F4670071B080ED
:109BA4006022F74050C0F467ED6060C0F46790B87D
:109BB400B488C58870E074988598F46736B1F6A0C7
:109BC40090A77B7390B7107214730F721373000015
:109BD400000099B061B280A282A21F891F221341A2
:109BE40082B2A0B26F318F3DCF91A7B8D088C09216
:109BF400816701C39167F3222045A067EF95E0A038
:109C0400B3C0B397279126720071AEB387B0D5A4C1
:109C140043C288670022E94472606665D079BE65F4
:109C2400E6A3F0C53469E6B3C465E5B025B10071B7
:109C3400A0805022D24590A77B7390B71072147302
:109C44000F72137383B099B061B280A282A210899B
:109C540010224D4182B2A0B26031803DC091A7B8BC
:109C6400D088C092E5A0816761C29167F3225B4509
:109C7400A06763B2E0A0AEB387B02672D5A4A3C236
:109C8400886700222F45726021B014A215B2D384D4
:109C9400F4C1430413160212041253227941708949
:109CA400F0970288821A9089F0970488841A808930
:109CB400F0970088801A0214A089F0970088801A0F
:109CC4000414A083C02291412010103902144010C2
:109CD40010390414532298451231143198615322D7
:109CE40096451231143198612231243182318239FE
:109CF40084314200F2957089E0948089F0949089CF
:109D04000095A08910955D7270823022AE45E5B051
:109D1400007125B1E5A0A66100C10092B0799097C9
:109D2400E7130A12AA26CA2622B024B025B002B02C
:109D340004B005B00070C07960904090E0797090F4
:109D4400509000707AB021B098B0D5B4E1A0E0A0F2
:109D540035B1F5B000C4CD6960B280C0F46700705D
:109D640090B8B388C48850828039E04130163331CA
:109D7400033C3431043C8395949561B0386121B03F
:109D840000C20092A0B200C110921273137300C0FB
:109D940010927972808177898989D022F3419789D9
:109DA400A989803180391093A0813095ECC22DC4EB
:109DB4007EC008C02EB1EEB000712EB1EEA0D66701
:109DC40024B5F1B002B022B003B023B031B10071B8
:109DD400F1A024A520B523B1E3B030B1F0B07410E4
:109DE400F0C04F104D661439136A9410F0C04F1030
:109DF4004D661439196AA48440C04F104D66143955
:109E04001F6AA48404223146EF814D6630821022F9
:109E14002C42266230C00FC04D662D6A3E626DC46E
:109E24001EC0EF814D66308210223942316230C04B
:109E34000FC04D663A6A3E62F1A030C0909740C0B0
:109E4400B09721B1E1B0007121B1E1A0797203A012
:109E540002A0267272601F063F318F14CF14F26F76
:109E6400281048393206D214236F007130B11E9382
:109E740033950070C07AE093708230226746E5B073
:109E8400007125B1E5A021B05E6205B025B004B033
:109E940024B002B022B0C07940906090ECC22DC4CE
:109EA40008C0A86700120092F07950907090907AE0
:109EB400D09334B1F4B00071F4A081B0D0C0209438
:109EC4005BB07BB05DB07DB0A07C209660B208C072
:109ED4001DC2ECC2718930C0926611398E6AA462C7
:109EE4001F101F063F318F14CF14F26F281048390A
:109EF40032061231D214236F63961216236F7396AF
:109F040030B60070F5C006C118C0C9C00DC2177ABA
:109F14002F7AD07AE09346B106B1007182B046B18F
:109F240006A134B1F4B0007134B151B071B0F0C0D5
:109F3400209454A061B2007134B1007134B12D6722
:109F4400981CC74A50862039D091D81CCB42181689
:109F5400C1467F966796081230B6B81ED642508620
:109F64002039D0911816CE621282F0C0109200717E
:109F740034B1E0817189011C2347E0818189011C8E
:109F8400234702C2129283B099B0A0B21089603103
:109F9400803DC091A7B8D088C092508620220E433D
:109FA40080B20071B07A6767007134B1007134B166
:109FB400238863963388739630B6981C044B508676
:109FC4002039D09118169181011EF6422116811C68
:109FD400F64E74672672216380A20071A07A6767C7
:109FE4002D67981C184B50862039D09118169181F2
:109FF400011E12433116811C124F74672672F4A09D
:10A0040072601292267290C0F467077321B01273C3
:10A01400137314737662007134B1007134B1238800
:10A02400833935103488843184394610007134B151
:10A03400007134B12088803180390414208880393B
:10A04400061430888031803903143088803905142F
:10A05400007134B1007134B12088803903140414C0
:10A064003088803180390514061433393439353950
:10A07400363985315314863164146396749630B638
:10A08400007134B1007134B1007034B17DB008C0D6
:10A09400D093007134B181B00071F9C034B1007152
:10A0A40034B1007063B27F966796081230B6181602
:10A0B400981C804350862039D09178630070A0802A
:10A0C400002253449381031E81430070B397279168
:10A0D4000071A08000225344AEA301640070DB87AA
:10A0E400C087B0182331B884831803181318B397A2
:10A0F40090A721B190B7E0B0E1B00070081EA6436C
:10A10400007114B621B1B89700710070ECC20DC093
:10A1140008C070C07E89EBC3EF101F063F318F1457
:10A12400CF14F26F281048393206021EBB47CACC3E
:10A13400C463121EBF473ACCC463221EC347CAC3BA
:10A14400C4633AC30022C843A610CD63B76F8A31F3
:10A154006A007A6E1B161E39AE6B74B000702085CF
:10A1640021C010042095007060B2E1B0918481395F
:10A174004131101011311014E343B09721B190B75D
:10A18400007161B2797221B19184813171391010F9
:10A1940011311014F243B09790B70071797221B164
:10A1A400E1A00070609850880022F94740B8007020
:10A1B40000070E091C1B1215383F363124232A2DA3
:10A1C40070777E796C6B6265484F464154535A5D93
:10A1D400E0E7EEE9FCFBF2F5D8DFD6D1C4C3CACD83
:10A1E40090979E998C8B8285A8AFA6A1B4B3BABD73
:10A1F400C7C0C9CEDBDCD5D2FFF8F1F6E3E4EDEA63
:10A20400B7B0B9BEABACA5A28F88818693949D9A52
:10A214002720292E3B3C35321F18111603040D0A42
:10A224005750595E4B4C45426F68616673747D7A32
:10A23400898E878095929B9CB1B6BFB8ADAAA3A422
:10A24400F9FEF7F0E5E2EBECC1C6CFC8DDDAD3D412
:10A25400696E676075727B7C51565F584D4A434402
:10A26400191E171005020B0C21262F283D3A3334F2
:10A274004E49404752555C5B7671787F6A6D6463E2
:10A284003E39303722252C2B0601080F1A1D1413D2
:10A29400AEA9A0A7B2B5BCBB9691989F8A8D8483C2
:10A2A400DED9D0D7C2C5CCCBE6E1E8EFFAFDF4F3B2
:10A2B4000097B92EE5725CCB5DCAE473B82F0196A2
:10A2C400BA2D03945FC8E671E7705EC90295BB2C92
:10A2D400E3745ACD0691BF28BE2907905BCCE27582
:10A2E40059CEE077BC2B05920493BD2AE17658CF72
:10A2F40051C6E87FB4230D9A0C9BB522E97E50C762
:10A30400EB7C52C50E99B720B6210F9853C4EA7D51
:10A31400B2250B9C57C0EE79EF7856C10A9DB32441
:10A32400089FB126ED7A54C355C2EC7BB027099E31
:10A33400A2351B8C47D0FE69FF6846D11A8DA33421
:10A34400188FA136FD6A44D345D2FC6BA037198E11
:10A3540041D6F86FA4331D8A1C8BA532F96E40D701
:10A36400FB6C42D51E89A730A6311F8843D4FA6DF1
:10A37400F3644ADD1681AF38AE3917804BDCF265E1
:10A3840049DEF067AC3B15821483AD3AF16648DFD1
:10A394001087A93EF5624CDB4DDAF463A83F1186C1
:10A3A400AA3D13844FD8F661F7604ED91285AB3CB1
:10A3B4000C0802170D01010209090101060209181E
:10A3C4001803010109090303050302012300000026
:10A3D400000000040505000000002B0000151A1AF7
:10A3E4001C021D16130501490D150500000000008F
:10A3F4000000000000000000000000000000000059
:10A404000000000000000000000000000000000048
:10A414000000000000000000000000000000000038
:10A424000000000000000000000000000000000028
:10A434000000000000000000000000000000000018
:10A444000000000000000000000000000000000008
:10A4540000000000000000000000000000000000F8
:10A4640000000000000000000000000000000000E8
:10A4740000000000000000000000000000000000D8
:10A4840000000000000000000000000000000000C8
:10A4940000000000000000000000000000000000B8
:10A4A400000000000000000000000000000000FFA9
:10A4B4003D00000002A004000000000004AD020002
:10A4C4003003004E0120501400000022005B0600FF
:10A4D4000410B4102100C400860080004400000071
:10A4E40000206814040002000110DC1002020B0BAF
:10A4F400093000000300C0201F00C8200100E42030
:10A504000000F0200000FC200000803000008830B3
:10A514000000A83020182031070C303100206C24B2
:10A524000C0000000110B430060000000500C43027
:10A534000C10E430000200000800000000000000DD
:10A54400000006070000050603060840007F00001F
:10A55400021038317FDF7F040418000001502A20E4
:10A56400B400B400017000009701322002003620CC
:10A5740005600468120000030000100000049B56EC
:10A584000A012D0134002C13AB076F91056020687C
:10A594000000000008000848000000001400470004
:10A5A4002E00050000FE00002D00000003A00000A6
:10A5B40058B3020000000000000000003003004E09
:10A5C4000330000000008030000088302018203163
:10A5D400070C30310210A03046A2401F00000000DA
:10A5E4000210B0300A000600000000000500C4306C
:10A5F4000C10E4300002000008000000000000001D
:10A60400000006070000050603060840007F00005E
:10A61400021038317FDF7F040418000005600468ED
:10A62400120000030000100000049B560A012D01D3
:10A6340034002C13AB076F91056020680000000004
:10A644000800084800000000140047002E00050020
:10A6540000FE000003504268500022004500000044
:10A6640000000000010000000200000004000000DF
:10A67400080000001000000020000000400000005E
:10A68400800000000001000000020000000400003F
:10A69400000800000010000000200000004000003E
:10A6A400008000000000010000000200000004001F
:10A6B400000000000000000000000800000010007E
:10A6C40000002000000040000000000000008000A6
:10A6D4000000000000000001000000020000000073
:10A6E400000000040000000800000010000000202A
:10A6F40000000040000000802F636F6E616E2D64C7
:10A704006174612F72636C2F392E31342E30302EE8
:10A7140030312F6C6962726172792D6C7072662FA0
:10A72400656E672F7061636B6167652F35313064C7
:10A73400376464326462653565363735626164391D
:10A744006262623538636336363337386538346667
:10A75400646635332F736F757263652F74692F6464
:10A764007269766572732F72636C2F52434C5F5318
:10A7740063686564756C65722E63002F636F6E6128
:10A784006E2D646174612F72636C2F392E31342EF7
:10A7940030302E30312F6C6962726172792D6C7099
:10A7A40072662F656E672F7061636B6167652F3505
:10A7B40031306437646432646265356536373562D6
:10A7C40061643962626235386363363633373865BB
:10A7D400383466646635332F736F757263652F740E
:10A7E400692F647269766572732F72636C2F52439A
:10A7F4004C5F4275666665722E63002F636F6E61EF
:10A804006E2D646174612F72636C2F392E31342E76
:10A8140030302E30312F6C6962726172792D6C7018
:10A8240072662F656E672F7061636B6167652F3584
:10A834003130643764643264626535653637356255
:10A84400616439626262353863633636333738653A
:10A85400383466646635332F736F757263652F748D
:10A86400692F647269766572732F72636C2F524319
:10A874004C2E6300000102030400010203040001E2
:10A8840002030400010203040001020304000102A4
:10A894000304000102030400010203040001020393
:10A8A4000400010203040001020304000102030482
:10A8B4000101010101020202020203030303030472
:10A8C4000404040400000102030000010203000068
:10A8D400010203000001020300010203040001025B
:10A8E400030400010203040001020304190002002E
:10A8F40001300000970090103C3C98100020742414
:10A90400F91082150110F4208D80F0060810002142
:10A91400240A06000C000000143C78001F007F7F0E
:10A924004C010000011094300713F234002050341D
:10A934001300B00000B0B0300E000FFF0450202010
:10A944000300200102012C01EA07000001504668BF
:10A954001C000100BD1A3CCDA6B8995899B740EB2C
:10A964007B60FF4A503F10D2E3B3C974385FC5A37C
:10A97400D4F6493FE69D350E480103CCDBFDF4AC2B
:10A984001191F4EFB9A5F9E9A7832C5E2CBE97F2D7
:10A99400D203B0208BD28915D08E1C742430ED8F55
:10A9A400C24563765C15525ABF9A32636DEB2A65D1
:10A9B400499C80DCF15B020000000000914702002A
:10A9C4000000000045FA0100000000006B0E0200C8
:10A9D40000000000215C020000000000B3470200F8
:10A9E40000000000095C0200000000006B0E020081
:10A9F40000000000B1290200000000000000000077
:10AA040000000000791F02000000000045670200FA
:10AA1400A17C020000000000F9ED0000000000002D
:10AA2400F53A0200000000001D3B02000000000097
:10AA3400194802000000000019480200000000004C
:10AA440075C001000000000025EC010000000000BA
:10AA5400AD3E020000000000000000000000000005
:10AA6400AD3E020000000000A57C0200436F6E6E44
:10AA7400207374617475733A2045737461626C69F0
:10AA840073686564202D20436F6E6E65637465641E
:10AA940020746F201B5B33336D2573201B5B306D7B
:10AAA400636F6E6E656374696F6E48616E646C6526
:10AAB400203D201B5B33336D25641B5B306D0043ED
:10AAC4006F6E6E207374617475733A205061726195
:10AAD4006D7320757064617465206661696C65646A
:10AAE400202D201B5B33336D30782578201B5B30A1
:10AAF4006D636F6E6E656374696F6E48616E646CCE
:10AB040065203D201B5B33336D2564201B5B306D5A
:10AB140000FF2800010000000200000008000000FF
:10AB24000000000040000000800000000001000060
:10AB34000002000000000000000400000008000003
:10AB440000100000100000000000000000000000E1
:10AB540000000000040000000000000000200000CD
:10AB640020000000436F6E6E207374617475733A35
:10AB7400205465726D696E61746564202D20636F65
:10AB84006E6E656374696F6E48616E646C65203DBA
:10AB9400201B5B33336D2564201B5B306D72656154
:10ABA400736F6E203D201B5B33336D25641B5B305C
:10ABB4006D0052434C5F5363686564756C65725FE6
:10ABC40069734C617465722852434C5F53636865C2
:10ABD40064756C65725F67657443757272656E74D3
:10ABE40054696D6528292C2061637475616C5374F4
:10ABF40061727454696D65290000280010400200D8
:10AC040004300000AAAA98101500B8208780F42008
:10AC14005F003421401FA4300810002124020400E6
:10AC240005000004207BC1000F00277F7F01000086
:10AC340000B0B0300A000FFF015046684500000024
:10AC44001000010000A0000040B302000430000026
:10AC54000F8090100080D420700FF8202C0A24213B
:10AC640057A3A03000207424F90081100170000063
:10AC740001002020FA55446802502420B2018C01BE
:10AC8400C201000072636C5363686564756C65721D
:10AC940053746174652E63757272436D642D3E73D3
:10ACA4007461747573203C2052434C5F436F6D6D27
:10ACB400616E645374617475735F46696E69736819
:10ACC400656400436F6E6E207374617475733A200B
:10ACD400506172616D7320757064617465202D20FC
:10ACE400636F6E6E656374696F6E48616E646C65E4
:10ACF400203D201B5B33336D2564201B5B306D00CE
:10AD04000E000000D8004002E0002003E805A00B7C
:10AD1400F012800DF81C001D0028A0320241C0333F
:10AD24000429E064062BE06B0832A06C0A376073D8
:10AD34000C4BC0740E50207B10B4E07F0000000068
:10AD440000010101010102020202020202020202E6
:10AD540003030303030303030303040504040404B8
:10AD640005040404040504040404050404040000A4
:10AD740000000001010101010D4003000230000048
:10AD840007809010500FF82046A2A03000207424B1
:10AD9400F9058211007000000000202002502420D8
:10ADA4008E01860126020000015042685000F875A9
:10ADB4000100000002000000040000000800000080
:10ADC400100000002000000040000000800000008F
:10ADD4000001000000020000000400000008000060
:10ADE4000010000000200000436F6E6E2073746139
:10ADF4007475733A205068792075706461746520A5
:10AE04002D20636F6E6E48616E646C65203D202555
:10AE14006420504859203D20257300436F6E6E20F6
:10AE24007374617475733A20506879207570646125
:10AE34007465206661696C757265202D20636F6E80
:10AE44006E48616E646C65203D20256400012A19FA
:10AE54000105000308050500D4790020D8790020F5
:10AE64002C7600200000000000000000000000001C
:10AE740000040A00AB000A000900000047415454D2
:10AE8400207374617475733A2041545420666C6F56
:10AE94007720636F6E74726F6C2069732076696FAC
:10AEA4006C6174656400A62A09000000B4A4020061
:10AEB40000AC020010B3020068B602007CAD0200D0
:10AEC40044AC0200F0A802005CB6020050B60200D6
:10AED400A9750200CF790200F1240200C3670200C1
:10AEE400292E0200E95D020015500100D1FE010087
:10AEF400B16A020065C900005D56000099F30100C3
:10AF0400E55A0100216B0100F19C01003536010076
:10AF140055080100B1170000D97000003930020053
:10AF24006C697374496E666F2D3E6D756C746942FD
:10AF340075666665727320213D202828766F6964E2
:10AF44002A2930290001290108000000066D0700A4
:10AF540000000000000000000000000000000000ED
:10AF640000000000000000000000000008000000D5
:10AF740001000000000000000000000000000000CC
:10AF840000000000000000000000000000000000BD
:10AF9400080000000900000000000000000000009C
:10AFA400000000000000000000000000000000009D
:10AFB4000000000008000000D9D3CE7EA2C5E92914
:10AFC400B2617C6D7E4D3D924CD148772CDD1EE004
:10AFD400B486A0B8A119AE2008000000B9DCF55C65
:10AFE4001A631258D69CF7A2DEF9DE1400000000A2
:10AFF4000000000000000000000000000800000045
:10B00400EDFFFFFFFFFFFFFFFFFFFFFFFFFFFFFF5E
:10B01400FFFFFFFFFFFFFFFFFFFFFFFFFFFFFF7FBC
:10B0240008000000FCFFFFFFFFFFFFFFFFFFFFFF23
:10B03400000000000000000000000000010000000B
:10B04400FFFFFFFFFCFFFFFFFFFFFFFFFFFFFFFF0F
:10B0540003000000000000000000000004000000E5
:10B06400FCFFFFFF00000000080000004B60D22737
:10B074003E3CCE3BF6B053CCB0061D65BC869876FC
:10B0840055BDEBB3E7933AAAD835C65ADFBDC429F8
:10B0940062DF9CD890308478CD05F0ACD62E21F7B1
:10B0A400AB20A2E5344887041D0630DC0000000014
:10B0B4000800000096C298D84539A1F4A033EB2DBE
:10B0C400817D0377F240A463E5E6BCF847422CE1B6
:10B0D400F2D1176B08000000F551BF376840B6CBBA
:10B0E400CE5E316B5733CE2B169E0F7C4AEBE78E28
:10B0F4009B7F1AFEE242E34F0300000000000000C1
:10B10400FFFFFFFFFBFFFFFFFEFFFFFFFFFFFFFF50
:10B11400FDFFFFFF04000000000000000800000025
:10B12400512563FCC2CAB9F3849E17A7ADFAE6BCE5
:10B13400FFFFFFFFFFFFFFFF00000000FFFFFFFF17
:10B1440008000000FFFFFFFFFFFFFFFFFFFFFFFFFF
:10B1540000000000000000000000000001000000EA
:10B16400FFFFFFFF72636C53746174652E706F7719
:10B1740065724E6F74696679456E61626C65436F82
:10B18400756E74203E20300047415454207374611E
:10B194007475733A20415454204D5455207570648D
:10B1A40061746520746F20256400000402020401A8
:10B1B4000602040102030403030304010201000064
:10B1C4000404010100040002010000436F6E6E6577
:10B1D4006374696F6E73206E756D6265723A201BBD
:10B1E4005B33336D2564201B5B306D0073746174B5
:10B1F4007573203C2052434C5F436F6D6D616E64E8
:10B204005374617475735F4572726F720003280121
:10B214000000000000000000FFFFFFFF000000002E
:10B22400000000000400000008000000000000000E
:10B234000000000000000000A5B70200A7B702004C
:10B244008CB7020016AB0200FEAB02004074002073
:10B2540010000000102700000000000000000000A3
:10B2640000000000040000000000000001000000D5
:10B2740002000000040000000800000010000000AC
:10B2840020000000400000006D756C746942756612
:10B294006665722D3E68656164496E646578203D1B
:10B2A4003D20300073697A65203E20302026262018
:10B2B40073697A65203C3D20307846464646000155
:10B2C400010201020101020102030304010301015D
:10B2D400010101030302010363757272436C696522
:10B2E4006E7420213D202828766F69642A2930292C
:10B2F400000229FF83F12800010203060A111A271C
:10B30400374B627B94ADC4D8E7F3FBFF05400100E3
:10B3140000A0000028B30200013000000040D42047
:10B32400180A242140420F000000000040420F0090
:10B3340090D003002CB402000001000050F80C006F
:10B344000000000050F80C0020A10700F8B2020031
:10B3540001010000000000000000000000000000E7
:10B3640000000000000000000101000000010001D5
:10B3740000010001000100010000010100010001C1
:10B3840000010001010101010000000000000000B3
:10B39400000000000000000002030405000000009B
:10B3A4000001010000000000000000000000000097
:10B3B4000000000000010001000001010001000183
:10B3C400000100010001000100010001424C45415F
:10B3D40070705574696C5F746872656164517565E9
:10B3E4007565006C697374496E666F20213D202871
:10B3F40028766F69642A2930290068656164496E7A
:10B40400646578203C3D207461696C496E6465789C
:10B41400006E657874496E646578203C3D207461E3
:10B42400696C496E64657800E2FD22000102050A38
:10B43400142237527191B0CBE0EEF8FDFF556E65E2
:10B4440078706563746564205048592056616C7542
:10B454006500002A5EB70200000000000100000041
:10B4640000020000000000000100000000000000D5
:10B474000004000000000000000000006C69737408
:10B4840020213D202828766F69642A293029006309
:10B494006D6420213D202828766F69642A2930298B
:10B4A40000546578617320496E737472756D656EAE
:10B4B4007473002828766F69642A29302920213D75
:10B4C40020636D6400636D6420213D202828766F1D
:10B4D40069642A293029003031323334353637381B
:10B4E40039414243444546003031323334353637EE
:10B4F4003839414243444546000018010200000027
:10B5040000000000FFFFFFFF000000000201000038
:10B5140000000000FFFFFFFF000000000200000029
:10B5240000000000FFFFFFFF000000000200000019
:10B5340000000000FFFFFFFF000000000200000009
:10B5440000000000FFFFFFFF0000000070710020FA
:10B55400685F0020D05F0020FFFFFFFF747D0200C2
:10B56400BC990200FC8B0200ACAE0200000000009B
:10B5740000000000FC8B0200ECB602000200000098
:10B584000000000000000000FFFFFFFFF401FA00CC
:10B59400960064004B0032001E001400FB349B5FD5
:10B5A4008000008000100000000000000000000087
:10B5B400000000000000000000000087BE83605A05
:10B5C400DB0B376038A5F5AA9183886C6820213D90
:10B5D400202828766F69642A293029000C0F0E0F61
:10B5E4000F0F0F0F140F160F0F0F1A4963616C6CB6
:10B5F4005F576F726B657200947800209878002012
:10B604009C780020000000000200020000020200FA
:10B61400809C2B8F80D2999000CCD1930B01000099
:10B62400940000008906000012000000FFFFFFFFE5
:10B634000C040000000000000000000000000000F6
:10B644005122020075640200B16702000200040086
:10B6540000300000010028210240040000300000F6
:10B664000000282102000300007000004C00426822
:10B67400D4AE0200DC690020F4B602000000000031
:10B68400C5F60000000000000000000000000000FB
:10B69400000000002D2401002553020000000000DA
:10B6A4001D0A01009D1E01000000000000000000B2
:10B6B400E125020000000000E1360100551B0100F5
:10B6C40000000000424C455F537461636B00011835
:10B6D400E85D0020B3A402003C65002015AB020025
:10B6E400B0510020A6B7020001000000ACA5020082
:10B6F40000D0070000300000D4680020F7B2020038
:10B70400020000000E7A002002000000FDB40200D6
:10B7140002000000D2B60200020000001E7A0020DF
:10B72400546D7220537663000102040810204031E6
:10B73400204D6270730031203D3D20300032204D99
:10B7440062707300030301020303434F4445440042
:10B75400010100000149444C45004E414D450000A3
:10B76400000202020000000071010000CD0100008F
:10B7740098000000080000002000000040060800B7
:10B7840080060800000400205F0000001000000094
:10B7940009000000042A0028C92A0128052A780083
:05B7A400020000020A92
:10B7AC0000FF020000009AB70200650100701C0047
:10B7BC007000F111B200F3AF557A002001F12000B6
:10B7CC007003B60270D47600F349AF02F381297787
:10B7DC0001F302F55602F422037004F155D502FC74
:10B7EC009202FC5705F424067455D605FCA305FCFF
:10B7FC005808F4260970960B6000D708F4F50AF087
:10B80C0009F148556909FBB409FC590CF4280D7071
:10B81C0055040F70DC0CFCC50CFC2C0FF42DF10F37
:10B82C007438780EFB2D0B7510705A13F14801FC0F
:10B83C00717913F3D213705215F19C00F415F503C2
:10B84C0001F47101F4A98705F418F50418FC3B18F0
:10B85C00F4125615F4506F17FB371AF40817F455F9
:10B86C007B01FC391CF40C19F49003FC55341EF4C8
:10B87C00021BF4A505FC3520F4550421746607FC65
:10B88C003A22F4101FF4AB887521FB3624F4062100
:10B89C00F49DAA01FC3326F40023F4580DFC380A5D
:10B8AC0028F40A25F4480FF02071003F7A347132E5
:10B8BC00093F065810F02771C16336733775B50C04
:10B8CC00377C3C377456B43973D8B574367B2F3902
:10B8DC007451AE3B73CAAA01FC4C3B74983D74D0B6
:10B8EC0003FC31AA3D74AA03F4C805FC523F749CB6
:10B8FC00A24174C907F0167F7E1F7F660E29740162
:10B90C00F90D2E811ED7FE00657870FF6572696D8A
:10B91C00656E7461FF6C48617264776172FF6520BB
:10B92C00526576697369FB6F6E4AE14D6F64656CA5
:10B93C007F204E756D6265722B66F5530330610185
:10B94C005D4669726D2603EE00FF183FF6013F3F1E
:10B95C007E11484F0954F266007F0F0460003302D9
:10B96C00F700046E304E0031000080003104750188
:10B97C000170DA5A322002FC000147A501008F77D2
:10B98C000001100400642148FF0641FFBA0100DDEC
:10B99C00D101005D7DD400706502008134045388B0
:10B9AC003E7FC70159848EF9148EF400FD8FF55437
:10B9BC00628FF4A091F01CF986F5FC738E70E50192
:10B9CC00178310174173A0010603CB02F03A9013B2
:10B9DC00037100340700EDAA0002007F1A3314092A
:10B9EC0074FF6573745F6C705F65FF6D5F636332CA
:10B9FC00333430FF7235020A00051250EF00680034
:10BA0C00FF3E7F8B01030800FB050A774F26040AD3
:10BA1C0000BA00FE03D3E69D350E480103FFCCDBD4
:10BA2C00FDF4AC1191F4FFEFB9A5F9E9A7832CFF54
:10BA3C005E2CBE97F2D203B0FF208BD28915D08E2C
:10BA4C001CFF742430ED8FC24563FF765C15525A8F
:10BA5C00BF9A32FF636DEB2A65499C8095DC767545
:10BA6C00501652E8A9E180AF21401A83EF3B84A71E
:10BA7C00F0196221008FB1A8B069A300B0B5F15CD8
:10BA8C00A970BB50AA33F560AA30D900B0536F66C9
:10BA9C0074FE621F00616E7566616374FF7572657A
:10BAAC0072204E616D85658DDF1C78A9F48832AEED
:10BABC0000AE3194E4BB3048D96BA9308CBF1A442A
:10BACC00B102BF0024B002006C0030202800B0C2CC
:10BADC0071B7C1B40130D801702AE0C4001B990DB4
:10BAEC00F96B6F1030DF019D6C3075A50F003007BE
:10BAFC003650BF71059F48075B00F8717F0CF6FF4D
:10BB0C00CBA008A26F235FE51201001BD1F00BD272
:10BB1C00309FFDAB01000CABB19E315EFA571307A1
:10BB2C00D3B03DAE01000F666075FF013F72D53199
:10BB3C005B7DC933F47B8212301F007543686172E0
:10BB4C00FC1E2082A07374696320315500010C32F5
:10BB5C00010D33021D34032D373500F781BE142837
:10BB6C00B19B83CF063F4DD0010011FCAB5F0AAFF8
:10BB7C007F189F48660020C025F4E4F174E2E2F0DF
:10BB8C00AC00F55278BB3F167564027F00B16702BA
:10BB9C0000512269BF04D9A0D5F020B16121C35254
:10BBAC00C0100AE8F018E93020E970792F0DC36C49
:10BBBC005733C89605BC3EF1C06D1CF0C6BD521E75
:10BBCC005F0000F0D3CB738654B8F049C4E2305C0C
:10BBDC00220349247564459BE1FE5DA874E81D11A0
:10BBEC000EB0ECFF6CC56DB77FA20C020D8EC3E5D9
:10BBFC006BB0CD172ED3CE1BCF0F22F3E12F8213B8
:10BC0C0068512A2A262AFF272A292A242A502AFF61
:10BC1C00252A0A18282A232AFDFF23F21B00720664
:10BC2C00F0FFFFF1FFF2FFF3FFF4FFDDA53D70081D
:10BC3C0002FFE80001029702080200030769CBFF2C
:10BC4C00B001FD000220200A0208100200FF10FFC4
:10BC5C00F0000000917A0100AD680200F16C020066
:10BC6C0002000000100000000200000010000000A4
:10BC7C000200000010000000020000001000000094
:10BC8C0002000000AC650000ACB70200106A002096
:10BC9C006CBC02000004002074BC020010040020E4
:10BCAC007CBC02004004002084BC02005004002034
:08BCBC008CBC020060040020B2
:020000020000FC
:020000044E02AA
:10000000FFFFFFFF0000000000000000FFFFFFFFF8
:10001000FFFFFFFFFFFFFFFFAAAAAAAA0000000040
:10002000FFFFFFFFFFFFFFFF00000000FFFFFFFFDC
:1000300000000000000000F00000000000000000D0
:1000400000000000000000000000000000000000B0
:1000500000000000000000000000000000000000A0
:100060000000000000000000000000000000000090
:100070000000000000000000000000000000000080
:100080000000000000000000000000000000000070
:100090000000000000000000000000000000000060
:1000A0000000000000000000000000000000000050
:1000B0000000000000000000000000000000000040
:1000C0000000000000000000000000000000000030
:1000D0000000000000000000000000000000000020
:1000E0000000000000000000000000000000000010
:1000F0000000000000000000000000000000000000
:1001000000000000000000000000000000000000EF
:1001100000000000000000000000000000000000DF
:1001200000000000000000000000000000000000CF
:1001300000000000000000000000000000000000BF
:1001400000000000000000000000000000000000AF
:10015000000000000000000000000000000000009F
:10016000000000000000000000000000000000008F
:10017000000000000000000000000000000000007F
:10018000000000000000000000000000000000006F
:10019000000000000000000000000000000000005F
:1001A000000000000000000000000000000000004F
:1001B000000000000000000000000000000000003F
:1001C000000000000000000000000000000000002F
:1001D000000000000000000000000000000000001F
:1001E000000000000000000000000000000000000F
:1001F00000000000000000000000000000000000FF
:1002000000000000000000000000000000000000EE
:1002100000000000000000000000000000000000DE
:1002200000000000000000000000000000000000CE
:1002300000000000000000000000000000000000BE
:1002400000000000000000000000000000000000AE
:10025000000000000000000000000000000000009E
:10026000000000000000000000000000000000008E
:10027000000000000000000000000000000000007E
:10028000000000000000000000000000000000006E
:10029000000000000000000000000000000000005E
:1002A000000000000000000000000000000000004E
:1002B000000000000000000000000000000000003E
:1002C000000000000000000000000000000000002E
:1002D000000000000000000000000000000000001E
:1002E000000000000000000000000000000000000E
:1002F00000000000000000000000000000000000FE
:1003000000000000000000000000000000000000ED
:1003100000000000000000000000000000000000DD
:1003200000000000000000000000000000000000CD
:1003300000000000000000000000000000000000BD
:1003400000000000000000000000000000000000AD
:10035000000000000000000000000000000000009D
:10036000000000000000000000000000000000008D
:10037000000000000000000000000000000000007D
:10038000000000000000000000000000000000006D
:10039000000000000000000000000000000000005D
:1003A000000000000000000000000000000000004D
:1003B000000000000000000000000000000000003D
:1003C000000000000000000000000000000000002D
:1003D000000000000000000000000000000000001D
:1003E000000000000000000000000000000000000D
:1003F00000000000000000000000000000000000FD
:1004000000000000000000000000000000000000EC
:1004100000000000000000000000000000000000DC
:1004200000000000000000000000000000000000CC
:1004300000000000000000000000000000000000BC
:1004400000000000000000000000000000000000AC
:10045000000000000000000000000000000000009C
:10046000000000000000000000000000000000008C
:10047000000000000000000000000000000000007C
:10048000000000000000000000000000000000006C
:10049000000000000000000000000000000000005C
:1004A000000000000000000000000000000000004C
:1004B000000000000000000000000000000000003C
:1004C000000000000000000000000000000000002C
:1004D000000000000000000000000000000000001C
:1004E000000000000000000000000000000000000C
:1004F00000000000000000000000000000000000FC
:1005000000000000000000000000000000000000EB
:1005100000000000000000000000000000000000DB
:1005200000000000000000000000000000000000CB
:1005300000000000000000000000000000000000BB
:1005400000000000000000000000000000000000AB
:10055000000000000000000000000000000000009B
:10056000000000000000000000000000000000008B
:10057000000000000000000000000000000000007B
:10058000000000000000000000000000000000006B
:10059000000000000000000000000000000000005B
:1005A000000000000000000000000000000000004B
:1005B000000000000000000000000000000000003B
:1005C000000000000000000000000000000000002B
:1005D000000000000000000000000000000000001B
:1005E000000000000000000000000000000000000B
:1005F00000000000000000000000000000000000FB
:1006000000000000000000000000000000000000EA
:1006100000000000000000000000000000000000DA
:1006200000000000000000000000000000000000CA
:1006300000000000000000000000000000000000BA
:1006400000000000000000000000000000000000AA
:10065000000000000000000000000000000000009A
:10066000000000000000000000000000000000008A
:10067000000000000000000000000000000000007A
:10068000000000000000000000000000000000006A
:10069000000000000000000000000000000000005A
:1006A000000000000000000000000000000000004A
:1006B000000000000000000000000000000000003A
:1006C000000000000000000000000000000000002A
:1006D000000000000000000000000000000000001A
:1006E000000000000000000000000000000000000A
:1006F00000000000000000000000000000000000FA
:1007000000000000000000000000000000000000E9
:1007100000000000000000000000000000000000D9
:1007200000000000000000000000000000000000C9
:1007300000000000000000000000000000000000B9
:10074000000000000000000000000000B7DF14B748
:100750000000000000000000000000000000000099
:100760000000000000000000000000000000000089
:100770000000000000000000000000000000000079
:100780000000000000000000000000000000000069
:100790000000000000000000000000000000000059
:1007A0000000000000000000000000000000000049
:1007B0000000000000000000000000000000000039
:1007C0000000000000000000000000000000000029
:1007D0005AA500000101020305080D156DD7E43686
:1007E000EBF431DF95AE15EE03BA8EE4C4C63FD804
:1007F000453F675E74D7C2012C9058E5A2947252AF
:0400000320006CB1BC
:00000001FF
